Order Number,Email,Financial Status,Created at,Fulfilled at,Line Total,Lineitem quantity,Lineitem name,Billing Name,Billing Phone,Shipping Method,Shipping,Taxes,Discount Amount,Accepts Marketing,Notes
#3748,customer0072@example.com,paid,31 Dec 2025,2026-01-01,"56,03",2,Sample item 07,Customer 0072,555-0172,Standard,5.00,0.00,0.00,no,Synthetic demo order
#3747,customer0401@example.com,paid,"Dec 31, 2025",2026-01-04,$29.76,3,Sample item 03,Customer 0401,555-0101,Standard,5.00,0.00,0.00,no,Synthetic demo order
#3746,customer0447@example.com,paid,2025-12-30 15:36:54 +0000,2026-01-01,$27.70,2,Sample item 01,Customer 0447,555-0147,Pickup,5.00,0.00,0.00,yes,Synthetic demo order
#3745,customer1108@example.com,paid,12/30/2025 12:17,2026-01-04,$130.45,1,Sample item 01,Customer 1108,555-0108,Pickup,5.00,0.00,0.00,yes,Synthetic demo order
#3744,customer0409@example.com,paid,2025-12-30 11:22:27 +0000,2026-01-03,USD 41.56,1,Sample item 03,Customer 0409,555-0109,Standard,5.00,0.00,0.00,yes,Synthetic demo order
#3743,customer0514@example.com,PAID,2025-12-30T08:13:10Z,2026-01-02,25.24,2,Sample item 11,Customer 0514,555-0114,Pickup,5.00,0.00,0.00,yes,Synthetic demo order
#3742,customer0667@example.com,Paid,2025-12-30 04:20:28 UTC,2026-01-03,19.37,3,Sample item 08,Customer 0667,555-0167,Express,5.00,0.00,0.00,yes,Synthetic demo order
#3741,customer0013@example.com,paid,"Dec 30, 2025",2026-01-04,USD 0.00,1,Sample item 02,Customer 0013,555-0113,Pickup,5.00,0.00,0.00,yes,Synthetic demo order
#3740,customer0661@example.com,paid,"Dec 30, 2025",2025-12-31,$25.58,1,Sample item 02,Customer 0661,555-0161,Pickup,5.00,0.00,0.00,yes,Synthetic demo order
#3739,customer1130@example.com,paid,"Dec 30, 2025",2025-12-31,USD 34.44,3,Sample item 08,Customer 1130,555-0130,Pickup,0.00,0.00,0.00,yes,Synthetic demo order
#3739,customer1130@example.com,paid,"Dec 30, 2025",2025-12-31,40.44,3,Sample item 09,Customer 1130,555-0130,Pickup,5.00,0.00,0.00,yes,Synthetic demo order
#3738,customer0190@example.com,paid,30 Dec 2025,2026-01-04,39.00,3,Sample item 09,Customer 0190,555-0190,Express,5.00,0.00,0.00,no,Synthetic demo order
#3737,customer0672@example.com,paid,2025-12-29T14:05:22Z,2026-01-02,$77.41,3,Sample item 01,Customer 0672,555-0172,Pickup,5.00,0.00,0.00,no,Synthetic demo order
#3736,customer0404@example.com,Refunded,2025-12-29T09:24:52Z,2026-01-02,55.86,3,Sample item 07,Customer 0404,555-0104,Pickup,5.00,0.00,0.00,yes,Synthetic demo order
#3735,customer1259@example.com,Paid,2025-12-29 00:36:17 +0000,2026-01-02,"32,57",1,Sample item 07,Customer 1259,555-0159,Pickup,5.00,0.00,0.00,yes,Synthetic demo order
#3734,customer1477@example.com,paid,2025-12-28 08:50:24 +0000,2025-12-30,$34.10,2,Sample item 05,Customer 1477,555-0177,Standard,5.00,0.00,0.00,yes,Synthetic demo order
#3733,customer0710@example.com,paid,"Dec 28, 2025",2026-01-01,72.58,1,Sample item 04,Customer 0710,555-0110,Standard,5.00,0.00,0.00,no,Synthetic demo order
#3732,customer1409@example.com,PAID,2025-12-28 05:29:25 +0000,2025-12-30,$63.83,2,Sample item 01,Customer 1409,555-0109,Express,5.00,0.00,0.00,no,Synthetic demo order
#3731,customer0527@example.com,paid,2025-12-28T02:09:36Z,2025-12-29,0.89,2,Sample item 10,Customer 0527,555-0127,Standard,0.00,0.00,0.00,no,Synthetic demo order
#3731,customer0527@example.com,paid,2025-12-28T02:09:36Z,2025-12-29,38.57,1,Sample item 04,Customer 0527,555-0127,Pickup,5.00,0.00,0.00,yes,Synthetic demo order
#3730,customer0998@example.com,paid,12/27/2025 17:33,2025-12-31,30.59,3,Sample item 01,Customer 0998,555-0198,Standard,5.00,0.00,0.00,no,Synthetic demo order
#3729,customer0812@example.com,paid,2025-12-27T16:11:48Z,2026-01-01,$53.88,2,Sample item 08,Customer 0812,555-0112,Express,5.00,0.00,0.00,no,Synthetic demo order
#3728,customer1383@example.com,paid,2025-12-27 13:31:57 UTC,2025-12-28,42.41,3,Sample item 08,Customer 1383,555-0183,Express,5.00,0.00,0.00,yes,Synthetic demo order
#3727,customer1143@example.com,paid,2025-12-27 07:27:23 +0000,2025-12-28,$21.82,1,Sample item 05,Customer 1143,555-0143,Standard,5.00,0.00,0.00,yes,Synthetic demo order
#3726,customer0809@example.com,paid,2025-12-26 14:33:27 UTC,2025-12-27,43.37,3,Sample item 08,Customer 0809,555-0109,Express,5.00,0.00,0.00,yes,Synthetic demo order
#3725,customer1022@example.com,paid,2025-12-26 13:00:58 UTC,2025-12-27,47.30,1,Sample item 06,Customer 1022,555-0122,Pickup,5.00,0.00,0.00,yes,Synthetic demo order
#3724,customer1129@example.com,paid,2025-12-26 10:10:03 UTC,2025-12-29,"46,32",3,Sample item 06,Customer 1129,555-0129,Express,5.00,0.00,0.00,no,Synthetic demo order
#3723,customer1117@example.com,paid,2025-12-26T07:52:43Z,2025-12-29,29.91,2,Sample item 02,Customer 1117,555-0117,Pickup,5.00,0.00,0.00,yes,Synthetic demo order
#3722,customer0177@example.com,paid,2025-12-26 07:06:40 +0000,2025-12-30,14.35,1,Sample item 09,Customer 0177,555-0177,Express,0.00,0.00,0.00,no,Synthetic demo order
#3722,customer0177@example.com,paid,2025-12-26 07:06:40 +0000,2025-12-30,14.55,2,Sample item 09,Customer 0177,555-0177,Standard,5.00,0.00,0.00,yes,Synthetic demo order
#3721,customer0543@example.com,partially_refunded,2025-12-25 18:35:09 -0500,2025-12-27,61.20,3,Sample item 08,Customer 0543,555-0143,Express,5.00,0.00,0.00,yes,Synthetic demo order
#3720,customer0540@example.com,Paid,2025-12-25 17:38:14 +0000,2025-12-27,26.22,3,Sample item 08,Customer 0540,555-0140,Standard,5.00,0.00,0.00,yes,Synthetic demo order
#3719,customer1240@example.com,paid,2025-12-25 17:01:34 +0000,2025-12-30,23.72,1,Sample item 01,Customer 1240,555-0140,Standard,0.00,0.00,0.00,no,Synthetic demo order
#3719,customer1240@example.com,paid,2025-12-25 17:01:34 +0000,2025-12-30,$8.47,3,Sample item 05,Customer 1240,555-0140,Pickup,5.00,0.00,0.00,yes,Synthetic demo order
#3718,Customer0100@example.com,Paid,2025-12-25 06:18:05 +0200,2025-12-29,$29.52,2,Sample item 11,Customer 0100,555-0100,Express,0.00,0.00,0.00,no,Synthetic demo order
#3718,Customer0100@example.com,Paid,2025-12-25 06:18:05 +0200,2025-12-29,12.94,3,Sample item 07,Customer 0100,555-0100,Pickup,5.00,0.00,0.00,yes,Synthetic demo order
#3717,customer1187@example.com,paid,"Dec 25, 2025",2025-12-26,65.28,3,Sample item 01,Customer 1187,555-0187,Pickup,5.00,0.00,0.00,no,Synthetic demo order
#3716,customer0980@example.com,paid,2025-12-24 10:49:16 +0000,2025-12-27,43.83,1,Sample item 09,Customer 0980,555-0180,Pickup,5.00,0.00,0.00,yes,Synthetic demo order
#3715,customer1192@example.com,paid,2025-12-23 16:18:16 UTC,2025-12-24,"31,05",3,Sample item 04,Customer 1192,555-0192,Express,5.00,0.00,0.00,yes,Synthetic demo order
#3714,customer0622@example.com,Paid,2025-12-23 07:56:08 +0000,2025-12-28,21.02,2,Sample item 02,Customer 0622,555-0122,Express,5.00,0.00,0.00,no,Synthetic demo order
#3713,customer1388@example.com,paid,2025-12-23T06:51:23Z,2025-12-25,34.61,3,Sample item 02,Customer 1388,555-0188,Pickup,5.00,0.00,0.00,no,Synthetic demo order
#3712,customer0385@example.com,paid,2025-12-23 05:55:17 +0000,2025-12-25,37.63,3,Sample item 02,Customer 0385,555-0185,Standard,5.00,0.00,0.00,yes,Synthetic demo order
#3711,Customer0020@example.com,paid,23 Dec 2025,2025-12-24,50.14,1,Sample item 05,Customer 0020,555-0120,Express,5.00,0.00,0.00,no,Synthetic demo order
#3710,Customer0316@example.com,refunded,12/23/2025 00:43,2025-12-25,0.00,1,Sample item 06,Customer 0316,555-0116,Pickup,5.00,0.00,0.00,yes,Synthetic demo order
#3709,customer0784@example.com,paid,2025-12-22 23:37:55 -0800,2025-12-25,15.78,2,Sample item 08,Customer 0784,555-0184,Express,0.00,0.00,0.00,no,Synthetic demo order
#3709,customer0784@example.com,PAID,2025-12-22 23:37:55 -0800,2025-12-25,12.61,3,Sample item 10,Customer 0784,555-0184,Express,5.00,0.00,0.00,no,Synthetic demo order
#3708,customer1176@example.com,paid,2025-12-22 23:13:17 +0000,2025-12-27,41.87,3,Sample item 09,Customer 1176,555-0176,Pickup,5.00,0.00,0.00,yes,Synthetic demo order
#3707,customer0802@example.com,paid,2025-12-22 15:57:22 +0000,2025-12-26,$32.00,3,Sample item 02,Customer 0802,555-0102,Express,5.00,0.00,0.00,yes,Synthetic demo order
#3706,customer0837@example.com,Paid,22 Dec 2025,2025-12-27,55.55,2,Sample item 09,Customer 0837,555-0137,Express,5.00,0.00,0.00,no,Synthetic demo order
#3705,customer0913@example.com,paid,2025-12-22 13:12:27 UTC,2025-12-24,38.31,2,Sample item 10,Customer 0913,555-0113,Standard,5.00,0.00,0.00,no,Synthetic demo order
#3704,customer0564@example.com,paid,2025-12-22 07:02:13 +0000,2025-12-25,27.69,3,Sample item 08,Customer 0564,555-0164,Pickup,5.00,0.00,0.00,no,Synthetic demo order
#3703,customer0955@example.com,Paid,22 Dec 2025,2025-12-26,19.84,1,Sample item 08,Customer 0955,555-0155,Standard,5.00,0.00,0.00,no,Synthetic demo order
#3702,Customer0613@example.com,paid,2025-12-22 01:46:39 UTC,2025-12-25,18.86,3,Sample item 10,Customer 0613,555-0113,Express,5.00,0.00,0.00,no,Synthetic demo order
#3701,customer0914@example.com,paid,2025-12-21 18:56:39 +0000,2025-12-26,29.19,2,Sample item 06,Customer 0914,555-0114,Pickup,5.00,0.00,0.00,no,Synthetic demo order
#3700,customer1486@example.com,paid,2025-12-21 13:02:29 +0000,2025-12-22,28.53,3,Sample item 10,Customer 1486,555-0186,Express,0.00,0.00,0.00,no,Synthetic demo order
#3700,customer1486@example.com,paid,2025-12-21 13:02:29 +0000,2025-12-22,7.10,1,Sample item 05,Customer 1486,555-0186,Standard,5.00,0.00,0.00,yes,Synthetic demo order
#3699,customer1344@example.com,PAID,12/21/2025 08:59,2025-12-22,USD 37.16,3,Sample item 11,Customer 1344,555-0144,Express,0.00,0.00,0.00,no,Synthetic demo order
#3699,customer1344@example.com,paid,12/21/2025 08:59,2025-12-22,$14.57,1,Sample item 08,Customer 1344,555-0144,Standard,5.00,0.00,0.00,yes,Synthetic demo order
#3698,customer0598@example.com,paid,2025-12-21T06:49:44Z,2025-12-22,33.50,2,Sample item 08,Customer 0598,555-0198,Express,5.00,0.00,0.00,no,Synthetic demo order
#3697,customer0872@example.com,paid,2025-12-20T20:45:11Z,2025-12-23,8.97,3,Sample item 05,Customer 0872,555-0172,Express,0.00,0.00,0.00,no,Synthetic demo order
#3697,customer0872@example.com,Paid,2025-12-20T20:45:11Z,2025-12-23,$6.24,2,Sample item 03,Customer 0872,555-0172,Standard,5.00,0.00,0.00,no,Synthetic demo order
#3696,customer0456@example.com,paid,2025-12-20T18:00:35Z,2025-12-24,42.22,3,Sample item 02,Customer 0456,555-0156,Standard,5.00,0.00,0.00,yes,Synthetic demo order
#3695,customer0446@example.com,paid,"Dec 20, 2025",2025-12-23,27.01,3,Sample item 07,Customer 0446,555-0146,Express,5.00,0.00,0.00,no,Synthetic demo order
#3694,customer1114@example.com,refunded,2025-12-20 06:59:10 UTC,2025-12-23,0.83,1,Sample item 05,Customer 1114,555-0114,Standard,0.00,0.00,0.00,no,Synthetic demo order
#3694,customer1114@example.com,refunded,2025-12-20 06:59:10 UTC,2025-12-23,40.60,3,Sample item 05,Customer 1114,555-0114,Express,5.00,0.00,0.00,yes,Synthetic demo order
#3693,customer0296@example.com,paid,12/20/2025 05:04,2025-12-21,42.35,2,Sample item 09,Customer 0296,555-0196,Standard,5.00,0.00,0.00,yes,Synthetic demo order
#3692,customer1267@example.com,Paid,2025-12-19T22:17:04Z,2025-12-22,35.43,1,Sample item 03,Customer 1267,555-0167,Express,5.00,0.00,0.00,no,Synthetic demo order
#3691,customer0624@example.com,paid,2025-12-19 19:58:48 +0000,2025-12-22,"33,31",1,Sample item 07,Customer 0624,555-0124,Pickup,5.00,0.00,0.00,no,Synthetic demo order
#3690,customer1084@example.com,paid,2025-12-19 12:02:25 +0000,2025-12-20,59.44,1,Sample item 04,Customer 1084,555-0184,Standard,5.00,0.00,0.00,yes,Synthetic demo order
#3689,,paid,2025-12-19 09:25:43 +0000,2025-12-23,"28,73",2,Sample item 03,Customer 0061,555-0161,Pickup,0.00,0.00,0.00,yes,Synthetic demo order
#3689,,paid,2025-12-19 09:25:43 +0000,2025-12-23,17.47,1,Sample item 02,Customer 0061,555-0161,Express,5.00,0.00,0.00,no,Synthetic demo order
#3688,customer0629@example.com,pending,2025-12-19 07:56:23 UTC,2025-12-24,40.39,1,Sample item 01,Customer 0629,555-0129,Express,5.00,0.00,0.00,no,Synthetic demo order
#3687,customer1134@example.com,paid,2025-12-18 23:41:16 +0000,2025-12-20,87.91,1,Sample item 05,Customer 1134,555-0134,Pickup,5.00,0.00,0.00,no,Synthetic demo order
#3686,customer0018@example.com,paid,2025-12-18T22:50:15Z,2025-12-23,59.79,2,Sample item 06,Customer 0018,555-0118,Express,5.00,0.00,0.00,yes,Synthetic demo order
#3685,customer1435@example.com,paid,2025-12-18 22:18:40 +0000,2025-12-23,USD 76.04,3,Sample item 02,Customer 1435,555-0135,Standard,5.00,0.00,0.00,no,Synthetic demo order
#3684,customer0324@example.com,Paid,12/18/2025 15:39,2025-12-22,$17.28,3,Sample item 06,Customer 0324,555-0124,Standard,5.00,0.00,0.00,yes,Synthetic demo order
#3683,customer1411@example.com,refunded,2025-12-18 14:06:11 -0500,2025-12-19,19.79,3,Sample item 05,Customer 1411,555-0111,Standard,5.00,0.00,0.00,no,Synthetic demo order
#3682,customer0196@example.com,paid,2025-12-18T13:44:17Z,2025-12-19,USD 28.87,1,Sample item 09,Customer 0196,555-0196,Pickup,5.00,0.00,0.00,yes,Synthetic demo order
#3681,customer0671@example.com,paid,2025-12-18 13:04:26 +0200,2025-12-22,USD 38.44,3,Sample item 03,Customer 0671,555-0171,Standard,5.00,0.00,0.00,yes,Synthetic demo order
#3680,customer0005@example.com,paid,2025-12-18 08:54:06 +0000,2025-12-23,"34,70",1,Sample item 11,Customer 0005,555-0105,Standard,5.00,0.00,0.00,yes,Synthetic demo order
#3679,customer1065@example.com,Voided,12/18/2025 08:16,2025-12-21,$114.50,3,Sample item 02,Customer 1065,555-0165,Standard,5.00,0.00,0.00,yes,Synthetic demo order
#3678,customer1439@example.com,paid,2025-12-18T07:33:11Z,2025-12-21,37.06,2,Sample item 11,Customer 1439,555-0139,Standard,5.00,0.00,0.00,no,Synthetic demo order
#3677,customer1193@example.com,paid,2025-12-18T00:56:07Z,2025-12-19,37.70,3,Sample item 09,Customer 1193,555-0193,Pickup,5.00,0.00,0.00,yes,Synthetic demo order
#3676,customer1374@example.com,Paid,12/17/2025 07:16,2025-12-19,73.06,1,Sample item 02,Customer 1374,555-0174,Express,5.00,0.00,0.00,no,Synthetic demo order
#3675,customer0490@example.com,paid,2025-12-17 04:50:12 +0000,2025-12-19,19.56,2,Sample item 09,Customer 0490,555-0190,Express,5.00,0.00,0.00,no,Synthetic demo order
#3674,customer0734@example.com,paid,12/17/2025 03:29,2025-12-18,39.92,3,Sample item 08,Customer 0734,555-0134,Express,5.00,0.00,0.00,yes,Synthetic demo order
#3673,customer0111@example.com,paid,2025-12-17T00:52:03Z,2025-12-21,"17,55",3,Sample item 08,Customer 0111,555-0111,Pickup,0.00,0.00,0.00,no,Synthetic demo order
#3673,customer0111@example.com,paid,2025-12-17T00:52:03Z,2025-12-21,USD 0.38,1,Sample item 05,Customer 0111,555-0111,Pickup,5.00,0.00,0.00,no,Synthetic demo order
#3672,customer0201@example.com,refunded,16 Dec 2025,2025-12-19,37.52,1,Sample item 10,Customer 0201,555-0101,Express,5.00,0.00,0.00,yes,Synthetic demo order
#3671,customer1419@example.com,refunded,2025-12-16 02:29:58 +0000,2025-12-18,"30,28",3,Sample item 03,Customer 1419,555-0119,Pickup,5.00,0.00,0.00,no,Synthetic demo order
#3670,customer0514@example.com,Paid,"Dec 15, 2025",2025-12-16,21.55,2,Sample item 02,Customer 0514,555-0114,Pickup,0.00,0.00,0.00,no,Synthetic demo order
#3670,customer0514@example.com,paid,"Dec 15, 2025",2025-12-16,17.69,3,Sample item 10,Customer 0514,555-0114,Standard,5.00,0.00,0.00,yes,Synthetic demo order
#3669,Customer1270@example.com,paid,12/15/2025 19:10,2025-12-18,$90.92,2,Sample item 10,Customer 1270,555-0170,Express,5.00,0.00,0.00,no,Synthetic demo order
#3668,customer0612@example.com,paid,2025-12-15T14:37:31Z,2025-12-17,USD 73.22,2,Sample item 10,Customer 0612,555-0112,Standard,5.00,0.00,0.00,no,Synthetic demo order
#3667,Customer0022@example.com,paid,2025-12-15 09:17:02 +0000,2025-12-20,13.59,1,Sample item 02,Customer 0022,555-0122,Standard,5.00,0.00,0.00,yes,Synthetic demo order
#3666,Customer0103@example.com,paid,12/14/2025 10:31,2025-12-18,41.96,2,Sample item 08,Customer 0103,555-0103,Standard,5.00,0.00,0.00,no,Synthetic demo order
#3665,customer1402@example.com,Partially_Refunded,2025-12-14 09:35:46 +0000,2025-12-15,$27.55,1,Sample item 10,Customer 1402,555-0102,Express,5.00,0.00,0.00,no,Synthetic demo order
#3664,customer1102@example.com,paid,13 Dec 2025,2025-12-14,$24.52,2,Sample item 11,Customer 1102,555-0102,Express,0.00,0.00,0.00,yes,Synthetic demo order
#3664,customer1102@example.com,paid,13 Dec 2025,2025-12-14,USD 27.58,2,Sample item 08,Customer 1102,555-0102,Express,5.00,0.00,0.00,no,Synthetic demo order
#3663,customer0232@example.com,refunded,2025-12-13T16:14:17Z,2025-12-14,18.95,1,Sample item 02,Customer 0232,555-0132,Standard,5.00,0.00,0.00,no,Synthetic demo order
#3662,Customer1082@example.com,paid,2025-12-13 16:04:43 +0000,2025-12-14,48.02,1,Sample item 10,Customer 1082,555-0182,Standard,5.00,0.00,0.00,yes,Synthetic demo order
#3661,customer0332@example.com,Paid,12/13/2025 09:41,2025-12-18,4.20,2,Sample item 02,Customer 0332,555-0132,Standard,0.00,0.00,0.00,yes,Synthetic demo order
#3661,customer0332@example.com,paid,12/13/2025 09:41,2025-12-18,45.95,1,Sample item 08,Customer 0332,555-0132,Standard,5.00,0.00,0.00,no,Synthetic demo order
#3660,customer1056@example.com,paid,2025-12-13 06:43:05 +0000,2025-12-16,45.20,1,Sample item 03,Customer 1056,555-0156,Pickup,5.00,0.00,0.00,yes,Synthetic demo order
#3659,customer0031@example.com,paid,13 Dec 2025,2025-12-14,61.09,2,Sample item 08,Customer 0031,555-0131,Standard,5.00,0.00,0.00,no,Synthetic demo order
#3658,customer1033@example.com,PAID,2025-12-13 06:15:20 +0000,2025-12-18,40.03,3,Sample item 03,Customer 1033,555-0133,Express,5.00,0.00,0.00,no,Synthetic demo order
#3657,customer1333@example.com,paid,2025-12-12T21:26:59Z,2025-12-16,28.79,1,Sample item 01,Customer 1333,555-0133,Standard,5.00,0.00,0.00,no,Synthetic demo order
#3656,customer0563@example.com,PAID,2025-12-12 18:38:45 +0000,2025-12-14,118.66,2,Sample item 10,Customer 0563,555-0163,Express,5.00,0.00,0.00,yes,Synthetic demo order
#3655,customer1406@example.com,paid,2025-12-12 06:12:35 +0000,2025-12-13,58.64,2,Sample item 06,Customer 1406,555-0106,Standard,5.00,0.00,0.00,no,Synthetic demo order
#3654,customer0957@example.com,paid,12/12/2025 03:25,2025-12-14,112.54,3,Sample item 10,Customer 0957,555-0157,Standard,5.00,0.00,0.00,yes,Synthetic demo order
#3653,customer0604@example.com,PAID,2025-12-11 22:11:37 UTC,2025-12-14,"16,56",1,Sample item 08,Customer 0604,555-0104,Pickup,0.00,0.00,0.00,yes,Synthetic demo order
#3653,customer0604@example.com,Paid,2025-12-11 22:11:37 UTC,2025-12-14,26.32,2,Sample item 09,Customer 0604,555-0104,Standard,5.00,0.00,0.00,yes,Synthetic demo order
#3652,customer1334@example.com,paid,2025-12-11 22:00:07 UTC,2025-12-12,48.96,2,Sample item 09,Customer 1334,555-0134,Express,0.00,0.00,0.00,no,Synthetic demo order
#3652,customer1334@example.com,paid,2025-12-11 22:00:07 UTC,2025-12-12,48.42,3,Sample item 04,Customer 1334,555-0134,Standard,5.00,0.00,0.00,yes,Synthetic demo order
#3651,customer0503@example.com,paid,2025-12-11 20:10:23 +0000,2025-12-13,"74,49",2,Sample item 08,Customer 0503,555-0103,Pickup,5.00,0.00,0.00,no,Synthetic demo order
#3650,Customer0499@example.com,PAID,2025-12-11T05:36:32Z,2025-12-14,54.29,1,Sample item 01,Customer 0499,555-0199,Standard,5.00,0.00,0.00,yes,Synthetic demo order
#3649,customer0166@example.com,Paid,2025-12-11 03:10:44 +0000,2025-12-12,"37,77",3,Sample item 04,Customer 0166,555-0166,Standard,5.00,0.00,0.00,no,Synthetic demo order
#3648,Customer1222@example.com,paid,2025-12-10 23:40:47 UTC,2025-12-15,"38,81",3,Sample item 07,Customer 1222,555-0122,Pickup,5.00,0.00,0.00,yes,Synthetic demo order
#3647,Customer1394@example.com,Paid,10 Dec 2025,2025-12-11,$77.97,2,Sample item 02,Customer 1394,555-0194,Express,5.00,0.00,0.00,yes,Synthetic demo order
#3646,customer0306@example.com,paid,2025-12-10T21:13:23Z,2025-12-13,$50.12,1,Sample item 02,Customer 0306,555-0106,Standard,5.00,0.00,0.00,no,Synthetic demo order
#3645,customer0845@example.com,paid,2025-12-10 17:08:44 UTC,2025-12-15,33.62,1,Sample item 02,Customer 0845,555-0145,Pickup,5.00,0.00,0.00,yes,Synthetic demo order
#3644,customer0417@example.com,paid,"Dec 10, 2025",2025-12-14,31.94,3,Sample item 11,Customer 0417,555-0117,Standard,5.00,0.00,0.00,no,Synthetic demo order
#3643,Customer1325@example.com,Paid,"Dec 10, 2025",2025-12-13,USD 48.05,1,Sample item 01,Customer 1325,555-0125,Standard,5.00,0.00,0.00,yes,Synthetic demo order
#3642,Customer1070@example.com,paid,2025-12-10T13:39:46Z,2025-12-13,$38.45,1,Sample item 03,Customer 1070,555-0170,Pickup,5.00,0.00,0.00,yes,Synthetic demo order
#3641,Customer1009@example.com,paid,2025-12-10 12:58:30 +0000,2025-12-15,72.85,1,Sample item 11,Customer 1009,555-0109,Express,5.00,0.00,0.00,no,Synthetic demo order
#3640,customer0099@example.com,Paid,2025-12-10 06:32:50 UTC,2025-12-13,$75.56,2,Sample item 06,Customer 0099,555-0199,Standard,5.00,0.00,0.00,yes,Synthetic demo order
#3639,customer0849@example.com,paid,12/10/2025 05:23,2025-12-11,USD 144.68,2,Sample item 04,Customer 0849,555-0149,Express,5.00,0.00,0.00,yes,Synthetic demo order
#3638,customer0723@example.com,paid,09 Dec 2025,2025-12-13,21.01,2,Sample item 05,Customer 0723,555-0123,Pickup,5.00,0.00,0.00,no,Synthetic demo order
#3637,customer0687@example.com,paid,2025-12-09 22:35:08 UTC,2025-12-11,35.09,2,Sample item 10,Customer 0687,555-0187,Standard,5.00,0.00,0.00,no,Synthetic demo order
#3636,customer0904@example.com,paid,2025-12-09 20:57:11 +0000,2025-12-10,12.85,2,Sample item 02,Customer 0904,555-0104,Express,5.00,0.00,0.00,yes,Synthetic demo order
#3635,customer0781@example.com,paid,"Dec 09, 2025",2025-12-11,22.39,2,Sample item 11,Customer 0781,555-0181,Express,0.00,0.00,0.00,no,Synthetic demo order
#3635,customer0781@example.com,Paid,"Dec 09, 2025",2025-12-11,33.22,3,Sample item 08,Customer 0781,555-0181,Standard,5.00,0.00,0.00,no,Synthetic demo order
#3634,customer0707@example.com,paid,2025-12-09 17:29:28 +0000,2025-12-11,18.45,2,Sample item 03,Customer 0707,555-0107,Standard,0.00,0.00,0.00,no,Synthetic demo order
#3634,customer0707@example.com,paid,2025-12-09 17:29:28 +0000,2025-12-11,9.67,2,Sample item 02,Customer 0707,555-0107,Standard,5.00,0.00,0.00,yes,Synthetic demo order
#3633,customer0136@example.com,partially_refunded,2025-12-09T13:56:08Z,2025-12-12,$64.88,3,Sample item 03,Customer 0136,555-0136,Standard,0.00,0.00,0.00,no,Synthetic demo order
#3633,customer0136@example.com,partially_refunded,2025-12-09T13:56:08Z,2025-12-12,13.60,2,Sample item 03,Customer 0136,555-0136,Express,5.00,0.00,0.00,yes,Synthetic demo order
#3632,customer1384@example.com,PAID,12/09/2025 09:11,2025-12-11,69.45,1,Sample item 07,Customer 1384,555-0184,Express,0.00,0.00,0.00,yes,Synthetic demo order
#3632,customer1384@example.com,Paid,12/09/2025 09:11,2025-12-11,0.88,1,Sample item 04,Customer 1384,555-0184,Express,5.00,0.00,0.00,no,Synthetic demo order
#3631,customer0341@example.com,refunded,2025-12-09 07:20:21 +0000,2025-12-10,40.89,1,Sample item 06,Customer 0341,555-0141,Pickup,5.00,0.00,0.00,no,Synthetic demo order
#3630,customer0526@example.com,paid,2025-12-09 03:11:45 +0000,2025-12-11,46.46,3,Sample item 07,Customer 0526,555-0126,Pickup,5.00,0.00,0.00,no,Synthetic demo order
#3629,customer1117@example.com,paid,"Dec 08, 2025",2025-12-10,$54.78,3,Sample item 11,Customer 1117,555-0117,Standard,5.00,0.00,0.00,no,Synthetic demo order
#3628,Customer0891@example.com,REFUNDED,2025-12-07 22:12:59 +0000,2025-12-10,29.98,2,Sample item 08,Customer 0891,555-0191,Standard,5.00,0.00,0.00,no,Synthetic demo order
#3627,customer0223@example.com,Paid,2025-12-07 18:37:08 +0000,2025-12-08,"28,14",3,Sample item 05,Customer 0223,555-0123,Express,5.00,0.00,0.00,no,Synthetic demo order
#3626,customer0255@example.com,paid,"Dec 07, 2025",2025-12-11,$30.57,3,Sample item 11,Customer 0255,555-0155,Pickup,5.00,0.00,0.00,no,Synthetic demo order
#3625,customer0719@example.com,paid,2025-12-07T06:18:32Z,2025-12-11,$41.21,1,Sample item 02,Customer 0719,555-0119,Standard,5.00,0.00,0.00,no,Synthetic demo order
#3624,customer0641@example.com,paid,12/07/2025 01:39,2025-12-12,USD 22.73,3,Sample item 10,Customer 0641,555-0141,Standard,5.00,0.00,0.00,no,Synthetic demo order
#3623,customer0764@example.com,paid,2025-12-06 23:34:03 UTC,2025-12-07,$28.93,2,Sample item 11,Customer 0764,555-0164,Pickup,0.00,0.00,0.00,no,Synthetic demo order
#3623,customer0764@example.com,Paid,2025-12-06 23:34:03 UTC,2025-12-07,7.47,1,Sample item 02,Customer 0764,555-0164,Express,5.00,0.00,0.00,no,Synthetic demo order
#3622,customer1098@example.com,paid,2025-12-06 22:01:30 +0000,2025-12-07,n/a,2,Sample item 09,Customer 1098,555-0198,Pickup,5.00,0.00,0.00,no,Synthetic demo order
#3621,,paid,2025-12-06 18:50:50 -0500,2025-12-07,34.22,3,Sample item 05,Customer 0966,555-0166,Standard,5.00,0.00,0.00,no,Synthetic demo order
#3620,customer0169@example.com,paid,2025-12-06 14:33:04 +0000,2025-12-08,88.58,3,Sample item 07,Customer 0169,555-0169,Standard,5.00,0.00,0.00,yes,Synthetic demo order
#3619,customer0689@example.com,paid,2025-12-06 09:17:33 +0000,2025-12-11,21.56,2,Sample item 09,Customer 0689,555-0189,Express,0.00,0.00,0.00,yes,Synthetic demo order
#3619,customer0689@example.com,Paid,2025-12-06 09:17:33 +0000,2025-12-11,5.62,3,Sample item 07,Customer 0689,555-0189,Pickup,5.00,0.00,0.00,yes,Synthetic demo order
#3618,customer1060@example.com,paid,2025-12-06T03:28:41Z,2025-12-08,$49.62,2,Sample item 10,Customer 1060,555-0160,Pickup,5.00,0.00,0.00,no,Synthetic demo order
#3617,customer0915@example.com,paid,2025-12-06 01:52:32 +0000,2025-12-08,49.34,2,Sample item 03,Customer 0915,555-0115,Standard,5.00,0.00,0.00,no,Synthetic demo order
#3616,customer0387@example.com,Paid,2025-12-05 17:40:35 +0000,2025-12-09,44.97,1,Sample item 02,Customer 0387,555-0187,Pickup,5.00,0.00,0.00,no,Synthetic demo order
#3615,customer0645@example.com,paid,12/05/2025 15:39,2025-12-08,41.00,1,Sample item 03,Customer 0645,555-0145,Express,5.00,0.00,0.00,yes,Synthetic demo order
#3614,,paid,2025-12-05 05:59:08 -0500,2025-12-07,36.40,2,Sample item 02,Customer 0342,555-0142,Express,5.00,0.00,0.00,yes,Synthetic demo order
#3613,Customer0964@example.com,paid,2025-12-05 04:47:42 +0000,2025-12-07,43.12,3,Sample item 06,Customer 0964,555-0164,Standard,5.00,0.00,0.00,no,Synthetic demo order
#3612,customer1280@example.com,paid,2025-12-04T21:57:12Z,2025-12-09,76.74,1,Sample item 07,Customer 1280,555-0180,Pickup,5.00,0.00,0.00,no,Synthetic demo order
#3611,customer1453@example.com,paid,2025-12-04 16:55:35 +0200,2025-12-08,$50.82,1,Sample item 11,Customer 1453,555-0153,Express,5.00,0.00,0.00,no,Synthetic demo order
#3610,customer0279@example.com,paid,2025-12-04T15:12:09Z,2025-12-05,$31.11,2,Sample item 01,Customer 0279,555-0179,Pickup,5.00,0.00,0.00,yes,Synthetic demo order
#3609,customer0629@example.com,paid,2025-12-04T14:12:12Z,2025-12-06,$59.18,2,Sample item 02,Customer 0629,555-0129,Express,5.00,0.00,0.00,yes,Synthetic demo order
#3608,customer1013@example.com,Paid,12/04/2025 11:44,2025-12-09,$30.09,2,Sample item 10,Customer 1013,555-0113,Express,5.00,0.00,0.00,no,Synthetic demo order
#3607,customer0956@example.com,paid,12/04/2025 06:33,2025-12-05,$31.90,3,Sample item 06,Customer 0956,555-0156,Pickup,5.00,0.00,0.00,yes,Synthetic demo order
#3606,Customer0630@example.com,refunded,2025-12-04 04:35:08 -0800,2025-12-08,21.68,2,Sample item 01,Customer 0630,555-0130,Pickup,5.00,0.00,0.00,no,Synthetic demo order
#3605,customer0053@example.com,paid,2025-12-04 02:18:39 -0500,2025-12-07,$55.33,1,Sample item 04,Customer 0053,555-0153,Standard,5.00,0.00,0.00,yes,Synthetic demo order
#3604,customer0319@example.com,PAID,2025-12-04 00:50:34 +0000,2025-12-05,$30.26,1,Sample item 04,Customer 0319,555-0119,Pickup,0.00,0.00,0.00,no,Synthetic demo order
#3604,customer0319@example.com,Paid,2025-12-04 00:50:34 +0000,2025-12-05,18.23,2,Sample item 07,Customer 0319,555-0119,Express,5.00,0.00,0.00,no,Synthetic demo order
#3603,customer1165@example.com,cancelled,2025-12-03 21:32:15 +0000,2025-12-08,114.95,1,Sample item 07,Customer 1165,555-0165,Pickup,5.00,0.00,0.00,yes,Synthetic demo order
#3602,,paid,2025-12-03 18:09:34 +0000,2025-12-06,54.39,2,Sample item 05,Customer 1263,555-0163,Standard,5.00,0.00,0.00,yes,Synthetic demo order
#3601,customer1026@example.com,PARTIALLY_REFUNDED,2025-12-03 05:02:22 +0000,2025-12-04,USD 28.43,3,Sample item 03,Customer 1026,555-0126,Standard,5.00,0.00,0.00,yes,Synthetic demo order
#3600,customer1371@example.com,Paid,"Dec 03, 2025",2025-12-04,17.91,2,Sample item 03,Customer 1371,555-0171,Standard,5.00,0.00,0.00,no,Synthetic demo order
#3599,,paid,2025-12-02 20:48:54 +0000,2025-12-04,38.73,1,Sample item 08,Customer 0462,555-0162,Standard,5.00,0.00,0.00,yes,Synthetic demo order
#3598,customer0346@example.com,paid,12/02/2025 14:27,2025-12-06,40.37,2,Sample item 03,Customer 0346,555-0146,Pickup,5.00,0.00,0.00,no,Synthetic demo order
#3597,customer1309@example.com,paid,2025-12-02 14:27:28 +0000,2025-12-05,$51.26,3,Sample item 10,Customer 1309,555-0109,Standard,5.00,0.00,0.00,no,Synthetic demo order
#3596,customer0447@example.com,Paid,2025-12-02 03:50:36 -0800,2025-12-07,37.37,1,Sample item 03,Customer 0447,555-0147,Standard,5.00,0.00,0.00,yes,Synthetic demo order
#3595,Customer1458@example.com,paid,2025-12-02 02:47:45 -0800,2025-12-05,$25.47,2,Sample item 03,Customer 1458,555-0158,Standard,5.00,0.00,0.00,no,Synthetic demo order
#3594,customer1335@example.com,Paid,2025-12-02 00:31:55 UTC,2025-12-05,32.39,3,Sample item 07,Customer 1335,555-0135,Express,0.00,0.00,0.00,yes,Synthetic demo order
#3594,customer1335@example.com,paid,2025-12-02 00:31:55 UTC,2025-12-05,31.22,2,Sample item 03,Customer 1335,555-0135,Pickup,0.00,0.00,0.00,no,Synthetic demo order
#3594,customer1335@example.com,paid,2025-12-02 00:31:55 UTC,2025-12-05,7.76,1,Sample item 10,Customer 1335,555-0135,Pickup,5.00,0.00,0.00,yes,Synthetic demo order
#3593,customer1413@example.com,Paid,2025-12-01 17:14:00 +0000,2025-12-05,15.37,1,Sample item 09,Customer 1413,555-0113,Pickup,5.00,0.00,0.00,no,Synthetic demo order
#3592,customer0820@example.com,paid,2025-12-01 12:57:55 +0000,2025-12-02,54.53,1,Sample item 04,Customer 0820,555-0120,Pickup,5.00,0.00,0.00,no,Synthetic demo order
#3591,customer1010@example.com,Paid,2025-12-01 04:39:44 +0000,2025-12-05,$54.08,2,Sample item 08,Customer 1010,555-0110,Standard,5.00,0.00,0.00,no,Synthetic demo order
#3590,customer0494@example.com,paid,11/30/2025 17:40,2025-12-03,$85.79,3,Sample item 10,Customer 0494,555-0194,Standard,5.00,0.00,0.00,no,Synthetic demo order
#3589,customer0936@example.com,paid,2025-11-30T12:34:20Z,2025-12-04,31.59,1,Sample item 01,Customer 0936,555-0136,Standard,5.00,0.00,0.00,yes,Synthetic demo order
#3588,customer0490@example.com,Paid,not available,2025-11-30,$25.36,2,Sample item 10,Customer 0490,555-0190,Express,5.00,0.00,0.00,no,Synthetic demo order
#3587,customer0954@example.com,paid,2025-11-29T14:14:05Z,2025-11-30,78.42,2,Sample item 07,Customer 0954,555-0154,Pickup,0.00,0.00,0.00,yes,Synthetic demo order
#3587,customer0954@example.com,PAID,2025-11-29T14:14:05Z,2025-11-30,USD 12.45,2,Sample item 04,Customer 0954,555-0154,Pickup,5.00,0.00,0.00,yes,Synthetic demo order
#3586,customer0467@example.com,paid,29 Nov 2025,2025-12-02,$15.43,1,Sample item 10,Customer 0467,555-0167,Standard,0.00,0.00,0.00,no,Synthetic demo order
#3586,customer0467@example.com,paid,29 Nov 2025,2025-12-02,79.08,3,Sample item 01,Customer 0467,555-0167,Standard,5.00,0.00,0.00,no,Synthetic demo order
#3585,customer1102@example.com,voided,2025-11-28 20:13:33 +0000,2025-12-03,76.73,3,Sample item 03,Customer 1102,555-0102,Pickup,5.00,0.00,0.00,yes,Synthetic demo order
#3584,customer0013@example.com,Paid,2025-11-28 16:56:11 +0000,2025-12-02,42.03,1,Sample item 03,Customer 0013,555-0113,Express,5.00,0.00,0.00,no,Synthetic demo order
#3583,customer0142@example.com,paid,"Nov 28, 2025",2025-12-02,$38.50,1,Sample item 05,Customer 0142,555-0142,Standard,5.00,0.00,0.00,yes,Synthetic demo order
#3582,customer0184@example.com,paid,2025-11-28 09:35:50 +0000,2025-12-02,"22,28",2,Sample item 09,Customer 0184,555-0184,Standard,0.00,0.00,0.00,no,Synthetic demo order
#3582,customer0184@example.com,PAID,2025-11-28 09:35:50 +0000,2025-12-02,12.97,2,Sample item 01,Customer 0184,555-0184,Standard,5.00,0.00,0.00,yes,Synthetic demo order
#3581,customer1073@example.com,paid,11/27/2025 22:37,2025-11-28,4.08,2,Sample item 07,Customer 1073,555-0173,Express,0.00,0.00,0.00,no,Synthetic demo order
#3581,customer1073@example.com,paid,11/27/2025 22:37,2025-11-28,$14.52,3,Sample item 04,Customer 1073,555-0173,Pickup,5.00,0.00,0.00,yes,Synthetic demo order
#3580,customer0339@example.com,Paid,2025-11-27 20:49:05 +0000,2025-11-30,$31.22,2,Sample item 05,Customer 0339,555-0139,Standard,5.00,0.00,0.00,no,Synthetic demo order
#3579,customer0688@example.com,paid,11/27/2025 19:34,2025-12-01,34.70,1,Sample item 10,Customer 0688,555-0188,Standard,5.00,0.00,0.00,no,Synthetic demo order
#3578,customer0381@example.com,paid,11/27/2025 18:53,2025-12-01,USD 80.94,2,Sample item 02,Customer 0381,555-0181,Pickup,5.00,0.00,0.00,no,Synthetic demo order
#3577,customer0749@example.com,Paid,2025-11-27T13:21:52Z,2025-11-28,31.17,2,Sample item 07,Customer 0749,555-0149,Express,5.00,0.00,0.00,no,Synthetic demo order
#3576,customer0376@example.com,Paid,11/27/2025 12:07,2025-12-02,$75.73,2,Sample item 10,Customer 0376,555-0176,Express,5.00,0.00,0.00,yes,Synthetic demo order
#3575,customer0309@example.com,paid,2025-11-27 11:28:14 UTC,2025-12-02,28.99,2,Sample item 10,Customer 0309,555-0109,Express,5.00,0.00,0.00,no,Synthetic demo order
#3574,customer1470@example.com,refunded,2025-11-27 09:39:11 UTC,2025-11-30,14.30,1,Sample item 02,Customer 1470,555-0170,Express,5.00,0.00,0.00,no,Synthetic demo order
#3573,customer1228@example.com,paid,2025-11-27 08:20:39 +0000,2025-12-02,38.61,1,Sample item 07,Customer 1228,555-0128,Standard,5.00,0.00,0.00,yes,Synthetic demo order
#3572,customer0173@example.com,Voided,2025-11-27 08:16:16 +0000,2025-11-29,$59.41,2,Sample item 10,Customer 0173,555-0173,Standard,0.00,0.00,0.00,yes,Synthetic demo order
#3572,customer0173@example.com,voided,2025-11-27 08:16:16 +0000,2025-11-29,1.14,1,Sample item 11,Customer 0173,555-0173,Express,5.00,0.00,0.00,yes,Synthetic demo order
#3571,Customer1438@example.com,paid,2025-11-27 08:15:50 +0000,2025-11-29,$26.59,2,Sample item 10,Customer 1438,555-0138,Express,5.00,0.00,0.00,no,Synthetic demo order
#3570,customer1390@example.com,paid,2025-11-27 04:20:07 +0000,2025-11-28,USD 39.98,2,Sample item 05,Customer 1390,555-0190,Standard,5.00,0.00,0.00,yes,Synthetic demo order
#3569,customer0190@example.com,PAID,2025-11-27 00:04:32 -0500,2025-12-01,62.31,2,Sample item 10,Customer 0190,555-0190,Express,5.00,0.00,0.00,no,Synthetic demo order
#3568,customer0283@example.com,paid,2025-11-26 17:35:35 +0000,2025-11-28,21.09,3,Sample item 07,Customer 0283,555-0183,Pickup,0.00,0.00,0.00,no,Synthetic demo order
#3568,customer0283@example.com,paid,2025-11-26 17:35:35 +0000,2025-11-28,17.61,1,Sample item 05,Customer 0283,555-0183,Pickup,5.00,0.00,0.00,yes,Synthetic demo order
#3567,Customer0882@example.com,Paid,2025-11-26 13:48:14 +0000,2025-11-30,$48.15,2,Sample item 10,Customer 0882,555-0182,Pickup,5.00,0.00,0.00,no,Synthetic demo order
#3566,Customer0894@example.com,paid,2025-11-26T10:49:35Z,2025-11-27,12.06,2,Sample item 11,Customer 0894,555-0194,Pickup,5.00,0.00,0.00,no,Synthetic demo order
#3565,Customer1113@example.com,paid,11/25/2025 23:28,2025-11-27,22.25,2,Sample item 07,Customer 1113,555-0113,Standard,0.00,0.00,0.00,yes,Synthetic demo order
#3565,Customer1113@example.com,paid,11/25/2025 23:28,2025-11-27,$26.83,2,Sample item 10,Customer 1113,555-0113,Express,5.00,0.00,0.00,yes,Synthetic demo order
#3564,customer0150@example.com,Paid,2025-11-25T19:43:44Z,2025-11-29,53.87,1,Sample item 04,Customer 0150,555-0150,Standard,5.00,0.00,0.00,yes,Synthetic demo order
#3563,customer0918@example.com,paid,2025-11-25 18:38:09 UTC,2025-11-29,$19.30,3,Sample item 07,Customer 0918,555-0118,Standard,0.00,0.00,0.00,yes,Synthetic demo order
#3563,customer0918@example.com,paid,2025-11-25 18:38:09 UTC,2025-11-29,13.96,2,Sample item 11,Customer 0918,555-0118,Express,5.00,0.00,0.00,yes,Synthetic demo order
#3562,Customer1285@example.com,paid,2025-11-25 18:24:18 UTC,2025-11-30,$36.78,2,Sample item 04,Customer 1285,555-0185,Express,5.00,0.00,0.00,yes,Synthetic demo order
#3561,customer0234@example.com,paid,2025-11-25 13:43:40 +0000,2025-11-26,57.27,3,Sample item 05,Customer 0234,555-0134,Standard,5.00,0.00,0.00,no,Synthetic demo order
#3560,customer1409@example.com,paid,2025-11-25 12:20:53 +0000,2025-11-26,$83.62,1,Sample item 04,Customer 1409,555-0109,Express,5.00,0.00,0.00,yes,Synthetic demo order
#3559,Customer1385@example.com,paid,2025-11-25 08:53:46 +0000,2025-11-29,11.04,2,Sample item 06,Customer 1385,555-0185,Express,0.00,0.00,0.00,no,Synthetic demo order
#3559,Customer1385@example.com,paid,2025-11-25 08:53:46 +0000,2025-11-29,$16.52,2,Sample item 05,Customer 1385,555-0185,Express,5.00,0.00,0.00,yes,Synthetic demo order
#3558,customer0360@example.com,paid,2025-11-24 23:37:43 +0000,2025-11-28,$20.38,2,Sample item 03,Customer 0360,555-0160,Standard,0.00,0.00,0.00,no,Synthetic demo order
#3558,customer0360@example.com,paid,2025-11-24 23:37:43 +0000,2025-11-28,USD 15.82,3,Sample item 11,Customer 0360,555-0160,Express,5.00,0.00,0.00,yes,Synthetic demo order
#3557,customer1430@example.com,Paid,11/24/2025 22:06,2025-11-28,22.61,1,Sample item 08,Customer 1430,555-0130,Express,5.00,0.00,0.00,no,Synthetic demo order
#3556,customer0674@example.com,pending,2025-11-24 21:04:37 UTC,2025-11-29,57.04,3,Sample item 05,Customer 0674,555-0174,Express,5.00,0.00,0.00,yes,Synthetic demo order
#3555,Customer0706@example.com,Paid,11/24/2025 18:08,2025-11-26,83.59,3,Sample item 03,Customer 0706,555-0106,Express,5.00,0.00,0.00,yes,Synthetic demo order
#3554,customer0757@example.com,Refunded,"Nov 24, 2025",2025-11-27,23.48,1,Sample item 11,Customer 0757,555-0157,Express,5.00,0.00,0.00,no,Synthetic demo order
#3553,customer0671@example.com,Paid,11/24/2025 12:28,2025-11-25,6.50,3,Sample item 09,Customer 0671,555-0171,Pickup,0.00,0.00,0.00,yes,Synthetic demo order
#3553,customer0671@example.com,paid,11/24/2025 12:28,2025-11-25,23.72,3,Sample item 09,Customer 0671,555-0171,Pickup,5.00,0.00,0.00,no,Synthetic demo order
#3552,customer1249@example.com,paid,11/23/2025 09:05,2025-11-25,27.82,1,Sample item 09,Customer 1249,555-0149,Express,5.00,0.00,0.00,yes,Synthetic demo order
#3551,customer1394@example.com,refunded,11/23/2025 00:19,2025-11-26,58.46,1,Sample item 01,Customer 1394,555-0194,Pickup,5.00,0.00,0.00,no,Synthetic demo order
#3550,Customer0218@example.com,paid,2025-11-22 23:39:50 UTC,2025-11-25,39.17,3,Sample item 01,Customer 0218,555-0118,Standard,5.00,0.00,0.00,no,Synthetic demo order
#3549,customer1305@example.com,Paid,22 Nov 2025,2025-11-25,$27.38,3,Sample item 02,Customer 1305,555-0105,Standard,5.00,0.00,0.00,no,Synthetic demo order
#3548,customer0742@example.com,Paid,11/22/2025 17:33,2025-11-27,40.80,1,Sample item 11,Customer 0742,555-0142,Express,5.00,0.00,0.00,yes,Synthetic demo order
#3547,customer0011@example.com,Paid,2025-11-22T12:08:17Z,2025-11-26,62.63,1,Sample item 05,Customer 0011,555-0111,Pickup,5.00,0.00,0.00,no,Synthetic demo order
#3546,customer1143@example.com,paid,22 Nov 2025,2025-11-23,$28.47,3,Sample item 04,Customer 1143,555-0143,Standard,5.00,0.00,0.00,no,Synthetic demo order
#3545,customer0430@example.com,Paid,2025-11-22 05:59:17 +0200,2025-11-23,30.60,1,Sample item 06,Customer 0430,555-0130,Pickup,5.00,0.00,0.00,no,Synthetic demo order
#3544,customer1284@example.com,refunded,2025-11-22T02:55:26Z,2025-11-25,$29.67,2,Sample item 03,Customer 1284,555-0184,Express,5.00,0.00,0.00,yes,Synthetic demo order
#3543,customer0590@example.com,paid,2025-11-22 02:40:36 UTC,2025-11-24,28.05,3,Sample item 05,Customer 0590,555-0190,Pickup,5.00,0.00,0.00,yes,Synthetic demo order
#3542,customer0225@example.com,paid,11/21/2025 18:31,2025-11-24,"69,05",3,Sample item 03,Customer 0225,555-0125,Standard,5.00,0.00,0.00,no,Synthetic demo order
#3541,customer0630@example.com,Paid,2025-11-21T11:07:57Z,2025-11-25,17.04,3,Sample item 10,Customer 0630,555-0130,Express,5.00,0.00,0.00,yes,Synthetic demo order
#3540,customer0131@example.com,paid,21 Nov 2025,2025-11-26,44.83,2,Sample item 07,Customer 0131,555-0131,Standard,5.00,0.00,0.00,no,Synthetic demo order
#3539,,refunded,2025-11-21 05:42:41 +0000,2025-11-25,32.49,1,Sample item 11,Customer 0292,555-0192,Standard,5.00,0.00,0.00,yes,Synthetic demo order
#3538,customer0957@example.com,paid,2025-11-20 23:09:31 +0000,2025-11-21,91.58,3,Sample item 11,Customer 0957,555-0157,Standard,5.00,0.00,0.00,no,Synthetic demo order
#3537,customer1311@example.com,paid,2025-11-20 20:33:52 -0500,2025-11-23,63.57,3,Sample item 08,Customer 1311,555-0111,Express,5.00,0.00,0.00,yes,Synthetic demo order
#3536,customer1082@example.com,paid,2025-11-20 18:28:19 -0500,2025-11-24,$34.56,3,Sample item 01,Customer 1082,555-0182,Pickup,5.00,0.00,0.00,no,Synthetic demo order
#3535,customer0801@example.com,paid,"Nov 20, 2025",2025-11-22,$29.22,1,Sample item 07,Customer 0801,555-0101,Standard,5.00,0.00,0.00,no,Synthetic demo order
#3534,customer0994@example.com,paid,2025-11-20T12:16:31Z,2025-11-21,27.93,1,Sample item 04,Customer 0994,555-0194,Standard,0.00,0.00,0.00,yes,Synthetic demo order
#3534,customer0994@example.com,paid,2025-11-20T12:16:31Z,2025-11-21,"7,54",1,Sample item 08,Customer 0994,555-0194,Pickup,5.00,0.00,0.00,no,Synthetic demo order
#3533,customer0499@example.com,paid,2025-11-20 04:58:43 +0200,2025-11-23,$40.07,3,Sample item 01,Customer 0499,555-0199,Express,5.00,0.00,0.00,no,Synthetic demo order
#3532,customer1083@example.com,paid,2025-11-20 02:33:53 UTC,2025-11-25,47.66,2,Sample item 09,Customer 1083,555-0183,Standard,5.00,0.00,0.00,no,Synthetic demo order
#3531,customer0264@example.com,paid,2025-11-19 12:38:04 +0000,2025-11-21,"31,28",1,Sample item 11,Customer 0264,555-0164,Express,5.00,0.00,0.00,no,Synthetic demo order
#3530,,paid,2025-11-19T09:34:06Z,2025-11-24,"69,61",2,Sample item 03,Customer 1280,555-0180,Express,5.00,0.00,0.00,yes,Synthetic demo order
#3529,customer0985@example.com,Paid,"Nov 19, 2025",2025-11-24,$31.20,1,Sample item 06,Customer 0985,555-0185,Express,5.00,0.00,0.00,yes,Synthetic demo order
#3528,customer0502@example.com,paid,11/19/2025 07:27,2025-11-22,$28.03,2,Sample item 06,Customer 0502,555-0102,Standard,5.00,0.00,0.00,yes,Synthetic demo order
#3527,customer1006@example.com,Paid,19 Nov 2025,2025-11-24,$39.12,1,Sample item 05,Customer 1006,555-0106,Standard,5.00,0.00,0.00,no,Synthetic demo order
#3526,Customer1009@example.com,paid,19 Nov 2025,2025-11-24,45.13,1,Sample item 06,Customer 1009,555-0109,Standard,5.00,0.00,0.00,no,Synthetic demo order
#3525,customer0401@example.com,paid,2025-11-18 22:01:43 UTC,2025-11-21,39.61,1,Sample item 06,Customer 0401,555-0101,Pickup,5.00,0.00,0.00,yes,Synthetic demo order
#3524,customer0104@example.com,paid,2025-11-18 13:54:17 +0000,2025-11-21,58.67,2,Sample item 07,Customer 0104,555-0104,Pickup,5.00,0.00,0.00,no,Synthetic demo order
#3523,customer0045@example.com,paid,11/18/2025 12:56,2025-11-21,$5.13,2,Sample item 08,Customer 0045,555-0145,Standard,0.00,0.00,0.00,no,Synthetic demo order
#3523,customer0045@example.com,paid,11/18/2025 12:56,2025-11-21,9.94,2,Sample item 06,Customer 0045,555-0145,Express,5.00,0.00,0.00,yes,Synthetic demo order
#3522,customer1176@example.com,paid,2025-11-18 11:17:30 +0000,2025-11-22,USD 30.51,1,Sample item 10,Customer 1176,555-0176,Standard,5.00,0.00,0.00,no,Synthetic demo order
#3521,customer0764@example.com,refunded,2025-11-18 09:54:04 +0000,2025-11-22,57.99,3,Sample item 07,Customer 0764,555-0164,Express,5.00,0.00,0.00,no,Synthetic demo order
#3520,customer0235@example.com,paid,2025-11-18 09:22:44 UTC,2025-11-20,$31.52,2,Sample item 11,Customer 0235,555-0135,Pickup,5.00,0.00,0.00,no,Synthetic demo order
#3519,Customer0781@example.com,paid,11/18/2025 05:28,2025-11-22,$32.77,1,Sample item 04,Customer 0781,555-0181,Standard,0.00,0.00,0.00,yes,Synthetic demo order
#3519,Customer0781@example.com,paid,11/18/2025 05:28,2025-11-22,17.63,2,Sample item 08,Customer 0781,555-0181,Standard,5.00,0.00,0.00,yes,Synthetic demo order
#3518,Customer0584@example.com,Paid,2025-11-17T18:03:50Z,2025-11-18,2.48,3,Sample item 02,Customer 0584,555-0184,Pickup,0.00,0.00,0.00,yes,Synthetic demo order
#3518,Customer0584@example.com,PAID,2025-11-17T18:03:50Z,2025-11-18,47.19,1,Sample item 10,Customer 0584,555-0184,Standard,5.00,0.00,0.00,yes,Synthetic demo order
#3517,customer0973@example.com,paid,2025-11-17T06:11:22Z,2025-11-19,30.09,1,Sample item 03,Customer 0973,555-0173,Standard,5.00,0.00,0.00,no,Synthetic demo order
#3516,customer0316@example.com,partially_refunded,2025-11-17 04:11:56 -0800,2025-11-19,USD 0.82,3,Sample item 11,Customer 0316,555-0116,Express,0.00,0.00,0.00,yes,Synthetic demo order
#3516,customer0316@example.com,partially_refunded,2025-11-17 04:11:56 -0800,2025-11-19,52.69,3,Sample item 03,Customer 0316,555-0116,Standard,5.00,0.00,0.00,yes,Synthetic demo order
#3515,customer0161@example.com,Paid,2025-11-16T21:21:27Z,2025-11-21,48.03,3,Sample item 04,Customer 0161,555-0161,Express,5.00,0.00,0.00,no,Synthetic demo order
#3514,customer0082@example.com,paid,2025-11-16T16:18:33Z,2025-11-18,$26.82,2,Sample item 07,Customer 0082,555-0182,Pickup,5.00,0.00,0.00,yes,Synthetic demo order
#3513,customer1391@example.com,paid,2025-11-16 14:52:22 +0000,2025-11-20,80.19,2,Sample item 05,Customer 1391,555-0191,Standard,5.00,0.00,0.00,no,Synthetic demo order
#3512,customer0847@example.com,PAID,11/16/2025 14:52,2025-11-20,0.43,1,Sample item 08,Customer 0847,555-0147,Express,0.00,0.00,0.00,no,Synthetic demo order
#3512,customer0847@example.com,paid,11/16/2025 14:52,2025-11-20,$47.06,2,Sample item 01,Customer 0847,555-0147,Express,5.00,0.00,0.00,no,Synthetic demo order
#3511,customer0007@example.com,paid,2025-11-16T13:15:02Z,2025-11-21,$28.39,2,Sample item 02,Customer 0007,555-0107,Standard,5.00,0.00,0.00,no,Synthetic demo order
#3510,customer1070@example.com,paid,2025-11-16 11:36:16 +0000,2025-11-20,66.30,2,Sample item 09,Customer 1070,555-0170,Standard,5.00,0.00,0.00,no,Synthetic demo order
#3509,customer0676@example.com,paid,2025-11-16 08:47:44 +0000,2025-11-21,70.15,3,Sample item 06,Customer 0676,555-0176,Standard,5.00,0.00,0.00,no,Synthetic demo order
#3508,customer0298@example.com,paid,2025-11-16T06:15:13Z,2025-11-18,"41,21",1,Sample item 08,Customer 0298,555-0198,Pickup,5.00,0.00,0.00,yes,Synthetic demo order
#3507,Customer1397@example.com,paid,2025-11-16T06:12:19Z,2025-11-18,$12.50,2,Sample item 11,Customer 1397,555-0197,Pickup,0.00,0.00,0.00,no,Synthetic demo order
#3507,Customer1397@example.com,paid,2025-11-16T06:12:19Z,2025-11-18,63.22,2,Sample item 06,Customer 1397,555-0197,Standard,5.00,0.00,0.00,no,Synthetic demo order
#3506,customer1203@example.com,paid,2025-11-16 04:10:06 +0000,2025-11-18,$0.00,1,Sample item 06,Customer 1203,555-0103,Pickup,5.00,0.00,0.00,no,Synthetic demo order
#3505,customer0320@example.com,paid,2025-11-16 02:02:28 +0000,2025-11-17,47.83,2,Sample item 01,Customer 0320,555-0120,Express,5.00,0.00,0.00,yes,Synthetic demo order
#3504,customer0143@example.com,paid,11/15/2025 07:42,2025-11-16,$50.91,1,Sample item 08,Customer 0143,555-0143,Standard,5.00,0.00,0.00,yes,Synthetic demo order
#3503,customer0503@example.com,paid,2025-11-14 15:22:33 UTC,2025-11-17,18.14,2,Sample item 03,Customer 0503,555-0103,Express,0.00,0.00,0.00,no,Synthetic demo order
#3503,customer0503@example.com,paid,2025-11-14 15:22:33 UTC,2025-11-17,25.49,2,Sample item 03,Customer 0503,555-0103,Pickup,5.00,0.00,0.00,yes,Synthetic demo order
#3502,customer0853@example.com,cancelled,2025-11-14 08:27:11 UTC,2025-11-17,21.69,1,Sample item 04,Customer 0853,555-0153,Standard,5.00,0.00,0.00,no,Synthetic demo order
#3501,customer1446@example.com,paid,11/14/2025 07:23,2025-11-15,$28.86,2,Sample item 04,Customer 1446,555-0146,Express,5.00,0.00,0.00,no,Synthetic demo order
#3500,customer1081@example.com,paid,2025-11-14 06:50:07 +0000,2025-11-19,45.60,3,Sample item 06,Customer 1081,555-0181,Pickup,0.00,0.00,0.00,yes,Synthetic demo order
#3500,customer1081@example.com,paid,2025-11-14 06:50:07 +0000,2025-11-19,$4.51,1,Sample item 03,Customer 1081,555-0181,Standard,5.00,0.00,0.00,yes,Synthetic demo order
#3499,customer0250@example.com,Paid,11/14/2025 05:43,2025-11-16,$25.73,3,Sample item 11,Customer 0250,555-0150,Standard,5.00,0.00,0.00,yes,Synthetic demo order
#3498,customer1056@example.com,paid,11/13/2025 20:19,2025-11-17,52.09,3,Sample item 06,Customer 1056,555-0156,Standard,5.00,0.00,0.00,no,Synthetic demo order
#3497,customer0576@example.com,paid,2025-11-13 15:30:00 +0000,2025-11-17,79.81,1,Sample item 04,Customer 0576,555-0176,Standard,5.00,0.00,0.00,no,Synthetic demo order
#3496,customer0694@example.com,paid,2025-11-13T09:29:12Z,2025-11-16,16.85,2,Sample item 04,Customer 0694,555-0194,Express,5.00,0.00,0.00,yes,Synthetic demo order
#3495,customer0306@example.com,paid,2025-11-13 07:37:54 +0000,2025-11-17,63.10,3,Sample item 11,Customer 0306,555-0106,Standard,5.00,0.00,0.00,no,Synthetic demo order
#3494,customer0419@example.com,paid,2025-11-13 06:49:02 UTC,2025-11-17,29.67,1,Sample item 02,Customer 0419,555-0119,Pickup,5.00,0.00,0.00,yes,Synthetic demo order
#3493,customer0553@example.com,paid,2025-11-12T17:06:21Z,2025-11-15,58.47,3,Sample item 07,Customer 0553,555-0153,Pickup,5.00,0.00,0.00,yes,Synthetic demo order
#3492,customer0779@example.com,pending,2025-11-12T13:24:45Z,2025-11-17,43.29,2,Sample item 08,Customer 0779,555-0179,Pickup,5.00,0.00,0.00,yes,Synthetic demo order
#3491,customer0100@example.com,voided,11/12/2025 08:46,2025-11-16,34.52,3,Sample item 11,Customer 0100,555-0100,Pickup,5.00,0.00,0.00,no,Synthetic demo order
#3490,customer1033@example.com,paid,2025-11-12 06:42:40 +0000,2025-11-15,25.16,2,Sample item 07,Customer 1033,555-0133,Express,5.00,0.00,0.00,yes,Synthetic demo order
#3489,customer0928@example.com,paid,2025-11-12T06:28:48Z,2025-11-16,USD 46.56,1,Sample item 02,Customer 0928,555-0128,Standard,0.00,0.00,0.00,no,Synthetic demo order
#3489,customer0928@example.com,paid,2025-11-12T06:28:48Z,2025-11-16,$4.18,2,Sample item 03,Customer 0928,555-0128,Pickup,5.00,0.00,0.00,no,Synthetic demo order
#3488,customer0115@example.com,paid,"Nov 12, 2025",2025-11-15,21.07,3,Sample item 01,Customer 0115,555-0115,Express,5.00,0.00,0.00,no,Synthetic demo order
#3487,Customer1385@example.com,paid,11/11/2025 17:20,2025-11-16,26.30,3,Sample item 08,Customer 1385,555-0185,Standard,5.00,0.00,0.00,yes,Synthetic demo order
#3486,customer0734@example.com,paid,2025-11-11 11:33:35 +0000,2025-11-16,53.32,1,Sample item 10,Customer 0734,555-0134,Express,5.00,0.00,0.00,yes,Synthetic demo order
#3485,customer0111@example.com,Paid,2025-11-11T08:08:39Z,2025-11-15,32.87,2,Sample item 07,Customer 0111,555-0111,Pickup,5.00,0.00,0.00,yes,Synthetic demo order
#3484,customer0137@example.com,Refunded,11 Nov 2025,2025-11-13,73.93,2,Sample item 02,Customer 0137,555-0137,Express,5.00,0.00,0.00,yes,Synthetic demo order
#3483,customer0200@example.com,PAID,2025-11-11T06:00:51Z,2025-11-16,$76.33,3,Sample item 03,Customer 0200,555-0100,Express,5.00,0.00,0.00,no,Synthetic demo order
#3482,customer0865@example.com,paid,10 Nov 2025,2025-11-11,39.37,2,Sample item 11,Customer 0865,555-0165,Express,5.00,0.00,0.00,yes,Synthetic demo order
#3481,customer1070@example.com,cancelled,2025-11-10 13:55:22 -0500,2025-11-12,58.98,3,Sample item 06,Customer 1070,555-0170,Standard,5.00,0.00,0.00,no,Synthetic demo order
#3480,Customer0602@example.com,paid,2025-11-10 03:43:22 +0000,2025-11-11,"39,72",1,Sample item 02,Customer 0602,555-0102,Express,5.00,0.00,0.00,no,Synthetic demo order
#3479,customer1257@example.com,paid,2025-11-09T19:29:36Z,2025-11-14,46.56,2,Sample item 11,Customer 1257,555-0157,Pickup,5.00,0.00,0.00,no,Synthetic demo order
#3478,Customer0295@example.com,paid,2025-11-09 19:06:19 -0500,2025-11-14,0.72,3,Sample item 06,Customer 0295,555-0195,Express,0.00,0.00,0.00,no,Synthetic demo order
#3478,Customer0295@example.com,paid,2025-11-09 19:06:19 -0500,2025-11-14,$47.71,3,Sample item 06,Customer 0295,555-0195,Standard,5.00,0.00,0.00,yes,Synthetic demo order
#3477,customer1388@example.com,cancelled,2025-11-09 08:05:11 +0000,2025-11-10,51.13,3,Sample item 03,Customer 1388,555-0188,Standard,5.00,0.00,0.00,no,Synthetic demo order
#3476,customer0109@example.com,paid,2025-11-09T05:39:50Z,2025-11-13,13.44,3,Sample item 03,Customer 0109,555-0109,Standard,0.00,0.00,0.00,no,Synthetic demo order
#3476,customer0109@example.com,Paid,2025-11-09T05:39:50Z,2025-11-13,6.56,2,Sample item 03,Customer 0109,555-0109,Standard,5.00,0.00,0.00,yes,Synthetic demo order
#3475,customer0713@example.com,cancelled,2025-11-09 05:22:28 +0000,2025-11-13,33.32,2,Sample item 08,Customer 0713,555-0113,Pickup,0.00,0.00,0.00,yes,Synthetic demo order
#3475,customer0713@example.com,cancelled,2025-11-09 05:22:28 +0000,2025-11-13,$5.79,1,Sample item 11,Customer 0713,555-0113,Standard,5.00,0.00,0.00,yes,Synthetic demo order
#3474,customer0912@example.com,paid,11/09/2025 04:35,2025-11-10,32.53,2,Sample item 01,Customer 0912,555-0112,Express,0.00,0.00,0.00,no,Synthetic demo order
#3474,customer0912@example.com,Paid,11/09/2025 04:35,2025-11-10,USD 1.96,2,Sample item 09,Customer 0912,555-0112,Standard,5.00,0.00,0.00,yes,Synthetic demo order
#3473,customer1012@example.com,paid,2025-11-08 17:14:35 +0000,2025-11-12,29.98,1,Sample item 11,Customer 1012,555-0112,Standard,5.00,0.00,0.00,no,Synthetic demo order
#3472,customer1418@example.com,paid,2025-11-07T17:06:32Z,2025-11-09,50.90,2,Sample item 07,Customer 1418,555-0118,Standard,5.00,0.00,0.00,yes,Synthetic demo order
#3471,customer0369@example.com,paid,2025-11-07 02:49:41 +0000,2025-11-10,$54.67,3,Sample item 06,Customer 0369,555-0169,Standard,5.00,0.00,0.00,yes,Synthetic demo order
#3470,customer0947@example.com,paid,2025-11-07 00:00:05 +0000,2025-11-08,$27.16,1,Sample item 03,Customer 0947,555-0147,Pickup,5.00,0.00,0.00,yes,Synthetic demo order
#3469,customer0451@example.com,paid,2025-11-06 22:46:37 -0500,2025-11-07,$27.70,3,Sample item 08,Customer 0451,555-0151,Pickup,5.00,0.00,0.00,yes,Synthetic demo order
#3468,customer0490@example.com,paid,2025-11-06 22:05:51 +0000,2025-11-07,$42.92,3,Sample item 10,Customer 0490,555-0190,Standard,5.00,0.00,0.00,yes,Synthetic demo order
#3467,customer0938@example.com,Paid,2025-11-06 17:20:44 +0000,2025-11-10,34.43,2,Sample item 02,Customer 0938,555-0138,Express,5.00,0.00,0.00,no,Synthetic demo order
#3466,customer0640@example.com,refunded,2025-11-06T16:32:32Z,2025-11-09,26.15,2,Sample item 05,Customer 0640,555-0140,Pickup,5.00,0.00,0.00,no,Synthetic demo order
#3465,customer1488@example.com,paid,11/06/2025 15:57,2025-11-11,21.27,1,Sample item 10,Customer 1488,555-0188,Pickup,0.00,0.00,0.00,yes,Synthetic demo order
#3465,customer1488@example.com,Paid,11/06/2025 15:57,2025-11-11,15.90,1,Sample item 08,Customer 1488,555-0188,Pickup,5.00,0.00,0.00,no,Synthetic demo order
#3464,customer0691@example.com,paid,2025-11-06 15:02:21 +0000,2025-11-09,29.82,3,Sample item 08,Customer 0691,555-0191,Pickup,5.00,0.00,0.00,no,Synthetic demo order
#3463,customer1103@example.com,paid,06 Nov 2025,2025-11-11,41.70,1,Sample item 08,Customer 1103,555-0103,Express,5.00,0.00,0.00,yes,Synthetic demo order
#3462,customer0696@example.com,paid,2025-11-06 06:07:14 +0000,2025-11-07,32.61,2,Sample item 01,Customer 0696,555-0196,Standard,5.00,0.00,0.00,yes,Synthetic demo order
#3461,customer0151@example.com,Paid,2025-11-06 05:24:15 +0000,2025-11-09,$44.37,2,Sample item 01,Customer 0151,555-0151,Standard,0.00,0.00,0.00,yes,Synthetic demo order
#3461,customer0151@example.com,paid,2025-11-06 05:24:15 +0000,2025-11-09,12.15,1,Sample item 07,Customer 0151,555-0151,Standard,5.00,0.00,0.00,yes,Synthetic demo order
#3460,customer0332@example.com,paid,2025-11-06 04:43:26 -0800,2025-11-11,47.34,2,Sample item 07,Customer 0332,555-0132,Express,5.00,0.00,0.00,no,Synthetic demo order
#3459,customer0413@example.com,paid,2025-11-06 02:15:04 +0000,2025-11-09,USD 25.06,2,Sample item 01,Customer 0413,555-0113,Pickup,5.00,0.00,0.00,yes,Synthetic demo order
#3458,customer0815@example.com,paid,06 Nov 2025,2025-11-08,44.10,2,Sample item 09,Customer 0815,555-0115,Express,5.00,0.00,0.00,yes,Synthetic demo order
#3457,,paid,2025-11-06 00:02:12 +0000,2025-11-08,56.41,3,Sample item 07,Customer 0133,555-0133,Standard,5.00,0.00,0.00,yes,Synthetic demo order
#3456,customer1222@example.com,PAID,11/05/2025 19:48,2025-11-09,USD 29.97,2,Sample item 02,Customer 1222,555-0122,Express,5.00,0.00,0.00,yes,Synthetic demo order
#3455,customer1343@example.com,voided,2025-11-05 11:25:26 +0000,2025-11-10,$43.77,3,Sample item 05,Customer 1343,555-0143,Express,5.00,0.00,0.00,yes,Synthetic demo order
#3454,Customer0651@example.com,Paid,2025-11-05 01:43:27 +0000,2025-11-10,$61.59,2,Sample item 03,Customer 0651,555-0151,Standard,5.00,0.00,0.00,yes,Synthetic demo order
#3453,customer0629@example.com,paid,2025-11-04 20:24:01 +0200,2025-11-06,36.70,1,Sample item 11,Customer 0629,555-0129,Standard,5.00,0.00,0.00,no,Synthetic demo order
#3452,customer1149@example.com,paid,2025-11-04 09:21:26 +0000,2025-11-06,$35.95,3,Sample item 09,Customer 1149,555-0149,Express,5.00,0.00,0.00,yes,Synthetic demo order
#3451,customer0023@example.com,paid,2025-11-04 04:45:57 +0000,2025-11-05,$34.47,3,Sample item 01,Customer 0023,555-0123,Express,5.00,0.00,0.00,no,Synthetic demo order
#3450,customer0181@example.com,paid,2025-11-04 04:41:04 -0800,2025-11-06,21.98,3,Sample item 04,Customer 0181,555-0181,Express,0.00,0.00,0.00,yes,Synthetic demo order
#3450,customer0181@example.com,paid,2025-11-04 04:41:04 -0800,2025-11-06,8.85,2,Sample item 09,Customer 0181,555-0181,Express,5.00,0.00,0.00,yes,Synthetic demo order
#3449,customer1020@example.com,paid,2025-11-04T03:11:05Z,2025-11-07,USD 22.65,1,Sample item 11,Customer 1020,555-0120,Express,5.00,0.00,0.00,yes,Synthetic demo order
#3448,customer0941@example.com,paid,2025-11-03T22:30:32Z,2025-11-05,$50.68,1,Sample item 03,Customer 0941,555-0141,Pickup,5.00,0.00,0.00,yes,Synthetic demo order
#3447,customer0802@example.com,Paid,2025-11-03 19:19:26 +0000,2025-11-05,32.16,1,Sample item 09,Customer 0802,555-0102,Express,5.00,0.00,0.00,yes,Synthetic demo order
#3446,customer1210@example.com,Paid,2025-11-03T14:22:57Z,2025-11-08,$65.55,3,Sample item 08,Customer 1210,555-0110,Pickup,5.00,0.00,0.00,no,Synthetic demo order
#3445,customer0956@example.com,pending,2025-11-03 14:03:16 +0000,2025-11-04,14.53,1,Sample item 11,Customer 0956,555-0156,Standard,0.00,0.00,0.00,no,Synthetic demo order
#3445,customer0956@example.com,pending,2025-11-03 14:03:16 +0000,2025-11-04,"2,95",2,Sample item 11,Customer 0956,555-0156,Pickup,5.00,0.00,0.00,yes,Synthetic demo order
#3444,customer1147@example.com,paid,2025-11-03 05:27:49 +0200,2025-11-07,$61.61,3,Sample item 01,Customer 1147,555-0147,Pickup,5.00,0.00,0.00,no,Synthetic demo order
#3443,customer0180@example.com,Paid,2025-11-03 05:21:55 +0000,2025-11-06,11.33,1,Sample item 03,Customer 0180,555-0180,Pickup,0.00,0.00,0.00,yes,Synthetic demo order
#3443,customer0180@example.com,Paid,2025-11-03 05:21:55 +0000,2025-11-06,25.79,3,Sample item 07,Customer 0180,555-0180,Pickup,5.00,0.00,0.00,no,Synthetic demo order
#3442,customer0178@example.com,paid,2025-11-03T05:10:13Z,2025-11-06,16.22,2,Sample item 10,Customer 0178,555-0178,Standard,5.00,0.00,0.00,no,Synthetic demo order
#3441,Customer1225@example.com,paid,2025-11-03T04:16:11Z,2025-11-07,33.43,1,Sample item 11,Customer 1225,555-0125,Express,5.00,0.00,0.00,yes,Synthetic demo order
#3440,customer0503@example.com,paid,2025-11-03 01:11:25 UTC,2025-11-04,$70.59,1,Sample item 09,Customer 0503,555-0103,Standard,5.00,0.00,0.00,yes,Synthetic demo order
#3439,customer1248@example.com,pending,2025-11-02 21:53:55 +0000,2025-11-03,$22.89,3,Sample item 01,Customer 1248,555-0148,Standard,5.00,0.00,0.00,no,Synthetic demo order
#3438,customer0845@example.com,refunded,2025-11-02T11:27:12Z,2025-11-04,38.73,2,Sample item 01,Customer 0845,555-0145,Express,5.00,0.00,0.00,no,Synthetic demo order
#3437,customer0955@example.com,Paid,"Nov 01, 2025",2025-11-05,$41.49,2,Sample item 11,Customer 0955,555-0155,Standard,5.00,0.00,0.00,no,Synthetic demo order
#3436,customer0501@example.com,Partially_Refunded,01 Nov 2025,2025-11-03,21.10,1,Sample item 08,Customer 0501,555-0101,Pickup,5.00,0.00,0.00,no,Synthetic demo order
#3435,customer1010@example.com,paid,01 Nov 2025,2025-11-04,53.00,1,Sample item 05,Customer 1010,555-0110,Standard,5.00,0.00,0.00,yes,Synthetic demo order
#3434,customer0875@example.com,Paid,2025-11-01 14:28:54 +0000,2025-11-05,$83.48,3,Sample item 02,Customer 0875,555-0175,Pickup,5.00,0.00,0.00,yes,Synthetic demo order
#3433,customer0661@example.com,partially_refunded,2025-11-01 11:14:22 +0000,2025-11-02,$27.68,3,Sample item 05,Customer 0661,555-0161,Pickup,0.00,0.00,0.00,no,Synthetic demo order
#3433,customer0661@example.com,partially_refunded,2025-11-01 11:14:22 +0000,2025-11-02,6.69,3,Sample item 07,Customer 0661,555-0161,Standard,5.00,0.00,0.00,no,Synthetic demo order
#3432,customer1394@example.com,Paid,2025-11-01 11:10:58 +0000,2025-11-02,$50.34,1,Sample item 09,Customer 1394,555-0194,Express,5.00,0.00,0.00,yes,Synthetic demo order
#3431,customer0196@example.com,cancelled,2025-11-01 03:44:53 +0200,2025-11-02,37.79,3,Sample item 04,Customer 0196,555-0196,Standard,5.00,0.00,0.00,yes,Synthetic demo order
#3430,Customer0786@example.com,paid,"Oct 31, 2025",2025-11-05,$52.48,2,Sample item 05,Customer 0786,555-0186,Pickup,5.00,0.00,0.00,no,Synthetic demo order
#3429,Customer0928@example.com,paid,2025-10-30T23:55:28Z,2025-11-01,$57.49,1,Sample item 06,Customer 0928,555-0128,Pickup,5.00,0.00,0.00,yes,Synthetic demo order
#3428,Customer0707@example.com,paid,2025-10-30 08:48:00 +0000,2025-11-03,39.32,1,Sample item 11,Customer 0707,555-0107,Express,5.00,0.00,0.00,yes,Synthetic demo order
#3427,customer0451@example.com,paid,2025-10-30 01:19:30 -0500,2025-11-03,34.04,3,Sample item 10,Customer 0451,555-0151,Standard,5.00,0.00,0.00,no,Synthetic demo order
#3426,Customer1119@example.com,Paid,"Oct 30, 2025",2025-11-01,60.47,3,Sample item 08,Customer 1119,555-0119,Standard,5.00,0.00,0.00,no,Synthetic demo order
#3425,Customer1280@example.com,refunded,2025-10-29 23:03:34 +0000,2025-11-01,"66,04",2,Sample item 06,Customer 1280,555-0180,Express,5.00,0.00,0.00,no,Synthetic demo order
#3424,,paid,"Oct 29, 2025",2025-10-31,$27.41,2,Sample item 10,Customer 0801,555-0101,Standard,5.00,0.00,0.00,yes,Synthetic demo order
#3423,customer1176@example.com,Paid,2025-10-29T10:16:05Z,2025-11-01,27.36,3,Sample item 06,Customer 1176,555-0176,Pickup,5.00,0.00,0.00,yes,Synthetic demo order
#3422,customer0645@example.com,paid,2025-10-28 01:04:18 UTC,2025-10-29,USD 764.34,3,Sample item 06,Customer 0645,555-0145,Express,0.00,0.00,0.00,no,Synthetic demo order
#3422,customer0645@example.com,PAID,2025-10-28 01:04:18 UTC,2025-10-29,"$1,402.57",1,Sample item 06,Customer 0645,555-0145,Pickup,5.00,0.00,0.00,yes,Synthetic demo order
#3421,customer0895@example.com,paid,"Oct 27, 2025",2025-10-30,$1.27,1,Sample item 05,Customer 0895,555-0195,Standard,0.00,0.00,0.00,yes,Synthetic demo order
#3421,customer0895@example.com,Paid,"Oct 27, 2025",2025-10-30,$34.33,2,Sample item 07,Customer 0895,555-0195,Standard,5.00,0.00,0.00,yes,Synthetic demo order
#3420,customer0816@example.com,paid,2025-10-27T10:50:42Z,2025-10-30,37.29,1,Sample item 11,Customer 0816,555-0116,Pickup,5.00,0.00,0.00,yes,Synthetic demo order
#3419,customer0916@example.com,paid,2025-10-27T09:24:11Z,2025-10-31,$40.70,2,Sample item 03,Customer 0916,555-0116,Express,5.00,0.00,0.00,no,Synthetic demo order
#3418,customer0671@example.com,paid,2025-10-27 03:48:22 +0000,2025-11-01,$7.79,3,Sample item 04,Customer 0671,555-0171,Pickup,0.00,0.00,0.00,no,Synthetic demo order
#3418,customer0671@example.com,paid,2025-10-27 03:48:22 +0000,2025-11-01,$16.84,1,Sample item 01,Customer 0671,555-0171,Pickup,5.00,0.00,0.00,no,Synthetic demo order
#3417,customer1151@example.com,paid,2025-10-26 12:44:14 +0000,2025-10-28,37.50,1,Sample item 09,Customer 1151,555-0151,Pickup,5.00,0.00,0.00,no,Synthetic demo order
#3416,,paid,2025-10-26 11:47:50 UTC,2025-10-27,USD 57.77,3,Sample item 06,Customer 1450,555-0150,Standard,5.00,0.00,0.00,yes,Synthetic demo order
#3415,customer1325@example.com,paid,2025-10-26 09:25:32 UTC,2025-10-28,64.38,2,Sample item 04,Customer 1325,555-0125,Express,5.00,0.00,0.00,yes,Synthetic demo order
#3414,customer0405@example.com,paid,"Oct 26, 2025",2025-10-28,$47.25,2,Sample item 01,Customer 0405,555-0105,Pickup,5.00,0.00,0.00,yes,Synthetic demo order
#3413,customer1338@example.com,Paid,2025-10-25 17:46:09 UTC,2025-10-26,$10.72,3,Sample item 03,Customer 1338,555-0138,Standard,5.00,0.00,0.00,yes,Synthetic demo order
#3412,customer0013@example.com,PAID,2025-10-25 06:13:45 +0000,2025-10-28,USD 20.39,1,Sample item 08,Customer 0013,555-0113,Pickup,5.00,0.00,0.00,yes,Synthetic demo order
#3411,customer0511@example.com,paid,2025-10-25 01:23:06 +0200,2025-10-26,58.02,2,Sample item 06,Customer 0511,555-0111,Standard,5.00,0.00,0.00,no,Synthetic demo order
#3410,Customer0857@example.com,paid,2025-10-25 00:26:33 +0000,2025-10-27,26.38,2,Sample item 03,Customer 0857,555-0157,Express,5.00,0.00,0.00,no,Synthetic demo order
#3409,customer0911@example.com,paid,2025-10-24T23:17:49Z,2025-10-28,"31,28",3,Sample item 06,Customer 0911,555-0111,Pickup,5.00,0.00,0.00,yes,Synthetic demo order
#3408,Customer0133@example.com,paid,2025-10-24 17:57:08 UTC,2025-10-29,USD 69.59,2,Sample item 03,Customer 0133,555-0133,Pickup,5.00,0.00,0.00,yes,Synthetic demo order
#3407,customer0674@example.com,voided,2025-10-24 16:44:05 +0000,2025-10-27,$63.07,3,Sample item 01,Customer 0674,555-0174,Express,5.00,0.00,0.00,no,Synthetic demo order
#3406,customer0042@example.com,paid,10/24/2025 07:36,2025-10-29,USD 25.58,2,Sample item 10,Customer 0042,555-0142,Pickup,0.00,0.00,0.00,yes,Synthetic demo order
#3406,customer0042@example.com,paid,10/24/2025 07:36,2025-10-29,9.25,1,Sample item 08,Customer 0042,555-0142,Pickup,5.00,0.00,0.00,yes,Synthetic demo order
#3405,customer0278@example.com,paid,2025-10-23T23:49:54Z,2025-10-25,"50,05",2,Sample item 08,Customer 0278,555-0178,Express,5.00,0.00,0.00,yes,Synthetic demo order
#3404,customer0283@example.com,paid,2025-10-23T18:46:24Z,2025-10-28,19.35,1,Sample item 04,Customer 0283,555-0183,Standard,5.00,0.00,0.00,yes,Synthetic demo order
#3403,customer1192@example.com,paid,2025-10-23 17:47:22 +0000,2025-10-26,11.09,2,Sample item 01,Customer 1192,555-0192,Express,0.00,0.00,0.00,yes,Synthetic demo order
#3403,customer1192@example.com,Paid,2025-10-23 17:47:22 +0000,2025-10-26,14.45,2,Sample item 05,Customer 1192,555-0192,Standard,5.00,0.00,0.00,no,Synthetic demo order
#3402,customer1070@example.com,paid,2025-10-23 02:19:53 +0000,2025-10-24,34.95,3,Sample item 03,Customer 1070,555-0170,Standard,0.00,0.00,0.00,no,Synthetic demo order
#3402,customer1070@example.com,Paid,2025-10-23 02:19:53 +0000,2025-10-24,24.41,1,Sample item 06,Customer 1070,555-0170,Pickup,5.00,0.00,0.00,yes,Synthetic demo order
#3401,Customer0948@example.com,Paid,2025-10-22 23:16:47 +0000,2025-10-27,26.47,3,Sample item 07,Customer 0948,555-0148,Standard,5.00,0.00,0.00,no,Synthetic demo order
#3400,customer0703@example.com,PAID,2025-10-22 21:44:20 +0200,2025-10-26,$57.89,2,Sample item 03,Customer 0703,555-0103,Standard,5.00,0.00,0.00,yes,Synthetic demo order
#3399,customer1180@example.com,Paid,2025-10-22 20:55:08 +0000,2025-10-23,$94.03,2,Sample item 03,Customer 1180,555-0180,Standard,5.00,0.00,0.00,no,Synthetic demo order
#3398,customer0197@example.com,paid,2025-10-22 19:29:15 UTC,2025-10-23,46.36,3,Sample item 09,Customer 0197,555-0197,Pickup,5.00,0.00,0.00,yes,Synthetic demo order
#3397,customer0514@example.com,Paid,2025-10-22 16:50:40 -0500,2025-10-23,0.00,3,Sample item 07,Customer 0514,555-0114,Express,5.00,0.00,0.00,yes,Synthetic demo order
#3396,customer0828@example.com,paid,2025-10-22T16:21:38Z,2025-10-25,48.10,3,Sample item 05,Customer 0828,555-0128,Express,5.00,0.00,0.00,no,Synthetic demo order
#3395,customer1354@example.com,pending,2025-10-22 11:35:58 UTC,2025-10-25,USD 28.47,1,Sample item 09,Customer 1354,555-0154,Express,5.00,0.00,0.00,yes,Synthetic demo order
#3394,customer1415@example.com,paid,2025-10-22 05:29:07 +0000,2025-10-23,27.94,2,Sample item 01,Customer 1415,555-0115,Express,5.00,0.00,0.00,yes,Synthetic demo order
#3393,customer1330@example.com,paid,2025-10-21 23:18:25 +0000,2025-10-23,59.05,1,Sample item 01,Customer 1330,555-0130,Pickup,5.00,0.00,0.00,no,Synthetic demo order
#3392,customer0330@example.com,paid,21 Oct 2025,2025-10-23,106.25,1,Sample item 09,Customer 0330,555-0130,Standard,5.00,0.00,0.00,no,Synthetic demo order
#3391,,paid,21 Oct 2025,2025-10-26,$30.51,3,Sample item 10,Customer 0641,555-0141,Standard,5.00,0.00,0.00,yes,Synthetic demo order
#3390,customer0324@example.com,paid,2025-10-21 14:47:04 UTC,2025-10-25,$17.92,3,Sample item 06,Customer 0324,555-0124,Pickup,5.00,0.00,0.00,no,Synthetic demo order
#3389,customer0820@example.com,paid,10/21/2025 14:00,2025-10-22,USD 46.60,3,Sample item 11,Customer 0820,555-0120,Standard,5.00,0.00,0.00,yes,Synthetic demo order
#3388,customer1194@example.com,paid,2025-10-21 13:32:57 UTC,2025-10-24,USD 33.72,1,Sample item 06,Customer 1194,555-0194,Standard,5.00,0.00,0.00,yes,Synthetic demo order
#3387,customer0354@example.com,paid,10/21/2025 12:15,2025-10-25,41.38,2,Sample item 08,Customer 0354,555-0154,Standard,5.00,0.00,0.00,no,Synthetic demo order
#3386,customer1009@example.com,partially_refunded,2025-10-20 20:32:21 +0000,2025-10-24,0.86,1,Sample item 01,Customer 1009,555-0109,Standard,0.00,0.00,0.00,no,Synthetic demo order
#3386,customer1009@example.com,Partially_Refunded,2025-10-20 20:32:21 +0000,2025-10-24,$42.08,2,Sample item 10,Customer 1009,555-0109,Express,5.00,0.00,0.00,yes,Synthetic demo order
#3385,customer1377@example.com,paid,2025-10-20 06:19:22 +0000,2025-10-22,$43.50,3,Sample item 10,Customer 1377,555-0177,Pickup,5.00,0.00,0.00,no,Synthetic demo order
#3384,customer1409@example.com,Paid,2025-10-20 01:33:17 -0800,2025-10-24,58.04,3,Sample item 04,Customer 1409,555-0109,Express,5.00,0.00,0.00,no,Synthetic demo order
#3383,customer0603@example.com,paid,10/19/2025 18:40,2025-10-23,25.88,3,Sample item 06,Customer 0603,555-0103,Standard,5.00,0.00,0.00,no,Synthetic demo order
#3382,,paid,2025-10-19 01:08:11 +0000,2025-10-23,17.95,3,Sample item 06,Customer 0447,555-0147,Pickup,0.00,0.00,0.00,yes,Synthetic demo order
#3382,,paid,2025-10-19 01:08:11 +0000,2025-10-23,25.65,3,Sample item 02,Customer 0447,555-0147,Express,5.00,0.00,0.00,no,Synthetic demo order
#3381,customer0734@example.com,PAID,2025-10-17T20:55:55Z,2025-10-22,37.98,3,Sample item 07,Customer 0734,555-0134,Standard,5.00,0.00,0.00,no,Synthetic demo order
#3380,customer0245@example.com,paid,2025-10-17 19:26:18 +0000,2025-10-21,27.82,1,Sample item 04,Customer 0245,555-0145,Pickup,5.00,0.00,0.00,yes,Synthetic demo order
#3379,customer0251@example.com,paid,2025-10-17 17:55:47 UTC,2025-10-18,$47.50,2,Sample item 02,Customer 0251,555-0151,Express,5.00,0.00,0.00,yes,Synthetic demo order
#3378,Customer0367@example.com,paid,2025-10-17T10:13:58Z,2025-10-19,USD 73.28,1,Sample item 11,Customer 0367,555-0167,Pickup,5.00,0.00,0.00,no,Synthetic demo order
#3377,customer1343@example.com,Paid,2025-10-17 09:48:20 UTC,2025-10-18,USD 38.54,1,Sample item 06,Customer 1343,555-0143,Standard,5.00,0.00,0.00,no,Synthetic demo order
#3376,customer1408@example.com,Paid,"Oct 17, 2025",2025-10-18,47.49,2,Sample item 10,Customer 1408,555-0108,Standard,5.00,0.00,0.00,no,Synthetic demo order
#3375,customer0111@example.com,paid,16 Oct 2025,2025-10-20,23.19,2,Sample item 09,Customer 0111,555-0111,Pickup,5.00,0.00,0.00,yes,Synthetic demo order
#3374,customer1278@example.com,paid,2025-10-16 17:36:07 +0000,2025-10-20,$41.48,2,Sample item 11,Customer 1278,555-0178,Standard,5.00,0.00,0.00,yes,Synthetic demo order
#3373,customer1102@example.com,paid,2025-10-16 11:42:47 UTC,2025-10-19,USD 60.04,2,Sample item 10,Customer 1102,555-0102,Standard,5.00,0.00,0.00,yes,Synthetic demo order
#3372,customer0606@example.com,paid,2025-10-16 07:51:31 +0000,2025-10-21,$39.82,1,Sample item 04,Customer 0606,555-0106,Standard,5.00,0.00,0.00,no,Synthetic demo order
#3371,customer1329@example.com,paid,2025-10-16 04:02:58 +0000,2025-10-17,$32.39,3,Sample item 07,Customer 1329,555-0129,Pickup,5.00,0.00,0.00,no,Synthetic demo order
#3370,customer0918@example.com,pending,2025-10-15 22:51:44 UTC,2025-10-20,$35.40,3,Sample item 04,Customer 0918,555-0118,Express,5.00,0.00,0.00,yes,Synthetic demo order
#3369,Customer0639@example.com,Refunded,2025-10-15 14:52:23 +0000,2025-10-16,69.16,1,Sample item 03,Customer 0639,555-0139,Express,5.00,0.00,0.00,yes,Synthetic demo order
#3368,Guest,paid,2025-10-15T12:31:45Z,2025-10-20,70.48,2,Sample item 08,Customer 0866,555-0166,Express,5.00,0.00,0.00,yes,Synthetic demo order
#3367,customer0631@example.com,Paid,2025-10-14 11:34:20 +0000,2025-10-15,"13,70",1,Sample item 06,Customer 0631,555-0131,Pickup,5.00,0.00,0.00,no,Synthetic demo order
#3366,customer1452@example.com,paid,14 Oct 2025,2025-10-17,75.60,3,Sample item 09,Customer 1452,555-0152,Express,5.00,0.00,0.00,no,Synthetic demo order
#3365,customer0742@example.com,refunded,2025-10-13 22:31:41 -0500,2025-10-16,$50.12,1,Sample item 03,Customer 0742,555-0142,Pickup,5.00,0.00,0.00,no,Synthetic demo order
#3364,customer1304@example.com,paid,2025-10-13 21:39:54 +0000,2025-10-18,$7.69,1,Sample item 02,Customer 1304,555-0104,Standard,0.00,0.00,0.00,yes,Synthetic demo order
#3364,customer1304@example.com,paid,2025-10-13 21:39:54 +0000,2025-10-18,72.67,3,Sample item 04,Customer 1304,555-0104,Express,5.00,0.00,0.00,no,Synthetic demo order
#3363,customer0250@example.com,refunded,2025-10-13T21:02:38Z,2025-10-15,31.45,2,Sample item 08,Customer 0250,555-0150,Pickup,5.00,0.00,0.00,yes,Synthetic demo order
#3362,customer1385@example.com,paid,"Oct 13, 2025",2025-10-18,55.74,2,Sample item 03,Customer 1385,555-0185,Express,5.00,0.00,0.00,no,Synthetic demo order
#3361,customer0494@example.com,Paid,2025-10-13 04:02:57 +0000,2025-10-16,"0,29",1,Sample item 05,Customer 0494,555-0194,Standard,0.00,0.00,0.00,yes,Synthetic demo order
#3361,customer0494@example.com,Paid,2025-10-13 04:02:57 +0000,2025-10-16,37.33,3,Sample item 07,Customer 0494,555-0194,Standard,0.00,0.00,0.00,yes,Synthetic demo order
#3361,customer0494@example.com,paid,2025-10-13 04:02:57 +0000,2025-10-16,24.87,3,Sample item 02,Customer 0494,555-0194,Standard,5.00,0.00,0.00,yes,Synthetic demo order
#3360,customer0309@example.com,paid,2025-10-13T02:07:54Z,2025-10-18,$54.92,1,Sample item 03,Customer 0309,555-0109,Express,5.00,0.00,0.00,no,Synthetic demo order
#3359,customer0316@example.com,paid,10/12/2025 22:22,2025-10-16,30.02,2,Sample item 06,Customer 0316,555-0116,Pickup,5.00,0.00,0.00,no,Synthetic demo order
#3358,customer0255@example.com,Cancelled,2025-10-12 12:47:14 +0000,2025-10-16,17.66,3,Sample item 07,Customer 0255,555-0155,Pickup,5.00,0.00,0.00,yes,Synthetic demo order
#3357,customer0018@example.com,paid,10/11/2025 20:41,2025-10-14,55.42,2,Sample item 05,Customer 0018,555-0118,Express,5.00,0.00,0.00,no,Synthetic demo order
#3356,customer0333@example.com,paid,2025-10-11T20:21:40Z,2025-10-15,"92,07",3,Sample item 09,Customer 0333,555-0133,Pickup,5.00,0.00,0.00,no,Synthetic demo order
#3355,customer1098@example.com,Cancelled,10/11/2025 19:02,2025-10-12,$29.13,1,Sample item 06,Customer 1098,555-0198,Standard,5.00,0.00,0.00,yes,Synthetic demo order
#3354,,Pending,10/11/2025 16:19,2025-10-15,$78.36,1,Sample item 01,Customer 1165,555-0165,Pickup,5.00,0.00,0.00,yes,Synthetic demo order
#3353,Customer1048@example.com,Paid,"Oct 11, 2025",2025-10-12,35.46,1,Sample item 06,Customer 1048,555-0148,Pickup,5.00,0.00,0.00,no,Synthetic demo order
#3352,customer1240@example.com,Paid,2025-10-11 08:03:18 +0000,2025-10-13,$18.62,3,Sample item 04,Customer 1240,555-0140,Standard,0.00,0.00,0.00,yes,Synthetic demo order
#3352,customer1240@example.com,paid,2025-10-11 08:03:18 +0000,2025-10-13,$13.69,3,Sample item 09,Customer 1240,555-0140,Pickup,5.00,0.00,0.00,yes,Synthetic demo order
#3351,Customer0563@example.com,paid,10/11/2025 04:26,2025-10-15,97.12,1,Sample item 03,Customer 0563,555-0163,Standard,5.00,0.00,0.00,yes,Synthetic demo order
#3350,customer0002@example.com,paid,"Oct 10, 2025",2025-10-11,50.38,1,Sample item 08,Customer 0002,555-0102,Express,5.00,0.00,0.00,yes,Synthetic demo order
#3349,customer0852@example.com,paid,2025-10-10 02:30:56 +0000,2025-10-14,$41.53,3,Sample item 03,Customer 0852,555-0152,Standard,5.00,0.00,0.00,no,Synthetic demo order
#3348,customer0215@example.com,paid,2025-10-09 18:29:19 UTC,2025-10-13,11.03,1,Sample item 08,Customer 0215,555-0115,Pickup,5.00,0.00,0.00,yes,Synthetic demo order
#3347,Customer0306@example.com,paid,2025-10-09 16:55:15 +0000,2025-10-12,47.78,3,Sample item 09,Customer 0306,555-0106,Standard,5.00,0.00,0.00,yes,Synthetic demo order
#3346,customer0645@example.com,Pending,2025-10-09T12:41:16Z,2025-10-12,"28,09",1,Sample item 09,Customer 0645,555-0145,Express,5.00,0.00,0.00,yes,Synthetic demo order
#3345,customer0304@example.com,paid,2025-10-09 02:50:43 UTC,2025-10-14,$46.28,2,Sample item 05,Customer 0304,555-0104,Express,5.00,0.00,0.00,yes,Synthetic demo order
#3344,customer0520@example.com,paid,2025-10-08 19:49:27 UTC,2025-10-11,29.73,3,Sample item 02,Customer 0520,555-0120,Express,5.00,0.00,0.00,no,Synthetic demo order
#3343,customer0115@example.com,paid,2025-10-08 11:57:01 -0500,2025-10-13,37.81,3,Sample item 08,Customer 0115,555-0115,Standard,5.00,0.00,0.00,no,Synthetic demo order
#3342,customer1496@example.com,paid,2025-10-08 07:54:53 +0000,2025-10-10,$51.48,2,Sample item 02,Customer 1496,555-0196,Pickup,5.00,0.00,0.00,yes,Synthetic demo order
#3341,customer0263@example.com,PAID,2025-10-07 19:24:20 +0000,2025-10-11,26.79,2,Sample item 06,Customer 0263,555-0163,Standard,5.00,0.00,0.00,no,Synthetic demo order
#3340,customer0779@example.com,pending,07 Oct 2025,2025-10-12,$48.93,3,Sample item 05,Customer 0779,555-0179,Standard,5.00,0.00,0.00,yes,Synthetic demo order
#3339,customer1335@example.com,paid,2025-10-07 10:13:23 +0000,2025-10-12,98.77,1,Sample item 01,Customer 1335,555-0135,Express,5.00,0.00,0.00,no,Synthetic demo order
#3338,customer0317@example.com,paid,2025-10-07 09:42:09 UTC,2025-10-11,$14.42,2,Sample item 09,Customer 0317,555-0117,Express,0.00,0.00,0.00,yes,Synthetic demo order
#3338,customer0317@example.com,PAID,2025-10-07 09:42:09 UTC,2025-10-11,23.90,3,Sample item 02,Customer 0317,555-0117,Express,5.00,0.00,0.00,yes,Synthetic demo order
#3337,customer0176@example.com,paid,2025-10-06 14:47:55 +0000,2025-10-07,43.87,3,Sample item 01,Customer 0176,555-0176,Express,5.00,0.00,0.00,no,Synthetic demo order
#3336,Customer0656@example.com,paid,2025-10-06 12:21:04 UTC,2025-10-08,85.51,1,Sample item 10,Customer 0656,555-0156,Express,5.00,0.00,0.00,no,Synthetic demo order
#3335,customer1252@example.com,paid,10/06/2025 09:12,2025-10-10,$37.18,3,Sample item 04,Customer 1252,555-0152,Express,5.00,0.00,0.00,yes,Synthetic demo order
#3334,customer1074@example.com,Paid,2025-10-06 07:47:27 +0000,2025-10-11,$42.21,1,Sample item 11,Customer 1074,555-0174,Pickup,5.00,0.00,0.00,no,Synthetic demo order
#3333,customer0072@example.com,Paid,2025-10-06 05:45:57 UTC,2025-10-07,30.59,2,Sample item 11,Customer 0072,555-0172,Express,5.00,0.00,0.00,no,Synthetic demo order
#3332,customer0775@example.com,paid,2025-10-06T04:31:44Z,2025-10-07,$32.12,1,Sample item 02,Customer 0775,555-0175,Express,5.00,0.00,0.00,no,Synthetic demo order
#3331,Customer0447@example.com,paid,2025-10-06 03:40:04 +0200,2025-10-07,"60,31",3,Sample item 02,Customer 0447,555-0147,Express,5.00,0.00,0.00,no,Synthetic demo order
#3330,customer0638@example.com,CANCELLED,2025-10-05 23:47:41 +0000,2025-10-08,58.56,2,Sample item 06,Customer 0638,555-0138,Pickup,5.00,0.00,0.00,no,Synthetic demo order
#3329,customer0574@example.com,paid,2025-10-05T22:52:11Z,2025-10-10,21.18,2,Sample item 03,Customer 0574,555-0174,Standard,0.00,0.00,0.00,no,Synthetic demo order
#3329,customer0574@example.com,Paid,2025-10-05T22:52:11Z,2025-10-10,$9.42,2,Sample item 08,Customer 0574,555-0174,Pickup,5.00,0.00,0.00,no,Synthetic demo order
#3328,,paid,2025-10-05T16:02:49Z,2025-10-09,96.79,1,Sample item 06,Customer 0654,555-0154,Pickup,5.00,0.00,0.00,yes,Synthetic demo order
#3327,customer0354@example.com,paid,2025-10-05 11:26:46 UTC,2025-10-08,$55.95,2,Sample item 09,Customer 0354,555-0154,Standard,5.00,0.00,0.00,no,Synthetic demo order
#3326,customer1255@example.com,PAID,2025-10-05 07:52:12 +0000,2025-10-06,"55,67",1,Sample item 09,Customer 1255,555-0155,Express,5.00,0.00,0.00,no,Synthetic demo order
#3325,customer1010@example.com,paid,"Oct 05, 2025",2025-10-09,$47.63,2,Sample item 02,Customer 1010,555-0110,Pickup,5.00,0.00,0.00,yes,Synthetic demo order
#3324,Guest,cancelled,2025-10-05 03:38:22 UTC,2025-10-09,19.51,1,Sample item 08,Customer 0801,555-0101,Standard,5.00,0.00,0.00,yes,Synthetic demo order
#3323,customer0236@example.com,paid,2025-10-05 02:14:01 +0000,2025-10-06,$44.93,2,Sample item 09,Customer 0236,555-0136,Express,5.00,0.00,0.00,yes,Synthetic demo order
#3322,customer1319@example.com,paid,2025-10-05T01:01:08Z,2025-10-09,59.38,1,Sample item 06,Customer 1319,555-0119,Pickup,5.00,0.00,0.00,no,Synthetic demo order
#3321,customer0440@example.com,paid,2025-10-04T22:45:03Z,2025-10-07,47.04,1,Sample item 03,Customer 0440,555-0140,Express,5.00,0.00,0.00,no,Synthetic demo order
#3320,customer0665@example.com,paid,2025-10-04T19:51:04Z,2025-10-08,29.25,2,Sample item 04,Customer 0665,555-0165,Express,0.00,0.00,0.00,yes,Synthetic demo order
#3320,customer0665@example.com,paid,2025-10-04T19:51:04Z,2025-10-08,"13,03",2,Sample item 09,Customer 0665,555-0165,Standard,5.00,0.00,0.00,no,Synthetic demo order
#3319,customer0279@example.com,paid,2025-10-04 17:30:56 +0000,2025-10-08,44.06,2,Sample item 07,Customer 0279,555-0179,Pickup,5.00,0.00,0.00,yes,Synthetic demo order
#3318,customer0956@example.com,voided,2025-10-04T17:22:06Z,2025-10-07,15.10,3,Sample item 05,Customer 0956,555-0156,Pickup,5.00,0.00,0.00,no,Synthetic demo order
#3317,customer1021@example.com,paid,2025-10-04 13:14:57 +0200,2025-10-06,"32,67",3,Sample item 08,Customer 1021,555-0121,Pickup,5.00,0.00,0.00,yes,Synthetic demo order
#3316,customer0947@example.com,paid,2025-10-04 08:51:20 +0000,2025-10-05,25.81,1,Sample item 04,Customer 0947,555-0147,Express,5.00,0.00,0.00,no,Synthetic demo order
#3315,customer0927@example.com,paid,2025-10-04 03:41:09 +0000,2025-10-06,17.87,3,Sample item 02,Customer 0927,555-0127,Express,5.00,0.00,0.00,yes,Synthetic demo order
#3314,customer0344@example.com,paid,2025-10-03 22:33:42 +0000,2025-10-08,42.95,1,Sample item 06,Customer 0344,555-0144,Express,5.00,0.00,0.00,no,Synthetic demo order
#3313,customer0578@example.com,voided,10/03/2025 21:09,2025-10-07,USD 53.20,1,Sample item 01,Customer 0578,555-0178,Pickup,5.00,0.00,0.00,yes,Synthetic demo order
#3312,customer0389@example.com,paid,10/03/2025 16:16,2025-10-08,USD 44.80,2,Sample item 08,Customer 0389,555-0189,Pickup,5.00,0.00,0.00,yes,Synthetic demo order
#3311,customer0259@example.com,paid,2025-10-03 16:10:19 +0200,2025-10-07,$36.60,3,Sample item 09,Customer 0259,555-0159,Express,5.00,0.00,0.00,no,Synthetic demo order
#3310,customer0427@example.com,paid,2025-10-02 21:12:16 +0000,2025-10-03,$42.15,1,Sample item 07,Customer 0427,555-0127,Express,5.00,0.00,0.00,no,Synthetic demo order
#3309,customer0060@example.com,paid,02 Oct 2025,2025-10-06,63.85,1,Sample item 11,Customer 0060,555-0160,Pickup,5.00,0.00,0.00,yes,Synthetic demo order
#3308,customer0324@example.com,Refunded,2025-10-02T10:24:11Z,2025-10-03,16.63,3,Sample item 06,Customer 0324,555-0124,Express,5.00,0.00,0.00,yes,Synthetic demo order
#3307,customer0773@example.com,paid,2025-10-02T03:03:12Z,2025-10-03,25.76,1,Sample item 09,Customer 0773,555-0173,Pickup,5.00,0.00,0.00,yes,Synthetic demo order
#3306,customer0045@example.com,PAID,2025-10-02T02:26:39Z,2025-10-03,22.98,3,Sample item 11,Customer 0045,555-0145,Standard,5.00,0.00,0.00,no,Synthetic demo order
#3305,customer0332@example.com,paid,2025-10-01 16:03:48 +0000,2025-10-02,$61.47,2,Sample item 03,Customer 0332,555-0132,Pickup,5.00,0.00,0.00,no,Synthetic demo order
#3304,customer0429@example.com,Paid,01 Oct 2025,2025-10-02,41.10,2,Sample item 02,Customer 0429,555-0129,Pickup,5.00,0.00,0.00,no,Synthetic demo order
#3303,Customer0689@example.com,paid,09/30/2025 21:17,2025-10-01,32.97,1,Sample item 04,Customer 0689,555-0189,Express,5.00,0.00,0.00,no,Synthetic demo order
#3302,customer1280@example.com,paid,2025-09-30 17:42:48 +0000,2025-10-03,40.85,1,Sample item 06,Customer 1280,555-0180,Standard,5.00,0.00,0.00,yes,Synthetic demo order
#3301,customer0921@example.com,Paid,2025-09-30T14:45:13Z,2025-10-01,19.38,2,Sample item 01,Customer 0921,555-0121,Pickup,0.00,0.00,0.00,no,Synthetic demo order
#3301,customer0921@example.com,paid,2025-09-30T14:45:13Z,2025-10-01,19.83,1,Sample item 04,Customer 0921,555-0121,Express,5.00,0.00,0.00,no,Synthetic demo order
#3300,customer0053@example.com,paid,09/30/2025 14:13,2025-10-01,23.37,1,Sample item 10,Customer 0053,555-0153,Express,0.00,0.00,0.00,no,Synthetic demo order
#3300,customer0053@example.com,paid,09/30/2025 14:13,2025-10-01,40.41,1,Sample item 03,Customer 0053,555-0153,Standard,5.00,0.00,0.00,no,Synthetic demo order
#3299,customer0934@example.com,paid,2025-09-30 12:30:36 +0000,2025-10-03,$42.47,1,Sample item 09,Customer 0934,555-0134,Express,5.00,0.00,0.00,no,Synthetic demo order
#3298,customer0941@example.com,Voided,09/30/2025 07:29,2025-10-05,29.60,2,Sample item 10,Customer 0941,555-0141,Standard,5.00,0.00,0.00,yes,Synthetic demo order
#3297,Guest,paid,not available,2025-10-04,$22.60,2,Sample item 04,Customer 1017,555-0117,Pickup,5.00,0.00,0.00,no,Synthetic demo order
#3296,customer0671@example.com,paid,29 Sep 2025,2025-10-02,34.83,1,Sample item 02,Customer 0671,555-0171,Standard,5.00,0.00,0.00,no,Synthetic demo order
#3295,customer0571@example.com,paid,2025-09-29T20:12:34Z,2025-09-30,31.85,3,Sample item 06,Customer 0571,555-0171,Express,5.00,0.00,0.00,no,Synthetic demo order
#3294,customer0417@example.com,paid,09/29/2025 00:32,2025-10-01,28.33,3,Sample item 08,Customer 0417,555-0117,Express,5.00,0.00,0.00,no,Synthetic demo order
#3293,customer1083@example.com,refunded,2025-09-28 18:54:04 UTC,2025-10-01,28.72,1,Sample item 10,Customer 1083,555-0183,Standard,5.00,0.00,0.00,no,Synthetic demo order
#3292,,PAID,2025-09-28 17:38:10 UTC,2025-10-02,35.78,3,Sample item 02,Customer 0020,555-0120,Standard,0.00,0.00,0.00,yes,Synthetic demo order
#3292,,paid,2025-09-28 17:38:10 UTC,2025-10-02,5.17,2,Sample item 06,Customer 0020,555-0120,Standard,5.00,0.00,0.00,yes,Synthetic demo order
#3291,customer0562@example.com,paid,2025-09-28 10:05:49 +0000,2025-10-02,$71.24,1,Sample item 06,Customer 0562,555-0162,Express,5.00,0.00,0.00,no,Synthetic demo order
#3290,Customer0294@example.com,Paid,2025-09-28 04:36:49 +0000,2025-10-02,65.78,2,Sample item 08,Customer 0294,555-0194,Standard,5.00,0.00,0.00,no,Synthetic demo order
#3289,customer0511@example.com,paid,2025-09-27T13:53:11Z,2025-10-02,167.43,3,Sample item 05,Customer 0511,555-0111,Standard,5.00,0.00,0.00,yes,Synthetic demo order
#3288,customer1412@example.com,Paid,2025-09-27 08:00:09 +0000,2025-10-01,$14.58,1,Sample item 01,Customer 1412,555-0112,Standard,0.00,0.00,0.00,yes,Synthetic demo order
#3288,customer1412@example.com,paid,2025-09-27 08:00:09 +0000,2025-10-01,1.18,1,Sample item 02,Customer 1412,555-0112,Pickup,0.00,0.00,0.00,no,Synthetic demo order
#3288,customer1412@example.com,paid,2025-09-27 08:00:09 +0000,2025-10-01,14.80,2,Sample item 07,Customer 1412,555-0112,Standard,5.00,0.00,0.00,no,Synthetic demo order
#3287,customer0631@example.com,Paid,27 Sep 2025,2025-09-28,26.14,1,Sample item 10,Customer 0631,555-0131,Pickup,5.00,0.00,0.00,no,Synthetic demo order
#3286,customer0052@example.com,refunded,27 Sep 2025,2025-09-29,USD 77.96,2,Sample item 08,Customer 0052,555-0152,Pickup,5.00,0.00,0.00,no,Synthetic demo order
#3285,customer0608@example.com,paid,2025-09-26 22:36:58 +0000,2025-09-29,$25.16,1,Sample item 03,Customer 0608,555-0108,Express,5.00,0.00,0.00,no,Synthetic demo order
#3284,Customer0749@example.com,Paid,26 Sep 2025,2025-10-01,"33,68",3,Sample item 01,Customer 0749,555-0149,Express,0.00,0.00,0.00,yes,Synthetic demo order
#3284,Customer0749@example.com,paid,26 Sep 2025,2025-10-01,1.00,2,Sample item 10,Customer 0749,555-0149,Pickup,5.00,0.00,0.00,no,Synthetic demo order
#3283,customer1409@example.com,paid,2025-09-25 15:42:44 UTC,2025-09-29,55.97,2,Sample item 08,Customer 1409,555-0109,Express,5.00,0.00,0.00,yes,Synthetic demo order
#3282,customer0029@example.com,refunded,2025-09-25 10:23:08 +0000,2025-09-30,25.38,1,Sample item 01,Customer 0029,555-0129,Standard,5.00,0.00,0.00,no,Synthetic demo order
#3281,customer1176@example.com,paid,2025-09-25 10:22:52 +0000,2025-09-26,26.23,2,Sample item 04,Customer 1176,555-0176,Pickup,5.00,0.00,0.00,yes,Synthetic demo order
#3280,Guest,paid,25 Sep 2025,2025-09-26,"50,65",2,Sample item 03,Customer 0499,555-0199,Express,5.00,0.00,0.00,yes,Synthetic demo order
#3279,customer1203@example.com,pending,09/24/2025 21:22,2025-09-26,USD 36.91,2,Sample item 07,Customer 1203,555-0103,Express,5.00,0.00,0.00,no,Synthetic demo order
#3278,customer0542@example.com,paid,2025-09-24 02:02:26 +0000,2025-09-27,n/a,2,Sample item 02,Customer 0542,555-0142,Standard,5.00,0.00,0.00,no,Synthetic demo order
#3277,customer1103@example.com,Paid,24 Sep 2025,2025-09-26,51.78,3,Sample item 03,Customer 1103,555-0103,Standard,5.00,0.00,0.00,yes,Synthetic demo order
#3276,customer1391@example.com,paid,2025-09-23 19:34:53 +0000,2025-09-27,$71.00,2,Sample item 06,Customer 1391,555-0191,Pickup,5.00,0.00,0.00,yes,Synthetic demo order
#3275,customer0507@example.com,paid,2025-09-23T19:28:55Z,2025-09-25,97.44,2,Sample item 05,Customer 0507,555-0107,Express,5.00,0.00,0.00,yes,Synthetic demo order
#3274,customer0407@example.com,paid,23 Sep 2025,2025-09-28,"58,93",3,Sample item 07,Customer 0407,555-0107,Pickup,5.00,0.00,0.00,yes,Synthetic demo order
#3273,customer1351@example.com,refunded,2025-09-23 13:34:44 -0500,2025-09-28,$16.71,1,Sample item 04,Customer 1351,555-0151,Express,5.00,0.00,0.00,no,Synthetic demo order
#3272,customer0342@example.com,paid,23 Sep 2025,2025-09-26,30.98,2,Sample item 05,Customer 0342,555-0142,Standard,5.00,0.00,0.00,no,Synthetic demo order
#3271,Customer0433@example.com,Paid,"Sep 23, 2025",2025-09-24,49.04,3,Sample item 06,Customer 0433,555-0133,Express,5.00,0.00,0.00,no,Synthetic demo order
#3270,,paid,22 Sep 2025,2025-09-27,28.54,2,Sample item 01,Customer 0539,555-0139,Pickup,5.00,0.00,0.00,no,Synthetic demo order
#3269,customer0824@example.com,paid,09/22/2025 14:15,2025-09-24,39.75,2,Sample item 03,Customer 0824,555-0124,Standard,0.00,0.00,0.00,no,Synthetic demo order
#3269,customer0824@example.com,paid,09/22/2025 14:15,2025-09-24,49.32,3,Sample item 07,Customer 0824,555-0124,Pickup,5.00,0.00,0.00,yes,Synthetic demo order
#3268,customer1394@example.com,paid,2025-09-21T12:12:43Z,2025-09-23,"67,87",2,Sample item 04,Customer 1394,555-0194,Pickup,5.00,0.00,0.00,no,Synthetic demo order
#3267,customer0283@example.com,Refunded,09/21/2025 11:00,2025-09-26,"25,14",1,Sample item 09,Customer 0283,555-0183,Pickup,0.00,0.00,0.00,yes,Synthetic demo order
#3267,customer0283@example.com,refunded,09/21/2025 11:00,2025-09-26,10.63,2,Sample item 05,Customer 0283,555-0183,Pickup,5.00,0.00,0.00,yes,Synthetic demo order
#3266,customer1010@example.com,paid,09/21/2025 01:52,2025-09-22,USD 53.05,1,Sample item 07,Customer 1010,555-0110,Standard,5.00,0.00,0.00,no,Synthetic demo order
#3265,customer0918@example.com,Paid,2025-09-20 20:24:42 UTC,2025-09-22,$32.46,1,Sample item 03,Customer 0918,555-0118,Standard,5.00,0.00,0.00,yes,Synthetic demo order
#3264,Customer0629@example.com,paid,2025-09-20 18:20:54 +0000,2025-09-21,51.72,1,Sample item 02,Customer 0629,555-0129,Standard,5.00,0.00,0.00,yes,Synthetic demo order
#3263,customer0671@example.com,partially_refunded,09/20/2025 10:30,2025-09-22,60.78,2,Sample item 03,Customer 0671,555-0171,Pickup,5.00,0.00,0.00,yes,Synthetic demo order
#3262,customer0290@example.com,paid,2025-09-20 09:41:04 +0000,2025-09-23,$34.38,1,Sample item 01,Customer 0290,555-0190,Express,5.00,0.00,0.00,yes,Synthetic demo order
#3261,customer0263@example.com,paid,09/20/2025 05:52,2025-09-21,"30,81",1,Sample item 11,Customer 0263,555-0163,Pickup,5.00,0.00,0.00,no,Synthetic demo order
#3260,customer0861@example.com,Paid,2025-09-20T01:32:19Z,2025-09-25,USD 24.08,3,Sample item 08,Customer 0861,555-0161,Pickup,5.00,0.00,0.00,no,Synthetic demo order
#3259,customer1122@example.com,paid,2025-09-19T23:38:54Z,2025-09-21,43.16,3,Sample item 02,Customer 1122,555-0122,Pickup,5.00,0.00,0.00,yes,Synthetic demo order
#3258,customer0707@example.com,paid,2025-09-19 12:17:02 +0000,2025-09-23,$24.04,2,Sample item 04,Customer 0707,555-0107,Express,5.00,0.00,0.00,no,Synthetic demo order
#3257,customer0469@example.com,paid,2025-09-19 09:48:11 +0000,2025-09-22,$1.97,3,Sample item 09,Customer 0469,555-0169,Standard,0.00,0.00,0.00,no,Synthetic demo order
#3257,customer0469@example.com,paid,2025-09-19 09:48:11 +0000,2025-09-22,15.34,2,Sample item 08,Customer 0469,555-0169,Express,0.00,0.00,0.00,no,Synthetic demo order
#3257,customer0469@example.com,paid,2025-09-19 09:48:11 +0000,2025-09-22,9.06,1,Sample item 01,Customer 0469,555-0169,Express,5.00,0.00,0.00,yes,Synthetic demo order
#3256,customer0041@example.com,paid,"Sep 19, 2025",2025-09-22,$26.33,3,Sample item 11,Customer 0041,555-0141,Express,5.00,0.00,0.00,no,Synthetic demo order
#3255,customer0044@example.com,Paid,2025-09-19T04:32:14Z,2025-09-23,143.89,3,Sample item 08,Customer 0044,555-0144,Express,5.00,0.00,0.00,no,Synthetic demo order
#3254,customer1142@example.com,paid,2025-09-19 03:55:11 +0000,2025-09-24,$13.70,2,Sample item 10,Customer 1142,555-0142,Pickup,0.00,0.00,0.00,yes,Synthetic demo order
#3254,customer1142@example.com,paid,2025-09-19 03:55:11 +0000,2025-09-24,$16.21,1,Sample item 03,Customer 1142,555-0142,Express,5.00,0.00,0.00,yes,Synthetic demo order
#3253,customer0193@example.com,paid,09/18/2025 04:36,2025-09-22,$16.89,1,Sample item 02,Customer 0193,555-0193,Pickup,0.00,0.00,0.00,yes,Synthetic demo order
#3253,customer0193@example.com,paid,09/18/2025 04:36,2025-09-22,27.38,3,Sample item 07,Customer 0193,555-0193,Standard,5.00,0.00,0.00,yes,Synthetic demo order
#3252,customer0317@example.com,paid,09/17/2025 23:58,2025-09-18,USD 31.38,2,Sample item 10,Customer 0317,555-0117,Express,5.00,0.00,0.00,no,Synthetic demo order
#3251,Customer0357@example.com,paid,09/17/2025 22:09,2025-09-19,USD 29.98,1,Sample item 10,Customer 0357,555-0157,Express,5.00,0.00,0.00,no,Synthetic demo order
#3250,customer0166@example.com,paid,2025-09-17T17:58:33Z,2025-09-21,35.67,1,Sample item 07,Customer 0166,555-0166,Express,5.00,0.00,0.00,yes,Synthetic demo order
#3249,customer0928@example.com,paid,2025-09-17 14:41:36 +0000,2025-09-20,57.77,1,Sample item 04,Customer 0928,555-0128,Standard,5.00,0.00,0.00,no,Synthetic demo order
#3248,customer0048@example.com,paid,09/17/2025 08:54,2025-09-22,$34.56,2,Sample item 05,Customer 0048,555-0148,Standard,5.00,0.00,0.00,yes,Synthetic demo order
#3247,customer0240@example.com,paid,2025-09-17 05:00:43 UTC,2025-09-22,45.39,3,Sample item 04,Customer 0240,555-0140,Standard,5.00,0.00,0.00,yes,Synthetic demo order
#3246,customer1410@example.com,PAID,2025-09-17T02:53:40Z,2025-09-19,9.88,1,Sample item 03,Customer 1410,555-0110,Express,0.00,0.00,0.00,yes,Synthetic demo order
#3246,customer1410@example.com,paid,2025-09-17T02:53:40Z,2025-09-19,21.46,1,Sample item 02,Customer 1410,555-0110,Pickup,5.00,0.00,0.00,no,Synthetic demo order
#3245,customer0061@example.com,paid,2025-09-16T23:18:53Z,2025-09-19,"35,48",1,Sample item 01,Customer 0061,555-0161,Standard,5.00,0.00,0.00,no,Synthetic demo order
#3244,customer1202@example.com,paid,16 Sep 2025,2025-09-21,"26,34",1,Sample item 08,Customer 1202,555-0102,Standard,5.00,0.00,0.00,yes,Synthetic demo order
#3243,customer0572@example.com,paid,"Sep 16, 2025",2025-09-17,39.85,1,Sample item 08,Customer 0572,555-0172,Express,5.00,0.00,0.00,yes,Synthetic demo order
#3242,customer0519@example.com,paid,2025-09-15 22:07:31 UTC,2025-09-19,$30.66,1,Sample item 11,Customer 0519,555-0119,Express,5.00,0.00,0.00,no,Synthetic demo order
#3241,Customer0490@example.com,Paid,15 Sep 2025,2025-09-18,27.90,3,Sample item 02,Customer 0490,555-0190,Standard,5.00,0.00,0.00,yes,Synthetic demo order
#3240,customer0631@example.com,paid,2025-09-15 16:31:23 UTC,2025-09-19,26.07,1,Sample item 09,Customer 0631,555-0131,Express,5.00,0.00,0.00,yes,Synthetic demo order
#3239,customer1304@example.com,paid,09/15/2025 16:03,2025-09-16,63.42,2,Sample item 04,Customer 1304,555-0104,Standard,5.00,0.00,0.00,no,Synthetic demo order
#3238,customer0018@example.com,paid,2025-09-15 14:21:04 +0200,2025-09-20,$44.23,2,Sample item 02,Customer 0018,555-0118,Pickup,5.00,0.00,0.00,no,Synthetic demo order
#3237,customer0800@example.com,paid,"Sep 15, 2025",2025-09-17,$44.17,3,Sample item 05,Customer 0800,555-0100,Express,5.00,0.00,0.00,yes,Synthetic demo order
#3236,customer0514@example.com,paid,09/15/2025 08:53,2025-09-18,23.23,2,Sample item 05,Customer 0514,555-0114,Pickup,5.00,0.00,0.00,yes,Synthetic demo order
#3235,customer1252@example.com,paid,2025-09-14T22:07:13Z,2025-09-19,14.70,3,Sample item 03,Customer 1252,555-0152,Pickup,5.00,0.00,0.00,no,Synthetic demo order
#3234,customer0503@example.com,paid,2025-09-14T17:52:04Z,2025-09-16,77.51,2,Sample item 04,Customer 0503,555-0103,Express,5.00,0.00,0.00,no,Synthetic demo order
#3233,customer0150@example.com,Paid,2025-09-14 17:06:36 +0000,2025-09-18,$49.61,2,Sample item 04,Customer 0150,555-0150,Standard,5.00,0.00,0.00,no,Synthetic demo order
#3232,customer1211@example.com,paid,2025-09-14 17:02:55 +0000,2025-09-19,15.07,1,Sample item 04,Customer 1211,555-0111,Pickup,5.00,0.00,0.00,yes,Synthetic demo order
#3231,customer0957@example.com,paid,13 Sep 2025,2025-09-17,$67.17,1,Sample item 02,Customer 0957,555-0157,Express,5.00,0.00,0.00,no,Synthetic demo order
#3230,customer1009@example.com,paid,"Sep 13, 2025",2025-09-15,$61.03,3,Sample item 07,Customer 1009,555-0109,Express,5.00,0.00,0.00,no,Synthetic demo order
#3229,customer0261@example.com,paid,09/13/2025 11:30,2025-09-15,5.60,2,Sample item 03,Customer 0261,555-0161,Standard,0.00,0.00,0.00,no,Synthetic demo order
#3229,customer0261@example.com,paid,09/13/2025 11:30,2025-09-15,43.13,2,Sample item 06,Customer 0261,555-0161,Pickup,5.00,0.00,0.00,no,Synthetic demo order
#3228,customer0396@example.com,Paid,2025-09-13T10:53:27Z,2025-09-14,36.25,3,Sample item 09,Customer 0396,555-0196,Express,5.00,0.00,0.00,no,Synthetic demo order
#3227,Customer0176@example.com,Paid,2025-09-12 17:19:44 UTC,2025-09-13,34.28,2,Sample item 01,Customer 0176,555-0176,Pickup,0.00,0.00,0.00,no,Synthetic demo order
#3227,Customer0176@example.com,Paid,2025-09-12 17:19:44 UTC,2025-09-13,4.10,1,Sample item 09,Customer 0176,555-0176,Pickup,5.00,0.00,0.00,no,Synthetic demo order
#3226,customer0137@example.com,cancelled,09/12/2025 13:56,2025-09-13,50.62,2,Sample item 03,Customer 0137,555-0137,Express,5.00,0.00,0.00,no,Synthetic demo order
#3225,customer1185@example.com,paid,2025-09-12 13:43:36 +0000,2025-09-16,37.11,1,Sample item 03,Customer 1185,555-0185,Express,5.00,0.00,0.00,no,Synthetic demo order
#3224,customer1162@example.com,Paid,2025-09-12T13:30:48Z,2025-09-17,$61.94,3,Sample item 04,Customer 1162,555-0162,Standard,5.00,0.00,0.00,no,Synthetic demo order
#3223,Customer1166@example.com,paid,09/12/2025 11:05,2025-09-15,"37,82",3,Sample item 03,Customer 1166,555-0166,Pickup,5.00,0.00,0.00,yes,Synthetic demo order
#3222,customer1010@example.com,paid,2025-09-12 03:31:57 +0000,2025-09-16,$35.98,3,Sample item 02,Customer 1010,555-0110,Pickup,5.00,0.00,0.00,yes,Synthetic demo order
#3221,customer0159@example.com,paid,"Sep 11, 2025",2025-09-14,39.72,3,Sample item 06,Customer 0159,555-0159,Express,5.00,0.00,0.00,yes,Synthetic demo order
#3220,Customer1035@example.com,paid,2025-09-11 18:10:25 -0500,2025-09-13,$112.85,3,Sample item 04,Customer 1035,555-0135,Express,5.00,0.00,0.00,yes,Synthetic demo order
#3219,customer0013@example.com,paid,2025-09-11 17:40:39 UTC,2025-09-16,36.29,1,Sample item 03,Customer 0013,555-0113,Standard,5.00,0.00,0.00,no,Synthetic demo order
#3218,customer0119@example.com,paid,09/11/2025 14:11,2025-09-12,34.04,3,Sample item 04,Customer 0119,555-0119,Standard,5.00,0.00,0.00,yes,Synthetic demo order
#3217,Customer1409@example.com,paid,11 Sep 2025,2025-09-15,65.79,1,Sample item 01,Customer 1409,555-0109,Express,5.00,0.00,0.00,no,Synthetic demo order
#3216,Customer1378@example.com,paid,2025-09-11 13:14:33 +0000,2025-09-16,26.02,1,Sample item 02,Customer 1378,555-0178,Standard,5.00,0.00,0.00,yes,Synthetic demo order
#3215,customer0631@example.com,paid,2025-09-11 13:05:56 +0000,2025-09-13,14.22,3,Sample item 11,Customer 0631,555-0131,Standard,5.00,0.00,0.00,yes,Synthetic demo order
#3214,customer0200@example.com,paid,09/11/2025 09:32,2025-09-13,68.99,1,Sample item 09,Customer 0200,555-0100,Express,5.00,0.00,0.00,no,Synthetic demo order
#3213,customer1491@example.com,paid,2025-09-11T04:43:37Z,2025-09-14,60.13,3,Sample item 10,Customer 1491,555-0191,Pickup,5.00,0.00,0.00,yes,Synthetic demo order
#3212,customer0255@example.com,PARTIALLY_REFUNDED,2025-09-11 00:46:15 +0000,2025-09-16,$27.39,1,Sample item 11,Customer 0255,555-0155,Pickup,5.00,0.00,0.00,no,Synthetic demo order
#3211,customer0143@example.com,paid,2025-09-10 17:14:55 +0000,2025-09-14,47.30,1,Sample item 01,Customer 0143,555-0143,Express,5.00,0.00,0.00,yes,Synthetic demo order
#3210,Customer1143@example.com,paid,2025-09-10T10:45:29Z,2025-09-15,$23.63,2,Sample item 04,Customer 1143,555-0143,Standard,5.00,0.00,0.00,no,Synthetic demo order
#3209,customer0196@example.com,Paid,2025-09-09 18:10:57 +0000,2025-09-11,$37.45,3,Sample item 04,Customer 0196,555-0196,Standard,5.00,0.00,0.00,yes,Synthetic demo order
#3208,customer1168@example.com,paid,09 Sep 2025,2025-09-11,50.95,2,Sample item 02,Customer 1168,555-0168,Express,5.00,0.00,0.00,yes,Synthetic demo order
#3207,customer0323@example.com,paid,2025-09-09 06:56:53 +0000,2025-09-14,$25.78,1,Sample item 07,Customer 0323,555-0123,Express,5.00,0.00,0.00,no,Synthetic demo order
#3206,customer1203@example.com,paid,2025-09-09T05:51:00Z,2025-09-12,$51.03,1,Sample item 01,Customer 1203,555-0103,Standard,5.00,0.00,0.00,no,Synthetic demo order
#3205,Customer0883@example.com,partially_refunded,09/09/2025 04:47,2025-09-13,n/a,2,Sample item 01,Customer 0883,555-0183,Standard,5.00,0.00,0.00,yes,Synthetic demo order
#3204,customer1257@example.com,PAID,09/09/2025 02:09,2025-09-14,28.92,2,Sample item 03,Customer 1257,555-0157,Express,5.00,0.00,0.00,yes,Synthetic demo order
#3203,customer0045@example.com,paid,2025-09-08 11:26:20 +0000,2025-09-09,30.21,3,Sample item 03,Customer 0045,555-0145,Pickup,5.00,0.00,0.00,yes,Synthetic demo order
#3202,customer0133@example.com,paid,2025-09-08 06:06:02 +0000,2025-09-12,42.34,1,Sample item 02,Customer 0133,555-0133,Express,5.00,0.00,0.00,no,Synthetic demo order
#3201,Customer0981@example.com,paid,2025-09-08T02:07:17Z,2025-09-13,$18.67,1,Sample item 10,Customer 0981,555-0181,Standard,0.00,0.00,0.00,yes,Synthetic demo order
#3201,Customer0981@example.com,paid,2025-09-08T02:07:17Z,2025-09-13,46.21,1,Sample item 04,Customer 0981,555-0181,Pickup,5.00,0.00,0.00,no,Synthetic demo order
#3200,customer0316@example.com,voided,07 Sep 2025,2025-09-08,42.05,1,Sample item 04,Customer 0316,555-0116,Pickup,5.00,0.00,0.00,no,Synthetic demo order
#3199,customer0063@example.com,Paid,09/07/2025 14:28,2025-09-10,9.82,1,Sample item 11,Customer 0063,555-0163,Standard,0.00,0.00,0.00,yes,Synthetic demo order
#3199,customer0063@example.com,Paid,09/07/2025 14:28,2025-09-10,14.63,2,Sample item 10,Customer 0063,555-0163,Pickup,5.00,0.00,0.00,yes,Synthetic demo order
#3198,Customer1146@example.com,cancelled,2025-09-06T12:53:47Z,2025-09-08,38.32,2,Sample item 09,Customer 1146,555-0146,Pickup,5.00,0.00,0.00,yes,Synthetic demo order
#3197,customer0256@example.com,paid,2025-09-06 04:08:50 UTC,2025-09-08,38.93,2,Sample item 03,Customer 0256,555-0156,Pickup,5.00,0.00,0.00,no,Synthetic demo order
#3196,customer1097@example.com,Paid,2025-09-06T03:31:18Z,2025-09-10,$81.13,2,Sample item 01,Customer 1097,555-0197,Standard,5.00,0.00,0.00,no,Synthetic demo order
#3195,Customer0528@example.com,paid,2025-09-05 19:45:32 -0500,2025-09-06,$62.68,3,Sample item 03,Customer 0528,555-0128,Pickup,5.00,0.00,0.00,yes,Synthetic demo order
#3194,customer0712@example.com,paid,2025-09-05 19:22:05 UTC,2025-09-08,"49,48",1,Sample item 02,Customer 0712,555-0112,Standard,5.00,0.00,0.00,no,Synthetic demo order
#3193,customer1086@example.com,paid,09/05/2025 19:04,2025-09-06,59.09,2,Sample item 11,Customer 1086,555-0186,Standard,5.00,0.00,0.00,no,Synthetic demo order
#3192,customer1199@example.com,paid,09/04/2025 19:21,2025-09-08,$24.82,3,Sample item 07,Customer 1199,555-0199,Pickup,0.00,0.00,0.00,yes,Synthetic demo order
#3192,customer1199@example.com,PAID,09/04/2025 19:21,2025-09-08,$34.62,1,Sample item 05,Customer 1199,555-0199,Express,5.00,0.00,0.00,yes,Synthetic demo order
#3191,customer0082@example.com,paid,09/04/2025 06:38,2025-09-09,16.42,3,Sample item 05,Customer 0082,555-0182,Express,5.00,0.00,0.00,no,Synthetic demo order
#3190,customer1059@example.com,Paid,04 Sep 2025,2025-09-05,46.19,1,Sample item 06,Customer 1059,555-0159,Express,5.00,0.00,0.00,yes,Synthetic demo order
#3189,,paid,2025-09-04 04:14:39 +0000,2025-09-09,26.01,1,Sample item 02,Customer 0786,555-0186,Pickup,0.00,0.00,0.00,no,Synthetic demo order
#3189,,paid,2025-09-04 04:14:39 +0000,2025-09-09,4.15,1,Sample item 02,Customer 0786,555-0186,Pickup,5.00,0.00,0.00,no,Synthetic demo order
#3188,customer0992@example.com,paid,09/03/2025 22:40,2025-09-06,38.34,1,Sample item 05,Customer 0992,555-0192,Pickup,5.00,0.00,0.00,yes,Synthetic demo order
#3187,Customer1341@example.com,paid,2025-09-02 10:01:33 -0800,2025-09-03,$25.87,2,Sample item 05,Customer 1341,555-0141,Express,5.00,0.00,0.00,yes,Synthetic demo order
#3186,customer0332@example.com,partially_refunded,2025-09-01 06:14:23 UTC,2025-09-04,98.85,1,Sample item 01,Customer 0332,555-0132,Pickup,5.00,0.00,0.00,yes,Synthetic demo order
#3185,Customer1102@example.com,voided,08/31/2025 20:41,2025-09-02,$37.72,1,Sample item 06,Customer 1102,555-0102,Pickup,5.00,0.00,0.00,no,Synthetic demo order
#3184,customer1373@example.com,paid,2025-08-31 19:38:14 -0800,2025-09-05,USD 4.26,1,Sample item 02,Customer 1373,555-0173,Express,0.00,0.00,0.00,yes,Synthetic demo order
#3184,customer1373@example.com,paid,2025-08-31 19:38:14 -0800,2025-09-05,8.80,2,Sample item 05,Customer 1373,555-0173,Standard,5.00,0.00,0.00,yes,Synthetic demo order
#3183,Customer0330@example.com,paid,08/31/2025 19:15,2025-09-05,"66,31",1,Sample item 09,Customer 0330,555-0130,Express,5.00,0.00,0.00,no,Synthetic demo order
#3182,customer0916@example.com,Paid,08/31/2025 18:44,2025-09-05,49.43,1,Sample item 02,Customer 0916,555-0116,Standard,5.00,0.00,0.00,no,Synthetic demo order
#3181,customer1280@example.com,paid,2025-08-31T11:16:41Z,2025-09-04,$49.95,1,Sample item 08,Customer 1280,555-0180,Pickup,5.00,0.00,0.00,no,Synthetic demo order
#3180,customer0167@example.com,paid,2025-08-31 06:26:02 +0000,2025-09-03,"37,81",3,Sample item 04,Customer 0167,555-0167,Standard,5.00,0.00,0.00,no,Synthetic demo order
#3179,customer0957@example.com,paid,2025-08-31 06:16:14 UTC,2025-09-01,82.72,1,Sample item 02,Customer 0957,555-0157,Pickup,5.00,0.00,0.00,no,Synthetic demo order
#3178,Customer1012@example.com,Voided,2025-08-31 05:01:04 +0000,2025-09-01,8.12,1,Sample item 07,Customer 1012,555-0112,Pickup,0.00,0.00,0.00,no,Synthetic demo order
#3178,Customer1012@example.com,voided,2025-08-31 05:01:04 +0000,2025-09-01,30.73,2,Sample item 01,Customer 1012,555-0112,Pickup,5.00,0.00,0.00,yes,Synthetic demo order
#3177,customer0317@example.com,Paid,08/30/2025 16:10,2025-09-01,35.85,1,Sample item 08,Customer 0317,555-0117,Standard,5.00,0.00,0.00,no,Synthetic demo order
#3176,customer0666@example.com,paid,2025-08-30 14:08:06 +0000,2025-08-31,10.65,1,Sample item 09,Customer 0666,555-0166,Express,0.00,0.00,0.00,no,Synthetic demo order
#3176,customer0666@example.com,paid,2025-08-30 14:08:06 +0000,2025-08-31,$35.49,2,Sample item 01,Customer 0666,555-0166,Standard,5.00,0.00,0.00,yes,Synthetic demo order
#3175,customer0918@example.com,paid,2025-08-30T07:58:40Z,2025-08-31,0.81,3,Sample item 09,Customer 0918,555-0118,Pickup,0.00,0.00,0.00,no,Synthetic demo order
#3175,customer0918@example.com,PAID,2025-08-30T07:58:40Z,2025-08-31,32.59,1,Sample item 03,Customer 0918,555-0118,Standard,5.00,0.00,0.00,no,Synthetic demo order
#3174,customer1004@example.com,Paid,30 Aug 2025,2025-09-03,34.68,1,Sample item 06,Customer 1004,555-0104,Pickup,5.00,0.00,0.00,no,Synthetic demo order
#3173,customer1265@example.com,Paid,2025-08-29 23:46:45 +0000,2025-08-30,$17.90,3,Sample item 05,Customer 1265,555-0165,Express,5.00,0.00,0.00,no,Synthetic demo order
#3172,customer0213@example.com,paid,08/28/2025 23:08,2025-08-29,USD 10.19,3,Sample item 04,Customer 0213,555-0113,Standard,5.00,0.00,0.00,no,Synthetic demo order
#3171,customer1146@example.com,paid,2025-08-28 22:31:31 +0000,2025-08-31,$39.69,3,Sample item 09,Customer 1146,555-0146,Standard,5.00,0.00,0.00,yes,Synthetic demo order
#3170,Customer0045@example.com,Refunded,2025-08-28 21:11:16 UTC,2025-09-02,2.79,3,Sample item 02,Customer 0045,555-0145,Express,0.00,0.00,0.00,no,Synthetic demo order
#3170,Customer0045@example.com,refunded,2025-08-28 21:11:16 UTC,2025-09-02,18.71,2,Sample item 10,Customer 0045,555-0145,Express,5.00,0.00,0.00,no,Synthetic demo order
#3169,customer0235@example.com,paid,2025-08-28 13:42:28 +0000,2025-08-30,19.68,1,Sample item 04,Customer 0235,555-0135,Standard,5.00,0.00,0.00,no,Synthetic demo order
#3168,customer0326@example.com,paid,2025-08-28 03:51:31 +0000,2025-09-01,45.83,3,Sample item 03,Customer 0326,555-0126,Pickup,5.00,0.00,0.00,no,Synthetic demo order
#3167,customer0425@example.com,paid,2025-08-26T23:31:10Z,2025-08-29,31.97,3,Sample item 06,Customer 0425,555-0125,Standard,5.00,0.00,0.00,no,Synthetic demo order
#3166,customer0297@example.com,paid,26 Aug 2025,2025-08-28,22.24,2,Sample item 04,Customer 0297,555-0197,Standard,5.00,0.00,0.00,yes,Synthetic demo order
#3165,customer0629@example.com,paid,2025-08-26T19:54:50Z,2025-08-29,61.44,1,Sample item 03,Customer 0629,555-0129,Pickup,5.00,0.00,0.00,no,Synthetic demo order
#3164,customer0641@example.com,paid,2025-08-25 22:16:16 +0000,2025-08-28,28.38,2,Sample item 08,Customer 0641,555-0141,Pickup,5.00,0.00,0.00,yes,Synthetic demo order
#3163,customer0910@example.com,paid,"Aug 25, 2025",2025-08-26,35.96,1,Sample item 01,Customer 0910,555-0110,Standard,5.00,0.00,0.00,no,Synthetic demo order
#3162,customer1450@example.com,paid,2025-08-25T20:36:54Z,2025-08-27,"105,36",1,Sample item 11,Customer 1450,555-0150,Express,5.00,0.00,0.00,yes,Synthetic demo order
#3161,customer1147@example.com,paid,08/25/2025 20:31,2025-08-26,$37.75,2,Sample item 07,Customer 1147,555-0147,Pickup,5.00,0.00,0.00,no,Synthetic demo order
#3160,customer0689@example.com,Paid,2025-08-25 13:20:04 +0000,2025-08-29,29.31,3,Sample item 09,Customer 0689,555-0189,Standard,5.00,0.00,0.00,no,Synthetic demo order
#3159,customer0429@example.com,paid,2025-08-25T07:13:54Z,2025-08-27,"16,33",3,Sample item 03,Customer 0429,555-0129,Standard,5.00,0.00,0.00,yes,Synthetic demo order
#3158,customer1043@example.com,PAID,08/25/2025 06:38,2025-08-27,49.61,1,Sample item 05,Customer 1043,555-0143,Express,0.00,0.00,0.00,yes,Synthetic demo order
#3158,customer1043@example.com,paid,08/25/2025 06:38,2025-08-27,$35.11,2,Sample item 07,Customer 1043,555-0143,Standard,5.00,0.00,0.00,no,Synthetic demo order
#3157,customer0342@example.com,Partially_Refunded,"Aug 25, 2025",2025-08-29,$51.52,3,Sample item 10,Customer 0342,555-0142,Standard,5.00,0.00,0.00,no,Synthetic demo order
#3156,customer0788@example.com,paid,08/24/2025 23:25,2025-08-28,$21.98,1,Sample item 04,Customer 0788,555-0188,Express,5.00,0.00,0.00,no,Synthetic demo order
#3155,Customer0671@example.com,Paid,2025-08-24 22:40:38 +0000,2025-08-28,48.77,2,Sample item 01,Customer 0671,555-0171,Pickup,5.00,0.00,0.00,no,Synthetic demo order
#3154,customer0505@example.com,Paid,2025-08-24 21:18:48 +0000,2025-08-27,39.42,2,Sample item 01,Customer 0505,555-0105,Standard,5.00,0.00,0.00,no,Synthetic demo order
#3153,Customer0357@example.com,paid,2025-08-24 21:02:24 UTC,2025-08-28,$8.86,2,Sample item 10,Customer 0357,555-0157,Standard,0.00,0.00,0.00,yes,Synthetic demo order
#3153,Customer0357@example.com,paid,2025-08-24 21:02:24 UTC,2025-08-28,USD 18.78,3,Sample item 04,Customer 0357,555-0157,Express,5.00,0.00,0.00,no,Synthetic demo order
#3152,customer0137@example.com,paid,2025-08-24T07:54:05Z,2025-08-27,$54.96,1,Sample item 08,Customer 0137,555-0137,Express,5.00,0.00,0.00,yes,Synthetic demo order
#3151,customer1385@example.com,paid,08/24/2025 05:37,2025-08-25,"2,185.28",1,Sample item 09,Customer 1385,555-0185,Express,5.00,0.00,0.00,yes,Synthetic demo order
#3150,customer0867@example.com,paid,2025-08-23 19:27:08 +0000,2025-08-27,16.06,2,Sample item 11,Customer 0867,555-0167,Pickup,0.00,0.00,0.00,yes,Synthetic demo order
#3150,customer0867@example.com,Paid,2025-08-23 19:27:08 +0000,2025-08-27,$9.32,3,Sample item 10,Customer 0867,555-0167,Express,5.00,0.00,0.00,no,Synthetic demo order
#3149,customer0274@example.com,cancelled,2025-08-23 15:18:03 UTC,2025-08-25,USD 67.42,1,Sample item 03,Customer 0274,555-0174,Pickup,5.00,0.00,0.00,yes,Synthetic demo order
#3148,Customer0366@example.com,Paid,08/22/2025 09:39,2025-08-26,64.17,2,Sample item 10,Customer 0366,555-0166,Standard,5.00,0.00,0.00,no,Synthetic demo order
#3147,customer0718@example.com,paid,2025-08-22T08:03:48Z,2025-08-26,45.25,2,Sample item 10,Customer 0718,555-0118,Express,5.00,0.00,0.00,yes,Synthetic demo order
#3146,customer1329@example.com,PAID,2025-08-22 05:50:27 +0000,2025-08-27,28.10,3,Sample item 05,Customer 1329,555-0129,Standard,5.00,0.00,0.00,yes,Synthetic demo order
#3145,customer0241@example.com,paid,2025-08-22 04:59:31 +0000,2025-08-27,33.78,1,Sample item 04,Customer 0241,555-0141,Express,5.00,0.00,0.00,yes,Synthetic demo order
#3144,customer1102@example.com,paid,2025-08-22 04:33:42 -0500,2025-08-24,USD 47.63,1,Sample item 03,Customer 1102,555-0102,Standard,5.00,0.00,0.00,yes,Synthetic demo order
#3143,customer0564@example.com,paid,2025-08-22 00:26:38 +0000,2025-08-23,0.65,1,Sample item 10,Customer 0564,555-0164,Pickup,0.00,0.00,0.00,yes,Synthetic demo order
#3143,customer0564@example.com,paid,2025-08-22 00:26:38 +0000,2025-08-23,34.86,2,Sample item 08,Customer 0564,555-0164,Standard,5.00,0.00,0.00,yes,Synthetic demo order
#3142,customer1343@example.com,paid,2025-08-22 00:15:12 +0000,2025-08-26,45.07,3,Sample item 05,Customer 1343,555-0143,Pickup,5.00,0.00,0.00,no,Synthetic demo order
#3141,customer0345@example.com,Paid,2025-08-21T18:14:21Z,2025-08-22,$53.55,1,Sample item 10,Customer 0345,555-0145,Pickup,5.00,0.00,0.00,yes,Synthetic demo order
#3140,Customer0841@example.com,Paid,2025-08-21 11:51:27 +0000,2025-08-22,14.72,3,Sample item 08,Customer 0841,555-0141,Express,0.00,0.00,0.00,yes,Synthetic demo order
#3140,Customer0841@example.com,paid,2025-08-21 11:51:27 +0000,2025-08-22,10.14,3,Sample item 04,Customer 0841,555-0141,Pickup,5.00,0.00,0.00,yes,Synthetic demo order
#3139,customer1415@example.com,paid,2025-08-21 10:37:25 +0000,2025-08-23,29.04,3,Sample item 04,Customer 1415,555-0115,Express,5.00,0.00,0.00,yes,Synthetic demo order
#3138,Customer0330@example.com,PAID,2025-08-21 03:37:20 UTC,2025-08-23,USD 89.75,1,Sample item 04,Customer 0330,555-0130,Pickup,5.00,0.00,0.00,no,Synthetic demo order
#3137,customer0447@example.com,paid,"Aug 20, 2025",2025-08-24,5.41,3,Sample item 04,Customer 0447,555-0147,Express,0.00,0.00,0.00,yes,Synthetic demo order
#3137,customer0447@example.com,paid,"Aug 20, 2025",2025-08-24,29.01,1,Sample item 06,Customer 0447,555-0147,Pickup,5.00,0.00,0.00,no,Synthetic demo order
#3136,customer1350@example.com,paid,2025-08-20 14:36:04 +0000,2025-08-25,USD 52.87,2,Sample item 04,Customer 1350,555-0150,Express,0.00,0.00,0.00,no,Synthetic demo order
#3136,customer1350@example.com,paid,2025-08-20 14:36:04 +0000,2025-08-25,103.05,3,Sample item 05,Customer 1350,555-0150,Standard,5.00,0.00,0.00,no,Synthetic demo order
#3135,customer0989@example.com,paid,2025-08-20 11:24:26 +0000,2025-08-25,USD 7.79,3,Sample item 10,Customer 0989,555-0189,Express,0.00,0.00,0.00,yes,Synthetic demo order
#3135,customer0989@example.com,Paid,2025-08-20 11:24:26 +0000,2025-08-25,18.47,3,Sample item 10,Customer 0989,555-0189,Pickup,5.00,0.00,0.00,yes,Synthetic demo order
#3134,customer0061@example.com,refunded,2025-08-20T04:56:40Z,2025-08-22,21.69,1,Sample item 08,Customer 0061,555-0161,Standard,5.00,0.00,0.00,no,Synthetic demo order
#3133,customer0626@example.com,paid,2025-08-19 18:30:11 +0000,2025-08-20,USD 18.99,3,Sample item 03,Customer 0626,555-0126,Pickup,5.00,0.00,0.00,no,Synthetic demo order
#3132,customer0883@example.com,paid,2025-08-19 07:56:04 -0500,2025-08-21,28.52,2,Sample item 01,Customer 0883,555-0183,Pickup,5.00,0.00,0.00,yes,Synthetic demo order
#3131,customer0992@example.com,paid,2025-08-19 03:21:57 UTC,2025-08-23,"24,38",3,Sample item 11,Customer 0992,555-0192,Standard,5.00,0.00,0.00,yes,Synthetic demo order
#3130,customer0934@example.com,paid,2025-08-18T22:09:46Z,2025-08-21,$36.43,3,Sample item 01,Customer 0934,555-0134,Express,5.00,0.00,0.00,no,Synthetic demo order
#3129,customer0706@example.com,paid,18 Aug 2025,2025-08-21,83.59,1,Sample item 01,Customer 0706,555-0106,Express,5.00,0.00,0.00,yes,Synthetic demo order
#3128,Customer1117@example.com,paid,2025-08-17 03:08:31 +0000,2025-08-20,$22.81,3,Sample item 02,Customer 1117,555-0117,Express,0.00,0.00,0.00,yes,Synthetic demo order
#3128,Customer1117@example.com,paid,2025-08-17 03:08:31 +0000,2025-08-20,"4,53",1,Sample item 03,Customer 1117,555-0117,Standard,5.00,0.00,0.00,no,Synthetic demo order
#3127,customer0143@example.com,Paid,2025-08-16 09:04:03 +0000,2025-08-18,45.66,2,Sample item 09,Customer 0143,555-0143,Pickup,5.00,0.00,0.00,no,Synthetic demo order
#3126,Customer0332@example.com,partially_refunded,2025-08-16 01:37:40 +0000,2025-08-17,USD 66.09,3,Sample item 11,Customer 0332,555-0132,Standard,5.00,0.00,0.00,no,Synthetic demo order
#3125,customer0714@example.com,paid,2025-08-15 17:24:47 UTC,2025-08-16,36.24,3,Sample item 08,Customer 0714,555-0114,Standard,5.00,0.00,0.00,yes,Synthetic demo order
#3124,Customer0111@example.com,paid,2025-08-15 12:31:15 +0000,2025-08-17,$32.53,1,Sample item 08,Customer 0111,555-0111,Pickup,5.00,0.00,0.00,no,Synthetic demo order
#3123,customer0250@example.com,paid,2025-08-14 23:46:16 UTC,2025-08-19,$9.22,3,Sample item 07,Customer 0250,555-0150,Pickup,0.00,0.00,0.00,no,Synthetic demo order
#3123,customer0250@example.com,paid,2025-08-14 23:46:16 UTC,2025-08-19,$28.47,3,Sample item 04,Customer 0250,555-0150,Express,5.00,0.00,0.00,no,Synthetic demo order
#3122,customer0494@example.com,paid,08/14/2025 22:16,2025-08-17,59.30,3,Sample item 06,Customer 0494,555-0194,Pickup,5.00,0.00,0.00,no,Synthetic demo order
#3121,customer1141@example.com,paid,2025-08-14 20:37:43 +0000,2025-08-17,"29,01",1,Sample item 01,Customer 1141,555-0141,Express,5.00,0.00,0.00,yes,Synthetic demo order
#3120,customer0283@example.com,paid,2025-08-14 18:27:27 -0800,2025-08-18,36.21,2,Sample item 04,Customer 0283,555-0183,Standard,5.00,0.00,0.00,no,Synthetic demo order
#3119,customer0052@example.com,paid,2025-08-14 18:01:50 +0000,2025-08-15,80.85,3,Sample item 03,Customer 0052,555-0152,Express,5.00,0.00,0.00,yes,Synthetic demo order
#3118,customer0386@example.com,Paid,2025-08-14 09:53:59 -0800,2025-08-17,36.47,2,Sample item 05,Customer 0386,555-0186,Express,5.00,0.00,0.00,yes,Synthetic demo order
#3117,Customer1323@example.com,paid,2025-08-14 06:21:54 +0000,2025-08-16,$39.34,2,Sample item 05,Customer 1323,555-0123,Express,5.00,0.00,0.00,no,Synthetic demo order
#3116,Customer0306@example.com,paid,2025-08-14 05:07:09 +0000,2025-08-19,32.10,1,Sample item 11,Customer 0306,555-0106,Pickup,0.00,0.00,0.00,yes,Synthetic demo order
#3116,Customer0306@example.com,PAID,2025-08-14 05:07:09 +0000,2025-08-19,$11.10,1,Sample item 10,Customer 0306,555-0106,Express,5.00,0.00,0.00,yes,Synthetic demo order
#3115,customer1071@example.com,paid,08/13/2025 18:14,2025-08-18,$28.13,3,Sample item 08,Customer 1071,555-0171,Standard,5.00,0.00,0.00,yes,Synthetic demo order
#3114,customer0176@example.com,paid,2025-08-13 14:59:11 UTC,2025-08-17,30.52,1,Sample item 01,Customer 0176,555-0176,Pickup,5.00,0.00,0.00,no,Synthetic demo order
#3113,customer0007@example.com,paid,13 Aug 2025,2025-08-18,34.68,1,Sample item 11,Customer 0007,555-0107,Pickup,5.00,0.00,0.00,yes,Synthetic demo order
#3112,customer0237@example.com,Paid,08/12/2025 23:51,2025-08-15,$70.56,1,Sample item 09,Customer 0237,555-0137,Standard,5.00,0.00,0.00,yes,Synthetic demo order
#3111,customer0458@example.com,paid,2025-08-12 20:11:22 UTC,2025-08-14,25.40,3,Sample item 10,Customer 0458,555-0158,Express,0.00,0.00,0.00,no,Synthetic demo order
#3111,customer0458@example.com,Paid,2025-08-12 20:11:22 UTC,2025-08-14,"18,55",1,Sample item 08,Customer 0458,555-0158,Express,5.00,0.00,0.00,no,Synthetic demo order
#3110,Customer0029@example.com,paid,2025-08-12 19:33:53 -0800,2025-08-13,25.01,2,Sample item 05,Customer 0029,555-0129,Express,5.00,0.00,0.00,yes,Synthetic demo order
#3109,customer0707@example.com,paid,2025-08-12 18:08:46 +0000,2025-08-14,26.61,1,Sample item 06,Customer 0707,555-0107,Express,5.00,0.00,0.00,no,Synthetic demo order
#3108,customer0079@example.com,paid,"Aug 12, 2025",2025-08-17,68.39,1,Sample item 10,Customer 0079,555-0179,Standard,5.00,0.00,0.00,no,Synthetic demo order
#3107,customer0652@example.com,paid,2025-08-12 02:47:58 +0000,2025-08-17,53.70,1,Sample item 04,Customer 0652,555-0152,Standard,5.00,0.00,0.00,yes,Synthetic demo order
#3106,customer1203@example.com,paid,11 Aug 2025,2025-08-12,$65.83,2,Sample item 11,Customer 1203,555-0103,Express,5.00,0.00,0.00,yes,Synthetic demo order
#3105,customer0344@example.com,paid,2025-08-11 12:54:14 UTC,2025-08-12,$54.34,2,Sample item 04,Customer 0344,555-0144,Standard,5.00,0.00,0.00,no,Synthetic demo order
#3104,customer0138@example.com,paid,2025-08-11 11:14:53 UTC,2025-08-15,68.24,1,Sample item 05,Customer 0138,555-0138,Pickup,0.00,0.00,0.00,yes,Synthetic demo order
#3104,customer0138@example.com,PAID,2025-08-11 11:14:53 UTC,2025-08-15,$4.68,3,Sample item 11,Customer 0138,555-0138,Pickup,5.00,0.00,0.00,yes,Synthetic demo order
#3103,customer1409@example.com,paid,2025-08-11 10:00:03 +0000,2025-08-13,78.50,3,Sample item 04,Customer 1409,555-0109,Pickup,5.00,0.00,0.00,yes,Synthetic demo order
#3102,customer0674@example.com,paid,"Aug 11, 2025",2025-08-15,27.31,1,Sample item 07,Customer 0674,555-0174,Pickup,5.00,0.00,0.00,yes,Synthetic demo order
#3101,Customer0862@example.com,refunded,2025-08-11 05:56:38 +0000,2025-08-14,50.51,3,Sample item 04,Customer 0862,555-0162,Pickup,5.00,0.00,0.00,yes,Synthetic demo order
#3100,customer1252@example.com,paid,2025-08-10 18:49:27 +0000,2025-08-15,$7.92,2,Sample item 11,Customer 1252,555-0152,Standard,0.00,0.00,0.00,no,Synthetic demo order
#3100,customer1252@example.com,Paid,2025-08-10 18:49:27 +0000,2025-08-15,$7.19,1,Sample item 07,Customer 1252,555-0152,Pickup,5.00,0.00,0.00,yes,Synthetic demo order
#3099,customer1493@example.com,paid,2025-08-10 06:17:07 +0000,2025-08-13,79.22,1,Sample item 05,Customer 1493,555-0193,Standard,5.00,0.00,0.00,yes,Synthetic demo order
#3098,customer0402@example.com,paid,2025-08-10 03:45:43 -0500,2025-08-12,USD 53.51,2,Sample item 10,Customer 0402,555-0102,Pickup,5.00,0.00,0.00,yes,Synthetic demo order
#3097,customer0605@example.com,refunded,08/10/2025 03:14,2025-08-12,$46.96,3,Sample item 07,Customer 0605,555-0105,Standard,5.00,0.00,0.00,no,Synthetic demo order
#3096,customer0382@example.com,paid,2025-08-09 23:03:50 +0200,2025-08-12,39.89,1,Sample item 08,Customer 0382,555-0182,Express,5.00,0.00,0.00,yes,Synthetic demo order
#3095,customer0748@example.com,paid,2025-08-09 22:03:48 +0000,2025-08-14,"2,672.25",3,Sample item 05,Customer 0748,555-0148,Standard,5.00,0.00,0.00,yes,Synthetic demo order
#3094,Customer1146@example.com,paid,2025-08-09T13:49:10Z,2025-08-12,39.38,3,Sample item 11,Customer 1146,555-0146,Standard,5.00,0.00,0.00,yes,Synthetic demo order
#3093,customer0492@example.com,Partially_Refunded,2025-08-09 13:07:49 UTC,2025-08-11,42.53,2,Sample item 04,Customer 0492,555-0192,Standard,5.00,0.00,0.00,yes,Synthetic demo order
#3092,customer0055@example.com,paid,08/09/2025 11:28,2025-08-10,"41,82",2,Sample item 08,Customer 0055,555-0155,Express,5.00,0.00,0.00,no,Synthetic demo order
#3091,customer0393@example.com,paid,2025-08-09 08:58:30 +0000,2025-08-12,24.73,3,Sample item 11,Customer 0393,555-0193,Express,5.00,0.00,0.00,no,Synthetic demo order
#3090,customer1059@example.com,paid,2025-08-09 04:18:39 -0800,2025-08-11,53.99,3,Sample item 04,Customer 1059,555-0159,Pickup,0.00,0.00,0.00,no,Synthetic demo order
#3090,customer1059@example.com,PAID,2025-08-09 04:18:39 -0800,2025-08-11,9.28,1,Sample item 11,Customer 1059,555-0159,Standard,5.00,0.00,0.00,yes,Synthetic demo order
#3089,customer1428@example.com,paid,2025-08-08 18:30:03 +0200,2025-08-12,"23,19",3,Sample item 08,Customer 1428,555-0128,Standard,5.00,0.00,0.00,no,Synthetic demo order
#3088,customer0309@example.com,paid,2025-08-08 17:10:16 +0000,2025-08-13,55.05,1,Sample item 08,Customer 0309,555-0109,Pickup,5.00,0.00,0.00,no,Synthetic demo order
#3087,customer0104@example.com,paid,2025-08-08 16:49:25 +0000,2025-08-09,46.71,3,Sample item 06,Customer 0104,555-0104,Pickup,5.00,0.00,0.00,no,Synthetic demo order
#3086,customer0300@example.com,paid,08 Aug 2025,2025-08-11,36.83,3,Sample item 03,Customer 0300,555-0100,Express,5.00,0.00,0.00,no,Synthetic demo order
#3085,customer0298@example.com,paid,2025-08-08 12:55:57 +0000,2025-08-10,$6.56,3,Sample item 10,Customer 0298,555-0198,Pickup,0.00,0.00,0.00,yes,Synthetic demo order
#3085,customer0298@example.com,paid,2025-08-08 12:55:57 +0000,2025-08-10,28.88,2,Sample item 11,Customer 0298,555-0198,Express,5.00,0.00,0.00,no,Synthetic demo order
#3084,customer0200@example.com,paid,2025-08-07T22:06:43Z,2025-08-11,USD 110.17,2,Sample item 04,Customer 0200,555-0100,Standard,5.00,0.00,0.00,no,Synthetic demo order
#3083,customer0956@example.com,Refunded,2025-08-07 12:30:18 +0000,2025-08-10,$35.76,3,Sample item 08,Customer 0956,555-0156,Pickup,5.00,0.00,0.00,yes,Synthetic demo order
#3082,Customer0689@example.com,paid,"Aug 07, 2025",2025-08-08,23.23,3,Sample item 09,Customer 0689,555-0189,Standard,5.00,0.00,0.00,yes,Synthetic demo order
#3081,customer0861@example.com,paid,2025-08-07 09:52:10 +0000,2025-08-11,24.98,3,Sample item 09,Customer 0861,555-0161,Express,5.00,0.00,0.00,no,Synthetic demo order
#3080,customer0024@example.com,paid,07 Aug 2025,2025-08-09,$21.37,1,Sample item 10,Customer 0024,555-0124,Express,5.00,0.00,0.00,yes,Synthetic demo order
#3079,customer1012@example.com,paid,2025-08-07 06:06:57 +0000,2025-08-11,USD 10.26,2,Sample item 09,Customer 1012,555-0112,Pickup,0.00,0.00,0.00,yes,Synthetic demo order
#3079,customer1012@example.com,paid,2025-08-07 06:06:57 +0000,2025-08-11,$11.60,2,Sample item 02,Customer 1012,555-0112,Standard,5.00,0.00,0.00,yes,Synthetic demo order
#3078,customer1047@example.com,paid,08/07/2025 05:57,2025-08-11,$112.11,1,Sample item 08,Customer 1047,555-0147,Standard,5.00,0.00,0.00,yes,Synthetic demo order
#3077,customer0620@example.com,paid,2025-08-06 23:54:22 UTC,2025-08-10,57.15,2,Sample item 02,Customer 0620,555-0120,Express,5.00,0.00,0.00,no,Synthetic demo order
#3076,Customer0417@example.com,Paid,08/06/2025 21:00,2025-08-10,"15,27",2,Sample item 02,Customer 0417,555-0117,Standard,0.00,0.00,0.00,no,Synthetic demo order
#3076,Customer0417@example.com,Paid,08/06/2025 21:00,2025-08-10,9.50,2,Sample item 02,Customer 0417,555-0117,Pickup,5.00,0.00,0.00,no,Synthetic demo order
#3075,customer1031@example.com,Paid,08/06/2025 16:06,2025-08-10,$65.91,1,Sample item 03,Customer 1031,555-0131,Pickup,5.00,0.00,0.00,no,Synthetic demo order
#3074,customer0057@example.com,paid,08/05/2025 13:54,2025-08-09,$50.04,1,Sample item 04,Customer 0057,555-0157,Express,5.00,0.00,0.00,no,Synthetic demo order
#3073,customer1330@example.com,paid,2025-08-05T04:26:33Z,2025-08-10,USD 34.02,3,Sample item 07,Customer 1330,555-0130,Pickup,5.00,0.00,0.00,yes,Synthetic demo order
#3072,customer0000@example.com,PAID,2025-08-04 18:40:22 +0000,2025-08-06,$42.81,3,Sample item 04,Customer 0000,555-0100,Express,5.00,0.00,0.00,no,Synthetic demo order
#3071,customer0366@example.com,paid,04 Aug 2025,2025-08-07,84.42,3,Sample item 04,Customer 0366,555-0166,Express,5.00,0.00,0.00,yes,Synthetic demo order
#3070,customer1024@example.com,paid,2025-08-04 10:53:35 +0000,2025-08-09,$23.73,3,Sample item 07,Customer 1024,555-0124,Standard,5.00,0.00,0.00,yes,Synthetic demo order
#3069,Customer1105@example.com,paid,2025-08-04 10:51:36 +0000,2025-08-08,$28.99,3,Sample item 09,Customer 1105,555-0105,Standard,5.00,0.00,0.00,no,Synthetic demo order
#3068,customer0048@example.com,paid,"Aug 04, 2025",2025-08-07,USD 61.00,3,Sample item 02,Customer 0048,555-0148,Standard,5.00,0.00,0.00,yes,Synthetic demo order
#3067,customer0638@example.com,Paid,2025-08-04 01:59:00 +0200,2025-08-09,$41.73,3,Sample item 08,Customer 0638,555-0138,Express,5.00,0.00,0.00,no,Synthetic demo order
#3066,customer1159@example.com,Paid,2025-08-04 00:44:44 +0000,2025-08-09,$25.85,2,Sample item 09,Customer 1159,555-0159,Express,5.00,0.00,0.00,no,Synthetic demo order
#3065,customer1011@example.com,paid,08/04/2025 00:36,2025-08-06,$30.54,3,Sample item 01,Customer 1011,555-0111,Standard,5.00,0.00,0.00,yes,Synthetic demo order
#3064,Customer0778@example.com,pending,2025-08-03 23:38:58 UTC,2025-08-05,39.47,1,Sample item 08,Customer 0778,555-0178,Express,5.00,0.00,0.00,yes,Synthetic demo order
#3063,customer0499@example.com,paid,"Aug 03, 2025",2025-08-08,53.35,3,Sample item 03,Customer 0499,555-0199,Standard,5.00,0.00,0.00,no,Synthetic demo order
#3062,customer1203@example.com,paid,"Aug 03, 2025",2025-08-08,"52,45",2,Sample item 01,Customer 1203,555-0103,Standard,5.00,0.00,0.00,no,Synthetic demo order
#3061,customer0469@example.com,paid,"Aug 03, 2025",2025-08-06,27.41,2,Sample item 06,Customer 0469,555-0169,Express,5.00,0.00,0.00,yes,Synthetic demo order
#3060,customer1100@example.com,PAID,2025-08-03 04:28:05 -0800,2025-08-06,$64.39,1,Sample item 08,Customer 1100,555-0100,Pickup,5.00,0.00,0.00,no,Synthetic demo order
#3059,customer0934@example.com,paid,03 Aug 2025,2025-08-07,29.80,3,Sample item 02,Customer 0934,555-0134,Express,5.00,0.00,0.00,yes,Synthetic demo order
#3058,,paid,2025-08-03T02:26:57Z,2025-08-06,$20.37,3,Sample item 04,Customer 1329,555-0129,Standard,5.00,0.00,0.00,yes,Synthetic demo order
#3057,customer0431@example.com,paid,2025-08-02T18:29:04Z,2025-08-06,$3.84,1,Sample item 11,Customer 0431,555-0131,Express,0.00,0.00,0.00,no,Synthetic demo order
#3057,customer0431@example.com,Paid,2025-08-02T18:29:04Z,2025-08-06,37.70,1,Sample item 07,Customer 0431,555-0131,Pickup,5.00,0.00,0.00,no,Synthetic demo order
#3056,,PAID,2025-08-02 15:06:18 +0000,2025-08-03,43.93,1,Sample item 06,Customer 0184,555-0184,Express,5.00,0.00,0.00,yes,Synthetic demo order
#3055,customer0196@example.com,voided,2025-08-02 13:03:52 +0000,2025-08-06,$26.18,1,Sample item 05,Customer 0196,555-0196,Pickup,5.00,0.00,0.00,yes,Synthetic demo order
#3054,customer0801@example.com,paid,08/02/2025 10:13,2025-08-05,22.40,3,Sample item 03,Customer 0801,555-0101,Pickup,0.00,0.00,0.00,no,Synthetic demo order
#3054,customer0801@example.com,paid,08/02/2025 10:13,2025-08-05,$19.04,3,Sample item 04,Customer 0801,555-0101,Pickup,5.00,0.00,0.00,no,Synthetic demo order
#3053,customer0042@example.com,Paid,08/02/2025 07:50,2025-08-07,$35.50,1,Sample item 03,Customer 0042,555-0142,Express,5.00,0.00,0.00,yes,Synthetic demo order
#3052,customer0528@example.com,paid,08/02/2025 04:29,2025-08-06,$48.07,1,Sample item 01,Customer 0528,555-0128,Standard,5.00,0.00,0.00,yes,Synthetic demo order
#3051,customer0143@example.com,paid,08/02/2025 01:18,2025-08-05,39.17,3,Sample item 08,Customer 0143,555-0143,Standard,5.00,0.00,0.00,no,Synthetic demo order
#3050,customer0062@example.com,paid,2025-08-01 13:32:01 +0000,2025-08-06,30.24,1,Sample item 08,Customer 0062,555-0162,Pickup,0.00,0.00,0.00,no,Synthetic demo order
#3050,customer0062@example.com,paid,2025-08-01 13:32:01 +0000,2025-08-06,$7.32,1,Sample item 01,Customer 0062,555-0162,Standard,5.00,0.00,0.00,yes,Synthetic demo order
#3049,customer1460@example.com,voided,08/01/2025 02:27,2025-08-03,$88.37,3,Sample item 07,Customer 1460,555-0160,Standard,5.00,0.00,0.00,no,Synthetic demo order
#3048,customer0734@example.com,paid,2025-08-01 00:43:27 +0200,2025-08-05,51.55,2,Sample item 04,Customer 0734,555-0134,Standard,5.00,0.00,0.00,yes,Synthetic demo order
#3047,Customer0159@example.com,paid,2025-07-31 20:56:59 +0000,2025-08-04,30.27,1,Sample item 09,Customer 0159,555-0159,Express,5.00,0.00,0.00,yes,Synthetic demo order
#3046,customer0573@example.com,paid,2025-07-31 07:55:29 +0000,2025-08-04,$52.90,1,Sample item 01,Customer 0573,555-0173,Standard,0.00,0.00,0.00,no,Synthetic demo order
#3046,customer0573@example.com,Paid,2025-07-31 07:55:29 +0000,2025-08-04,0.92,1,Sample item 06,Customer 0573,555-0173,Standard,5.00,0.00,0.00,yes,Synthetic demo order
#3045,Customer1417@example.com,paid,2025-07-30 06:40:01 +0000,2025-08-01,52.00,2,Sample item 11,Customer 1417,555-0117,Express,5.00,0.00,0.00,no,Synthetic demo order
#3044,Customer1343@example.com,paid,2025-07-29 12:24:36 UTC,2025-08-01,$29.74,2,Sample item 03,Customer 1343,555-0143,Pickup,5.00,0.00,0.00,no,Synthetic demo order
#3043,Customer0637@example.com,paid,29 Jul 2025,2025-08-03,$13.17,2,Sample item 06,Customer 0637,555-0137,Pickup,0.00,0.00,0.00,yes,Synthetic demo order
#3043,Customer0637@example.com,paid,29 Jul 2025,2025-08-03,21.38,3,Sample item 09,Customer 0637,555-0137,Pickup,5.00,0.00,0.00,yes,Synthetic demo order
#3042,customer1386@example.com,paid,28 Jul 2025,2025-07-29,"81,57",1,Sample item 02,Customer 1386,555-0186,Standard,5.00,0.00,0.00,yes,Synthetic demo order
#3041,customer0689@example.com,refunded,2025-07-28 16:42:34 UTC,2025-07-29,26.43,2,Sample item 03,Customer 0689,555-0189,Standard,5.00,0.00,0.00,yes,Synthetic demo order
#3040,customer0820@example.com,paid,"Jul 28, 2025",2025-07-30,63.52,2,Sample item 04,Customer 0820,555-0120,Pickup,5.00,0.00,0.00,no,Synthetic demo order
#3039,customer0910@example.com,paid,28 Jul 2025,2025-08-01,$21.32,3,Sample item 07,Customer 0910,555-0110,Pickup,5.00,0.00,0.00,no,Synthetic demo order
#3038,customer0063@example.com,paid,2025-07-28 03:03:16 UTC,2025-07-29,USD 27.37,3,Sample item 05,Customer 0063,555-0163,Standard,5.00,0.00,0.00,yes,Synthetic demo order
#3037,Customer0061@example.com,pending,2025-07-28 01:41:20 +0000,2025-07-30,5.83,3,Sample item 10,Customer 0061,555-0161,Standard,0.00,0.00,0.00,no,Synthetic demo order
#3037,Customer0061@example.com,pending,2025-07-28 01:41:20 +0000,2025-07-30,$21.70,1,Sample item 09,Customer 0061,555-0161,Pickup,5.00,0.00,0.00,yes,Synthetic demo order
#3036,customer1345@example.com,CANCELLED,2025-07-27 08:27:43 UTC,2025-07-28,19.98,1,Sample item 08,Customer 1345,555-0145,Express,0.00,0.00,0.00,yes,Synthetic demo order
#3036,customer1345@example.com,cancelled,2025-07-27 08:27:43 UTC,2025-07-28,7.49,2,Sample item 08,Customer 1345,555-0145,Standard,5.00,0.00,0.00,yes,Synthetic demo order
#3035,customer1086@example.com,PAID,2025-07-27 06:28:06 -0500,2025-07-29,0.00,3,Sample item 06,Customer 1086,555-0186,Standard,5.00,0.00,0.00,yes,Synthetic demo order
#3034,customer0881@example.com,paid,"Jul 27, 2025",2025-07-30,38.01,1,Sample item 01,Customer 0881,555-0181,Standard,5.00,0.00,0.00,yes,Synthetic demo order
#3033,Customer0356@example.com,paid,2025-07-27 01:21:40 UTC,2025-07-29,$36.61,2,Sample item 08,Customer 0356,555-0156,Express,5.00,0.00,0.00,no,Synthetic demo order
#3032,customer0370@example.com,cancelled,2025-07-26 23:40:58 +0000,2025-07-31,$28.33,3,Sample item 05,Customer 0370,555-0170,Pickup,5.00,0.00,0.00,no,Synthetic demo order
#3031,customer1378@example.com,paid,2025-07-26 22:21:43 +0000,2025-07-29,"0,54",2,Sample item 02,Customer 1378,555-0178,Standard,0.00,0.00,0.00,no,Synthetic demo order
#3031,customer1378@example.com,paid,2025-07-26 22:21:43 +0000,2025-07-29,25.63,1,Sample item 08,Customer 1378,555-0178,Standard,5.00,0.00,0.00,yes,Synthetic demo order
#3030,Guest,paid,07/26/2025 22:17,2025-07-29,$22.64,3,Sample item 05,Customer 1087,555-0187,Express,5.00,0.00,0.00,no,Synthetic demo order
#3029,Customer0283@example.com,paid,07/26/2025 14:48,2025-07-31,24.04,1,Sample item 09,Customer 0283,555-0183,Standard,5.00,0.00,0.00,no,Synthetic demo order
#3028,Customer0137@example.com,paid,26 Jul 2025,2025-07-28,54.92,1,Sample item 02,Customer 0137,555-0137,Pickup,5.00,0.00,0.00,yes,Synthetic demo order
#3027,Customer0566@example.com,paid,26 Jul 2025,2025-07-30,65.93,3,Sample item 05,Customer 0566,555-0166,Pickup,5.00,0.00,0.00,no,Synthetic demo order
#3026,customer0601@example.com,paid,2025-07-25 14:38:52 +0000,2025-07-28,$43.63,2,Sample item 02,Customer 0601,555-0101,Pickup,5.00,0.00,0.00,no,Synthetic demo order
#3025,customer0006@example.com,paid,2025-07-25 14:22:39 +0000,2025-07-26,25.71,1,Sample item 09,Customer 0006,555-0106,Express,5.00,0.00,0.00,yes,Synthetic demo order
#3024,customer1195@example.com,paid,2025-07-25T09:01:44Z,2025-07-28,$33.97,2,Sample item 08,Customer 1195,555-0195,Express,5.00,0.00,0.00,no,Synthetic demo order
#3023,Customer0332@example.com,Paid,2025-07-25 05:10:50 +0000,2025-07-29,"47,80",2,Sample item 10,Customer 0332,555-0132,Standard,0.00,0.00,0.00,no,Synthetic demo order
#3023,Customer0332@example.com,paid,2025-07-25 05:10:50 +0000,2025-07-29,$13.43,3,Sample item 07,Customer 0332,555-0132,Standard,5.00,0.00,0.00,yes,Synthetic demo order
#3022,customer0503@example.com,paid,2025-07-25 01:28:48 UTC,2025-07-29,74.30,1,Sample item 05,Customer 0503,555-0103,Express,5.00,0.00,0.00,yes,Synthetic demo order
#3021,Customer0933@example.com,paid,24 Jul 2025,2025-07-29,8.00,3,Sample item 08,Customer 0933,555-0133,Pickup,0.00,0.00,0.00,no,Synthetic demo order
#3021,Customer0933@example.com,Paid,24 Jul 2025,2025-07-29,2.22,3,Sample item 11,Customer 0933,555-0133,Express,0.00,0.00,0.00,yes,Synthetic demo order
#3021,Customer0933@example.com,paid,24 Jul 2025,2025-07-29,"4,39",3,Sample item 10,Customer 0933,555-0133,Express,5.00,0.00,0.00,yes,Synthetic demo order
#3020,customer0236@example.com,paid,2025-07-23T20:50:51Z,2025-07-26,USD 25.62,2,Sample item 08,Customer 0236,555-0136,Standard,5.00,0.00,0.00,yes,Synthetic demo order
#3019,customer0116@example.com,CANCELLED,2025-07-23 15:04:57 +0000,2025-07-24,$64.22,3,Sample item 04,Customer 0116,555-0116,Pickup,5.00,0.00,0.00,yes,Synthetic demo order
#3018,customer0836@example.com,Paid,07/23/2025 04:42,2025-07-26,48.21,2,Sample item 11,Customer 0836,555-0136,Pickup,5.00,0.00,0.00,yes,Synthetic demo order
#3017,customer1176@example.com,paid,2025-07-22 08:51:41 +0000,2025-07-27,32.26,2,Sample item 11,Customer 1176,555-0176,Express,5.00,0.00,0.00,no,Synthetic demo order
#3016,customer0020@example.com,paid,07/22/2025 08:23,2025-07-25,70.18,2,Sample item 08,Customer 0020,555-0120,Pickup,5.00,0.00,0.00,yes,Synthetic demo order
#3015,customer1210@example.com,paid,2025-07-22T03:37:29Z,2025-07-25,115.29,2,Sample item 02,Customer 1210,555-0110,Pickup,5.00,0.00,0.00,yes,Synthetic demo order
#3014,customer0081@example.com,paid,07/21/2025 13:13,2025-07-26,37.15,3,Sample item 07,Customer 0081,555-0181,Standard,5.00,0.00,0.00,yes,Synthetic demo order
#3013,customer1280@example.com,paid,07/21/2025 10:13,2025-07-25,$44.68,1,Sample item 08,Customer 1280,555-0180,Standard,5.00,0.00,0.00,yes,Synthetic demo order
#3012,customer0274@example.com,paid,2025-07-20 21:50:27 +0000,2025-07-25,105.93,1,Sample item 06,Customer 0274,555-0174,Standard,5.00,0.00,0.00,yes,Synthetic demo order
#3011,customer1126@example.com,pending,20 Jul 2025,2025-07-22,74.95,3,Sample item 01,Customer 1126,555-0126,Standard,5.00,0.00,0.00,no,Synthetic demo order
#3010,customer0572@example.com,Paid,2025-07-20 07:41:10 UTC,2025-07-21,$25.12,1,Sample item 03,Customer 0572,555-0172,Pickup,0.00,0.00,0.00,yes,Synthetic demo order
#3010,customer0572@example.com,PAID,2025-07-20 07:41:10 UTC,2025-07-21,USD 16.86,3,Sample item 04,Customer 0572,555-0172,Pickup,5.00,0.00,0.00,no,Synthetic demo order
#3009,customer0548@example.com,paid,2025-07-20T07:22:50Z,2025-07-25,84.89,3,Sample item 09,Customer 0548,555-0148,Express,5.00,0.00,0.00,yes,Synthetic demo order
#3008,customer1302@example.com,paid,07/20/2025 03:12,2025-07-23,49.72,1,Sample item 06,Customer 1302,555-0102,Express,0.00,0.00,0.00,no,Synthetic demo order
#3008,customer1302@example.com,Paid,07/20/2025 03:12,2025-07-23,$35.93,3,Sample item 10,Customer 1302,555-0102,Standard,5.00,0.00,0.00,yes,Synthetic demo order
#3007,customer0894@example.com,pending,2025-07-19T14:36:21Z,2025-07-23,11.93,3,Sample item 03,Customer 0894,555-0194,Standard,5.00,0.00,0.00,no,Synthetic demo order
#3006,customer0133@example.com,paid,07/19/2025 08:04,2025-07-23,74.74,3,Sample item 11,Customer 0133,555-0133,Standard,5.00,0.00,0.00,no,Synthetic demo order
#3005,customer1256@example.com,Paid,07/19/2025 07:50,2025-07-20,32.96,2,Sample item 02,Customer 1256,555-0156,Pickup,5.00,0.00,0.00,yes,Synthetic demo order
#3004,customer1437@example.com,paid,07/19/2025 06:32,2025-07-22,22.42,1,Sample item 05,Customer 1437,555-0137,Standard,5.00,0.00,0.00,no,Synthetic demo order
#3003,customer0533@example.com,Paid,2025-07-19 05:24:33 +0000,2025-07-21,30.86,1,Sample item 02,Customer 0533,555-0133,Express,5.00,0.00,0.00,yes,Synthetic demo order
#3002,Customer0080@example.com,paid,2025-07-19T05:05:11Z,2025-07-22,16.17,3,Sample item 09,Customer 0080,555-0180,Pickup,5.00,0.00,0.00,yes,Synthetic demo order
#3001,customer0309@example.com,Paid,2025-07-19 03:04:35 -0500,2025-07-23,5.21,1,Sample item 10,Customer 0309,555-0109,Express,0.00,0.00,0.00,no,Synthetic demo order
#3001,customer0309@example.com,paid,2025-07-19 03:04:35 -0500,2025-07-23,26.98,3,Sample item 07,Customer 0309,555-0109,Pickup,5.00,0.00,0.00,no,Synthetic demo order
#3000,Customer0111@example.com,paid,2025-07-18 20:18:22 +0000,2025-07-19,35.28,1,Sample item 08,Customer 0111,555-0111,Express,5.00,0.00,0.00,yes,Synthetic demo order
#2999,customer0101@example.com,refunded,2025-07-18 20:10:53 +0000,2025-07-22,$28.48,1,Sample item 04,Customer 0101,555-0101,Standard,5.00,0.00,0.00,yes,Synthetic demo order
#2998,customer0119@example.com,paid,2025-07-18 14:27:01 +0000,2025-07-21,USD 26.74,1,Sample item 04,Customer 0119,555-0119,Pickup,5.00,0.00,0.00,yes,Synthetic demo order
#2997,Customer1173@example.com,paid,2025-07-18 08:31:30 +0200,2025-07-23,49.85,3,Sample item 11,Customer 1173,555-0173,Standard,5.00,0.00,0.00,yes,Synthetic demo order
#2996,customer0688@example.com,pending,2025-07-17 23:12:11 +0000,2025-07-21,$32.91,3,Sample item 10,Customer 0688,555-0188,Express,5.00,0.00,0.00,no,Synthetic demo order
#2995,customer0991@example.com,paid,2025-07-17 18:05:25 +0000,2025-07-21,31.47,2,Sample item 05,Customer 0991,555-0191,Express,5.00,0.00,0.00,no,Synthetic demo order
#2994,,paid,07/17/2025 15:40,2025-07-21,USD 50.23,1,Sample item 09,Customer 1180,555-0180,Standard,5.00,0.00,0.00,yes,Synthetic demo order
#2993,customer1454@example.com,paid,2025-07-17 12:11:00 +0000,2025-07-20,$3.70,1,Sample item 06,Customer 1454,555-0154,Standard,0.00,0.00,0.00,yes,Synthetic demo order
#2993,customer1454@example.com,paid,2025-07-17 12:11:00 +0000,2025-07-20,20.68,2,Sample item 06,Customer 1454,555-0154,Standard,5.00,0.00,0.00,no,Synthetic demo order
#2992,customer0316@example.com,CANCELLED,07/17/2025 04:30,2025-07-20,48.20,1,Sample item 10,Customer 0316,555-0116,Standard,5.00,0.00,0.00,no,Synthetic demo order
#2991,customer0564@example.com,Paid,2025-07-16 14:55:40 +0000,2025-07-17,26.66,3,Sample item 10,Customer 0564,555-0164,Standard,5.00,0.00,0.00,no,Synthetic demo order
#2990,customer1175@example.com,pending,"Jul 16, 2025",2025-07-17,21.00,1,Sample item 07,Customer 1175,555-0175,Standard,5.00,0.00,0.00,yes,Synthetic demo order
#2989,customer0616@example.com,Paid,2025-07-16T01:14:05Z,2025-07-21,$81.40,2,Sample item 02,Customer 0616,555-0116,Pickup,5.00,0.00,0.00,no,Synthetic demo order
#2988,Customer1021@example.com,Paid,2025-07-16 01:08:12 +0000,2025-07-19,$46.02,1,Sample item 06,Customer 1021,555-0121,Express,5.00,0.00,0.00,no,Synthetic demo order
#2987,customer1252@example.com,PAID,07/16/2025 00:55,2025-07-18,28.43,3,Sample item 07,Customer 1252,555-0152,Standard,5.00,0.00,0.00,no,Synthetic demo order
#2986,Customer1382@example.com,cancelled,"Jul 15, 2025",2025-07-18,$7.69,1,Sample item 10,Customer 1382,555-0182,Pickup,0.00,0.00,0.00,no,Synthetic demo order
#2986,Customer1382@example.com,cancelled,"Jul 15, 2025",2025-07-18,14.57,1,Sample item 05,Customer 1382,555-0182,Express,5.00,0.00,0.00,yes,Synthetic demo order
#2985,customer1203@example.com,voided,07/15/2025 10:14,2025-07-20,$41.48,3,Sample item 05,Customer 1203,555-0103,Express,5.00,0.00,0.00,yes,Synthetic demo order
#2984,customer1146@example.com,paid,2025-07-15T09:55:27Z,2025-07-17,43.53,2,Sample item 02,Customer 1146,555-0146,Pickup,5.00,0.00,0.00,no,Synthetic demo order
#2983,customer0179@example.com,Paid,2025-07-15 04:04:30 +0000,2025-07-17,38.85,2,Sample item 04,Customer 0179,555-0179,Pickup,5.00,0.00,0.00,no,Synthetic demo order
#2982,customer0490@example.com,paid,2025-07-14 21:44:56 UTC,2025-07-17,24.10,1,Sample item 04,Customer 0490,555-0190,Express,5.00,0.00,0.00,no,Synthetic demo order
#2981,customer1031@example.com,partially_refunded,"Jul 13, 2025",2025-07-17,36.47,3,Sample item 06,Customer 1031,555-0131,Standard,5.00,0.00,0.00,yes,Synthetic demo order
#2980,customer0255@example.com,paid,2025-07-13 04:31:55 +0000,2025-07-18,19.15,2,Sample item 08,Customer 0255,555-0155,Standard,5.00,0.00,0.00,no,Synthetic demo order
#2979,customer0188@example.com,paid,07/13/2025 01:25,2025-07-15,$30.01,2,Sample item 04,Customer 0188,555-0188,Standard,5.00,0.00,0.00,yes,Synthetic demo order
#2978,customer0438@example.com,paid,2025-07-12 22:26:10 UTC,2025-07-14,31.52,2,Sample item 07,Customer 0438,555-0138,Pickup,5.00,0.00,0.00,yes,Synthetic demo order
#2977,Customer0499@example.com,paid,2025-07-12 20:26:56 +0200,2025-07-15,USD 41.44,1,Sample item 01,Customer 0499,555-0199,Standard,5.00,0.00,0.00,yes,Synthetic demo order
#2976,customer0030@example.com,paid,07/12/2025 17:34,2025-07-17,54.67,3,Sample item 05,Customer 0030,555-0130,Pickup,5.00,0.00,0.00,yes,Synthetic demo order
#2975,customer1085@example.com,voided,2025-07-12 15:10:35 +0200,2025-07-16,USD 28.18,1,Sample item 11,Customer 1085,555-0185,Express,5.00,0.00,0.00,no,Synthetic demo order
#2974,customer0772@example.com,paid,2025-07-12 02:48:00 +0000,2025-07-13,34.45,3,Sample item 04,Customer 0772,555-0172,Pickup,5.00,0.00,0.00,yes,Synthetic demo order
#2973,customer1318@example.com,paid,2025-07-11 20:26:34 +0000,2025-07-15,$23.04,3,Sample item 03,Customer 1318,555-0118,Standard,5.00,0.00,0.00,yes,Synthetic demo order
#2972,Customer1004@example.com,paid,2025-07-11 18:15:59 -0800,2025-07-15,$37.61,2,Sample item 03,Customer 1004,555-0104,Pickup,5.00,0.00,0.00,no,Synthetic demo order
#2971,customer0411@example.com,Refunded,11 Jul 2025,2025-07-14,35.78,3,Sample item 06,Customer 0411,555-0111,Express,5.00,0.00,0.00,yes,Synthetic demo order
#2970,customer0185@example.com,paid,2025-07-11T13:16:42Z,2025-07-13,64.48,1,Sample item 07,Customer 0185,555-0185,Pickup,5.00,0.00,0.00,yes,Synthetic demo order
#2969,customer0514@example.com,paid,2025-07-11 04:13:27 +0000,2025-07-13,33.06,2,Sample item 01,Customer 0514,555-0114,Express,5.00,0.00,0.00,no,Synthetic demo order
#2968,Customer0870@example.com,paid,2025-07-11 01:06:00 +0000,2025-07-16,24.12,3,Sample item 09,Customer 0870,555-0170,Standard,5.00,0.00,0.00,yes,Synthetic demo order
#2967,customer0517@example.com,Paid,2025-07-10T21:40:09Z,2025-07-13,$52.99,2,Sample item 11,Customer 0517,555-0117,Express,5.00,0.00,0.00,no,Synthetic demo order
#2966,customer0250@example.com,paid,2025-07-10 17:20:04 +0000,2025-07-13,$33.92,2,Sample item 04,Customer 0250,555-0150,Express,5.00,0.00,0.00,yes,Synthetic demo order
#2965,customer0696@example.com,paid,2025-07-10 07:23:36 +0200,2025-07-13,34.15,2,Sample item 02,Customer 0696,555-0196,Pickup,5.00,0.00,0.00,no,Synthetic demo order
#2964,customer0008@example.com,Paid,"Jul 10, 2025",2025-07-12,14.35,1,Sample item 08,Customer 0008,555-0108,Pickup,0.00,0.00,0.00,yes,Synthetic demo order
#2964,customer0008@example.com,paid,"Jul 10, 2025",2025-07-12,29.20,1,Sample item 11,Customer 0008,555-0108,Standard,5.00,0.00,0.00,no,Synthetic demo order
#2963,Customer0959@example.com,Paid,2025-07-09 21:50:51 +0000,2025-07-11,$59.02,2,Sample item 07,Customer 0959,555-0159,Express,5.00,0.00,0.00,no,Synthetic demo order
#2962,customer0982@example.com,Paid,"Jul 09, 2025",2025-07-12,33.70,2,Sample item 01,Customer 0982,555-0182,Pickup,0.00,0.00,0.00,no,Synthetic demo order
#2962,customer0982@example.com,paid,"Jul 09, 2025",2025-07-12,12.37,1,Sample item 03,Customer 0982,555-0182,Pickup,5.00,0.00,0.00,no,Synthetic demo order
#2961,customer0860@example.com,paid,"Jul 09, 2025",2025-07-14,31.02,3,Sample item 11,Customer 0860,555-0160,Standard,5.00,0.00,0.00,yes,Synthetic demo order
#2960,customer0176@example.com,paid,09 Jul 2025,2025-07-13,46.75,3,Sample item 10,Customer 0176,555-0176,Pickup,5.00,0.00,0.00,no,Synthetic demo order
#2959,Customer0439@example.com,paid,2025-07-09 08:58:17 UTC,2025-07-11,71.24,2,Sample item 03,Customer 0439,555-0139,Standard,5.00,0.00,0.00,yes,Synthetic demo order
#2958,customer0689@example.com,cancelled,2025-07-09 04:36:14 +0000,2025-07-14,$31.88,3,Sample item 02,Customer 0689,555-0189,Standard,5.00,0.00,0.00,no,Synthetic demo order
#2957,customer1329@example.com,cancelled,2025-07-09 03:16:39 +0000,2025-07-14,39.75,2,Sample item 11,Customer 1329,555-0129,Pickup,5.00,0.00,0.00,no,Synthetic demo order
#2956,customer0640@example.com,refunded,2025-07-08 17:18:52 -0500,2025-07-09,USD 35.77,3,Sample item 03,Customer 0640,555-0140,Pickup,5.00,0.00,0.00,yes,Synthetic demo order
#2955,Customer0459@example.com,paid,2025-07-08 10:21:16 +0000,2025-07-09,64.76,2,Sample item 09,Customer 0459,555-0159,Standard,5.00,0.00,0.00,no,Synthetic demo order
#2954,customer0800@example.com,paid,2025-07-07 22:09:18 UTC,2025-07-10,6.70,3,Sample item 10,Customer 0800,555-0100,Express,0.00,0.00,0.00,no,Synthetic demo order
#2954,customer0800@example.com,Paid,2025-07-07 22:09:18 UTC,2025-07-10,$24.06,1,Sample item 10,Customer 0800,555-0100,Express,5.00,0.00,0.00,no,Synthetic demo order
#2953,customer0636@example.com,Paid,07/07/2025 18:33,2025-07-12,$18.13,1,Sample item 07,Customer 0636,555-0136,Pickup,5.00,0.00,0.00,no,Synthetic demo order
#2952,,paid,2025-07-07 16:33:37 UTC,2025-07-12,36.16,1,Sample item 01,Customer 1028,555-0128,Express,5.00,0.00,0.00,no,Synthetic demo order
#2951,customer0734@example.com,paid,07/07/2025 15:25,2025-07-12,$66.77,2,Sample item 10,Customer 0734,555-0134,Express,5.00,0.00,0.00,no,Synthetic demo order
#2950,customer0990@example.com,PARTIALLY_REFUNDED,2025-07-07 14:34:44 +0000,2025-07-09,26.57,3,Sample item 05,Customer 0990,555-0190,Express,5.00,0.00,0.00,no,Synthetic demo order
#2949,customer1464@example.com,paid,2025-07-07T08:57:26Z,2025-07-11,32.90,3,Sample item 08,Customer 1464,555-0164,Pickup,5.00,0.00,0.00,no,Synthetic demo order
#2948,Customer0215@example.com,cancelled,07/07/2025 06:21,2025-07-10,19.65,2,Sample item 04,Customer 0215,555-0115,Standard,5.00,0.00,0.00,no,Synthetic demo order
#2947,customer1171@example.com,paid,2025-07-06 06:19:24 +0000,2025-07-07,$10.00,3,Sample item 06,Customer 1171,555-0171,Pickup,0.00,0.00,0.00,yes,Synthetic demo order
#2947,customer1171@example.com,paid,2025-07-06 06:19:24 +0000,2025-07-07,39.73,1,Sample item 07,Customer 1171,555-0171,Standard,5.00,0.00,0.00,yes,Synthetic demo order
#2946,Customer0317@example.com,voided,2025-07-06 05:14:42 +0000,2025-07-09,29.84,2,Sample item 11,Customer 0317,555-0117,Pickup,5.00,0.00,0.00,no,Synthetic demo order
#2945,Customer1009@example.com,paid,2025-07-05 14:01:43 +0000,2025-07-08,47.11,1,Sample item 11,Customer 1009,555-0109,Standard,5.00,0.00,0.00,no,Synthetic demo order
#2944,customer0500@example.com,paid,2025-07-05 01:28:03 +0000,2025-07-06,35.76,2,Sample item 04,Customer 0500,555-0100,Express,5.00,0.00,0.00,no,Synthetic demo order
#2943,customer0273@example.com,paid,05 Jul 2025,2025-07-06,$63.20,1,Sample item 09,Customer 0273,555-0173,Pickup,5.00,0.00,0.00,yes,Synthetic demo order
#2942,customer0447@example.com,paid,2025-07-04 19:54:01 +0000,2025-07-09,26.95,1,Sample item 07,Customer 0447,555-0147,Standard,5.00,0.00,0.00,yes,Synthetic demo order
#2941,customer0929@example.com,Paid,07/04/2025 17:45,2025-07-07,$34.03,1,Sample item 06,Customer 0929,555-0129,Standard,5.00,0.00,0.00,no,Synthetic demo order
#2940,customer0330@example.com,paid,"Jul 04, 2025",2025-07-07,90.01,2,Sample item 01,Customer 0330,555-0130,Standard,5.00,0.00,0.00,yes,Synthetic demo order
#2939,Customer0442@example.com,paid,2025-07-04 10:55:51 UTC,2025-07-07,12.62,3,Sample item 01,Customer 0442,555-0142,Express,5.00,0.00,0.00,no,Synthetic demo order
#2938,customer1199@example.com,Paid,2025-07-04 05:43:23 UTC,2025-07-05,$57.52,1,Sample item 02,Customer 1199,555-0199,Express,5.00,0.00,0.00,no,Synthetic demo order
#2937,customer0671@example.com,Paid,2025-07-03 16:06:30 UTC,2025-07-05,41.86,2,Sample item 11,Customer 0671,555-0171,Express,5.00,0.00,0.00,no,Synthetic demo order
#2936,customer0883@example.com,paid,03 Jul 2025,2025-07-08,29.93,3,Sample item 11,Customer 0883,555-0183,Standard,5.00,0.00,0.00,no,Synthetic demo order
#2935,customer0615@example.com,paid,2025-07-03 10:43:26 +0000,2025-07-07,76.63,3,Sample item 05,Customer 0615,555-0115,Express,5.00,0.00,0.00,no,Synthetic demo order
#2934,customer0856@example.com,Paid,"Jul 03, 2025",2025-07-07,81.30,3,Sample item 04,Customer 0856,555-0156,Pickup,5.00,0.00,0.00,yes,Synthetic demo order
#2933,Customer0820@example.com,voided,2025-07-02 21:36:39 -0500,2025-07-06,38.43,2,Sample item 07,Customer 0820,555-0120,Express,5.00,0.00,0.00,no,Synthetic demo order
#2932,customer0608@example.com,paid,2025-07-02 14:49:03 +0000,2025-07-05,$19.60,2,Sample item 10,Customer 0608,555-0108,Express,0.00,0.00,0.00,no,Synthetic demo order
#2932,customer0608@example.com,paid,2025-07-02 14:49:03 +0000,2025-07-05,USD 5.11,2,Sample item 09,Customer 0608,555-0108,Pickup,5.00,0.00,0.00,no,Synthetic demo order
#2931,Customer1012@example.com,paid,2025-07-02T12:47:49Z,2025-07-07,USD 24.21,1,Sample item 08,Customer 1012,555-0112,Express,5.00,0.00,0.00,yes,Synthetic demo order
#2930,customer0140@example.com,paid,2025-07-02 03:32:31 UTC,2025-07-06,USD 71.20,3,Sample item 07,Customer 0140,555-0140,Standard,5.00,0.00,0.00,no,Synthetic demo order
#2929,Customer0823@example.com,Refunded,2025-07-01T16:29:03Z,2025-07-02,50.35,2,Sample item 05,Customer 0823,555-0123,Standard,5.00,0.00,0.00,no,Synthetic demo order
#2928,Customer0861@example.com,paid,2025-07-01 15:27:22 +0200,2025-07-02,23.55,1,Sample item 03,Customer 0861,555-0161,Express,5.00,0.00,0.00,no,Synthetic demo order
#2927,Customer1010@example.com,paid,2025-07-01 06:02:11 +0000,2025-07-04,$54.24,2,Sample item 07,Customer 1010,555-0110,Express,5.00,0.00,0.00,yes,Synthetic demo order
#2926,customer0563@example.com,paid,"Jun 30, 2025",2025-07-03,69.20,2,Sample item 09,Customer 0563,555-0163,Express,5.00,0.00,0.00,yes,Synthetic demo order
#2925,customer0379@example.com,cancelled,2025-06-30 09:28:56 +0000,2025-07-03,44.60,1,Sample item 02,Customer 0379,555-0179,Standard,5.00,0.00,0.00,yes,Synthetic demo order
#2924,customer0734@example.com,REFUNDED,06/29/2025 18:06,2025-07-04,$56.30,3,Sample item 05,Customer 0734,555-0134,Pickup,5.00,0.00,0.00,no,Synthetic demo order
#2923,customer0120@example.com,paid,2025-06-29 07:46:50 +0000,2025-07-02,28.40,1,Sample item 11,Customer 0120,555-0120,Pickup,5.00,0.00,0.00,yes,Synthetic demo order
#2922,customer0158@example.com,paid,2025-06-28T16:01:50Z,2025-06-29,36.45,2,Sample item 11,Customer 0158,555-0158,Standard,5.00,0.00,0.00,yes,Synthetic demo order
#2921,Customer1133@example.com,paid,2025-06-28T12:03:28Z,2025-06-30,38.16,1,Sample item 11,Customer 1133,555-0133,Pickup,5.00,0.00,0.00,yes,Synthetic demo order
#2920,customer0354@example.com,cancelled,2025-06-28 12:01:05 +0000,2025-06-30,23.46,1,Sample item 07,Customer 0354,555-0154,Pickup,5.00,0.00,0.00,yes,Synthetic demo order
#2919,Customer1008@example.com,paid,2025-06-27 04:33:08 +0000,2025-06-29,10.70,2,Sample item 08,Customer 1008,555-0108,Standard,0.00,0.00,0.00,no,Synthetic demo order
#2919,Customer1008@example.com,paid,2025-06-27 04:33:08 +0000,2025-06-29,29.52,3,Sample item 10,Customer 1008,555-0108,Pickup,5.00,0.00,0.00,no,Synthetic demo order
#2918,customer0834@example.com,paid,2025-06-27 03:22:59 -0500,2025-07-02,50.26,2,Sample item 11,Customer 0834,555-0134,Pickup,5.00,0.00,0.00,yes,Synthetic demo order
#2917,customer0365@example.com,paid,"Jun 27, 2025",2025-06-29,32.15,3,Sample item 01,Customer 0365,555-0165,Express,5.00,0.00,0.00,no,Synthetic demo order
#2916,Customer0337@example.com,paid,2025-06-27 01:12:46 +0000,2025-06-30,7.33,3,Sample item 05,Customer 0337,555-0137,Standard,5.00,0.00,0.00,no,Synthetic demo order
#2915,customer1057@example.com,Paid,2025-06-26 13:09:28 UTC,2025-06-27,"22,59",3,Sample item 08,Customer 1057,555-0157,Standard,5.00,0.00,0.00,yes,Synthetic demo order
#2914,customer0798@example.com,paid,2025-06-26 00:14:32 +0000,2025-07-01,30.30,3,Sample item 10,Customer 0798,555-0198,Standard,5.00,0.00,0.00,no,Synthetic demo order
#2913,customer0008@example.com,paid,2025-06-25T14:40:25Z,2025-06-30,USD 47.91,1,Sample item 02,Customer 0008,555-0108,Express,5.00,0.00,0.00,yes,Synthetic demo order
#2912,customer0499@example.com,paid,2025-06-25 04:10:21 +0000,2025-06-26,14.33,2,Sample item 02,Customer 0499,555-0199,Pickup,0.00,0.00,0.00,yes,Synthetic demo order
#2912,customer0499@example.com,paid,2025-06-25 04:10:21 +0000,2025-06-26,15.93,3,Sample item 08,Customer 0499,555-0199,Express,5.00,0.00,0.00,no,Synthetic demo order
#2911,customer0062@example.com,paid,2025-06-25T03:11:16Z,2025-06-29,30.05,1,Sample item 04,Customer 0062,555-0162,Standard,5.00,0.00,0.00,no,Synthetic demo order
#2910,customer0835@example.com,paid,2025-06-25T02:04:18Z,2025-06-27,0.19,2,Sample item 10,Customer 0835,555-0135,Pickup,0.00,0.00,0.00,no,Synthetic demo order
#2910,customer0835@example.com,Paid,2025-06-25T02:04:18Z,2025-06-27,36.65,1,Sample item 01,Customer 0835,555-0135,Pickup,5.00,0.00,0.00,yes,Synthetic demo order
#2909,customer1298@example.com,Paid,06/25/2025 00:52,2025-06-27,USD 42.42,1,Sample item 04,Customer 1298,555-0198,Express,0.00,0.00,0.00,no,Synthetic demo order
#2909,customer1298@example.com,paid,06/25/2025 00:52,2025-06-27,18.23,2,Sample item 01,Customer 1298,555-0198,Pickup,5.00,0.00,0.00,no,Synthetic demo order
#2908,customer1468@example.com,paid,2025-06-24 21:19:45 +0000,2025-06-26,$3.71,2,Sample item 09,Customer 1468,555-0168,Standard,0.00,0.00,0.00,no,Synthetic demo order
#2908,customer1468@example.com,paid,2025-06-24 21:19:45 +0000,2025-06-26,17.65,2,Sample item 09,Customer 1468,555-0168,Standard,5.00,0.00,0.00,no,Synthetic demo order
#2907,Customer0916@example.com,paid,2025-06-24 20:35:53 UTC,2025-06-25,"22,84",2,Sample item 09,Customer 0916,555-0116,Express,5.00,0.00,0.00,yes,Synthetic demo order
#2906,customer0133@example.com,refunded,06/24/2025 15:32,2025-06-26,$83.17,1,Sample item 07,Customer 0133,555-0133,Standard,5.00,0.00,0.00,no,Synthetic demo order
#2905,customer0801@example.com,paid,2025-06-24 07:52:16 +0000,2025-06-26,23.28,1,Sample item 11,Customer 0801,555-0101,Standard,5.00,0.00,0.00,no,Synthetic demo order
#2904,customer0086@example.com,paid,2025-06-24 04:21:37 +0000,2025-06-25,76.82,1,Sample item 06,Customer 0086,555-0186,Pickup,5.00,0.00,0.00,yes,Synthetic demo order
#2903,customer0603@example.com,paid,06/23/2025 14:57,2025-06-27,$22.75,1,Sample item 11,Customer 0603,555-0103,Standard,5.00,0.00,0.00,yes,Synthetic demo order
#2902,customer1078@example.com,voided,06/23/2025 08:09,2025-06-27,16.28,3,Sample item 10,Customer 1078,555-0178,Standard,0.00,0.00,0.00,yes,Synthetic demo order
#2902,customer1078@example.com,voided,06/23/2025 08:09,2025-06-27,"22,92",3,Sample item 07,Customer 1078,555-0178,Standard,5.00,0.00,0.00,yes,Synthetic demo order
#2901,customer1100@example.com,paid,2025-06-22 22:15:57 +0000,2025-06-27,$38.03,3,Sample item 04,Customer 1100,555-0100,Express,0.00,0.00,0.00,yes,Synthetic demo order
#2901,customer1100@example.com,paid,2025-06-22 22:15:57 +0000,2025-06-27,$21.05,1,Sample item 04,Customer 1100,555-0100,Standard,5.00,0.00,0.00,yes,Synthetic demo order
#2900,customer0061@example.com,paid,"Jun 22, 2025",2025-06-23,34.59,1,Sample item 11,Customer 0061,555-0161,Standard,5.00,0.00,0.00,no,Synthetic demo order
#2899,customer0117@example.com,Paid,2025-06-22T15:25:55Z,2025-06-27,33.99,1,Sample item 02,Customer 0117,555-0117,Pickup,5.00,0.00,0.00,yes,Synthetic demo order
#2898,customer0874@example.com,paid,22 Jun 2025,2025-06-24,51.64,2,Sample item 10,Customer 0874,555-0174,Express,5.00,0.00,0.00,no,Synthetic demo order
#2897,customer1031@example.com,paid,2025-06-22 12:31:30 -0800,2025-06-24,$19.01,1,Sample item 07,Customer 1031,555-0131,Express,5.00,0.00,0.00,yes,Synthetic demo order
#2896,customer0317@example.com,Paid,2025-06-21T12:59:03Z,2025-06-25,$33.99,1,Sample item 04,Customer 0317,555-0117,Pickup,5.00,0.00,0.00,no,Synthetic demo order
#2895,customer0585@example.com,paid,2025-06-21T08:55:58Z,2025-06-25,39.49,1,Sample item 03,Customer 0585,555-0185,Express,5.00,0.00,0.00,no,Synthetic demo order
#2894,customer0386@example.com,paid,2025-06-20T18:34:59Z,2025-06-21,USD 38.79,2,Sample item 08,Customer 0386,555-0186,Standard,5.00,0.00,0.00,yes,Synthetic demo order
#2893,customer1112@example.com,paid,2025-06-20 18:01:58 +0200,2025-06-21,$29.19,3,Sample item 11,Customer 1112,555-0112,Standard,5.00,0.00,0.00,yes,Synthetic demo order
#2892,customer0665@example.com,PAID,"Jun 20, 2025",2025-06-22,40.18,3,Sample item 10,Customer 0665,555-0165,Pickup,5.00,0.00,0.00,yes,Synthetic demo order
#2891,customer0143@example.com,paid,"Jun 20, 2025",2025-06-22,71.69,1,Sample item 07,Customer 0143,555-0143,Pickup,5.00,0.00,0.00,yes,Synthetic demo order
#2890,customer0105@example.com,paid,06/20/2025 07:16,2025-06-24,$43.38,1,Sample item 10,Customer 0105,555-0105,Pickup,5.00,0.00,0.00,yes,Synthetic demo order
#2889,customer0073@example.com,paid,2025-06-19 17:29:40 -0500,2025-06-22,$40.86,1,Sample item 11,Customer 0073,555-0173,Express,5.00,0.00,0.00,yes,Synthetic demo order
#2888,,refunded,06/19/2025 14:43,2025-06-22,34.56,2,Sample item 09,Customer 0504,555-0104,Express,0.00,0.00,0.00,no,Synthetic demo order
#2888,,Refunded,06/19/2025 14:43,2025-06-22,"7,01",1,Sample item 04,Customer 0504,555-0104,Pickup,5.00,0.00,0.00,no,Synthetic demo order
#2887,customer0214@example.com,paid,06/19/2025 13:28,2025-06-20,34.04,1,Sample item 11,Customer 0214,555-0114,Standard,5.00,0.00,0.00,no,Synthetic demo order
#2886,customer1499@example.com,paid,2025-06-17 12:11:23 UTC,2025-06-20,54.72,3,Sample item 07,Customer 1499,555-0199,Standard,5.00,0.00,0.00,no,Synthetic demo order
#2885,customer0637@example.com,paid,2025-06-17 11:58:50 +0000,2025-06-21,46.39,2,Sample item 07,Customer 0637,555-0137,Standard,5.00,0.00,0.00,no,Synthetic demo order
#2884,customer1016@example.com,Paid,2025-06-17 07:57:03 +0000,2025-06-22,20.85,1,Sample item 11,Customer 1016,555-0116,Express,5.00,0.00,0.00,no,Synthetic demo order
#2883,customer1059@example.com,refunded,17 Jun 2025,2025-06-21,80.33,2,Sample item 05,Customer 1059,555-0159,Standard,5.00,0.00,0.00,yes,Synthetic demo order
#2882,customer1385@example.com,paid,2025-06-17 05:43:21 +0000,2025-06-20,47.00,3,Sample item 04,Customer 1385,555-0185,Standard,5.00,0.00,0.00,no,Synthetic demo order
#2881,customer1055@example.com,Paid,16 Jun 2025,2025-06-21,18.17,1,Sample item 05,Customer 1055,555-0155,Pickup,5.00,0.00,0.00,yes,Synthetic demo order
#2880,customer0928@example.com,paid,2025-06-15 09:35:34 UTC,2025-06-17,61.25,2,Sample item 07,Customer 0928,555-0128,Pickup,5.00,0.00,0.00,no,Synthetic demo order
#2879,customer0760@example.com,REFUNDED,06/15/2025 04:11,2025-06-18,USD 21.90,3,Sample item 07,Customer 0760,555-0160,Standard,5.00,0.00,0.00,yes,Synthetic demo order
#2878,customer1203@example.com,PAID,15 Jun 2025,2025-06-16,75.50,3,Sample item 06,Customer 1203,555-0103,Express,5.00,0.00,0.00,yes,Synthetic demo order
#2877,Customer0283@example.com,paid,06/15/2025 01:35,2025-06-18,$38.46,1,Sample item 05,Customer 0283,555-0183,Express,5.00,0.00,0.00,no,Synthetic demo order
#2876,customer0445@example.com,paid,14 Jun 2025,2025-06-18,63.39,1,Sample item 09,Customer 0445,555-0145,Express,5.00,0.00,0.00,yes,Synthetic demo order
#2875,customer0452@example.com,paid,2025-06-14 10:51:32 +0000,2025-06-17,"$2,674.32",1,Sample item 04,Customer 0452,555-0152,Standard,5.00,0.00,0.00,yes,Synthetic demo order
#2874,customer0946@example.com,paid,06/14/2025 00:33,2025-06-19,$49.44,1,Sample item 11,Customer 0946,555-0146,Standard,5.00,0.00,0.00,yes,Synthetic demo order
#2873,customer0025@example.com,paid,2025-06-13T21:44:12Z,2025-06-14,130.56,1,Sample item 09,Customer 0025,555-0125,Standard,5.00,0.00,0.00,no,Synthetic demo order
#2872,customer0316@example.com,paid,2025-06-13 16:00:57 +0000,2025-06-14,30.15,1,Sample item 03,Customer 0316,555-0116,Pickup,5.00,0.00,0.00,yes,Synthetic demo order
#2871,customer1409@example.com,PAID,2025-06-13 07:45:30 +0000,2025-06-14,74.27,3,Sample item 01,Customer 1409,555-0109,Pickup,5.00,0.00,0.00,no,Synthetic demo order
#2870,customer0572@example.com,paid,2025-06-13 06:35:24 +0000,2025-06-15,38.44,2,Sample item 06,Customer 0572,555-0172,Express,5.00,0.00,0.00,no,Synthetic demo order
#2869,customer0799@example.com,partially_refunded,13 Jun 2025,2025-06-15,86.00,3,Sample item 09,Customer 0799,555-0199,Express,5.00,0.00,0.00,no,Synthetic demo order
#2868,customer1280@example.com,paid,2025-06-11 10:51:32 +0000,2025-06-13,20.69,3,Sample item 08,Customer 1280,555-0180,Standard,0.00,0.00,0.00,yes,Synthetic demo order
#2868,customer1280@example.com,paid,2025-06-11 10:51:32 +0000,2025-06-13,13.87,1,Sample item 05,Customer 1280,555-0180,Pickup,5.00,0.00,0.00,yes,Synthetic demo order
#2867,customer1100@example.com,Pending,06/11/2025 07:32,2025-06-15,23.04,2,Sample item 02,Customer 1100,555-0100,Pickup,0.00,0.00,0.00,yes,Synthetic demo order
#2867,customer1100@example.com,pending,06/11/2025 07:32,2025-06-15,41.18,1,Sample item 02,Customer 1100,555-0100,Standard,5.00,0.00,0.00,yes,Synthetic demo order
#2866,customer1386@example.com,cancelled,06/11/2025 06:14,2025-06-12,112.67,3,Sample item 03,Customer 1386,555-0186,Pickup,5.00,0.00,0.00,yes,Synthetic demo order
#2865,customer0380@example.com,paid,2025-06-11 05:22:45 +0000,2025-06-15,$37.93,1,Sample item 08,Customer 0380,555-0180,Pickup,5.00,0.00,0.00,yes,Synthetic demo order
#2864,Customer0531@example.com,paid,2025-06-11 01:42:40 +0000,2025-06-12,29.86,3,Sample item 04,Customer 0531,555-0131,Standard,5.00,0.00,0.00,yes,Synthetic demo order
#2863,customer0054@example.com,paid,06/10/2025 18:54,2025-06-13,"22,87",3,Sample item 06,Customer 0054,555-0154,Pickup,5.00,0.00,0.00,no,Synthetic demo order
#2862,customer1420@example.com,paid,06/10/2025 17:19,2025-06-14,30.29,2,Sample item 03,Customer 1420,555-0120,Standard,5.00,0.00,0.00,yes,Synthetic demo order
#2861,customer0564@example.com,paid,2025-06-09 23:52:35 +0000,2025-06-12,$30.38,2,Sample item 02,Customer 0564,555-0164,Standard,5.00,0.00,0.00,yes,Synthetic demo order
#2860,customer0263@example.com,Paid,2025-06-09 16:35:52 UTC,2025-06-11,"19,74",3,Sample item 01,Customer 0263,555-0163,Standard,5.00,0.00,0.00,no,Synthetic demo order
#2859,customer1161@example.com,Paid,2025-06-09T14:41:49Z,2025-06-11,56.36,2,Sample item 04,Customer 1161,555-0161,Standard,5.00,0.00,0.00,no,Synthetic demo order
#2858,customer0596@example.com,paid,2025-06-09 08:08:27 +0000,2025-06-12,21.11,3,Sample item 06,Customer 0596,555-0196,Express,5.00,0.00,0.00,no,Synthetic demo order
#2857,customer1294@example.com,paid,2025-06-09 02:35:13 +0000,2025-06-10,25.61,1,Sample item 09,Customer 1294,555-0194,Pickup,5.00,0.00,0.00,yes,Synthetic demo order
#2856,customer0334@example.com,paid,2025-06-08 09:42:27 +0000,2025-06-12,$74.69,1,Sample item 05,Customer 0334,555-0134,Standard,5.00,0.00,0.00,yes,Synthetic demo order
#2855,customer0469@example.com,paid,08 Jun 2025,2025-06-10,26.72,1,Sample item 09,Customer 0469,555-0169,Pickup,5.00,0.00,0.00,no,Synthetic demo order
#2854,customer0490@example.com,paid,06/08/2025 02:35,2025-06-10,$34.60,2,Sample item 06,Customer 0490,555-0190,Standard,5.00,0.00,0.00,no,Synthetic demo order
#2853,customer0597@example.com,PAID,2025-06-07 17:19:29 +0000,2025-06-11,57.95,2,Sample item 09,Customer 0597,555-0197,Standard,5.00,0.00,0.00,no,Synthetic demo order
#2852,customer0918@example.com,paid,06/07/2025 15:39,2025-06-10,USD 42.35,2,Sample item 07,Customer 0918,555-0118,Express,5.00,0.00,0.00,no,Synthetic demo order
#2851,customer1059@example.com,paid,2025-06-07 14:14:39 +0000,2025-06-09,$37.69,2,Sample item 10,Customer 1059,555-0159,Express,5.00,0.00,0.00,no,Synthetic demo order
#2850,customer0042@example.com,voided,2025-06-07 07:52:24 +0000,2025-06-10,54.62,3,Sample item 04,Customer 0042,555-0142,Pickup,5.00,0.00,0.00,yes,Synthetic demo order
#2849,Customer0673@example.com,paid,2025-06-07 00:00:49 +0000,2025-06-08,25.04,3,Sample item 05,Customer 0673,555-0173,Pickup,5.00,0.00,0.00,yes,Synthetic demo order
#2848,customer0801@example.com,paid,2025-06-06T20:58:07Z,2025-06-11,$48.18,3,Sample item 03,Customer 0801,555-0101,Express,5.00,0.00,0.00,yes,Synthetic demo order
#2847,customer0465@example.com,refunded,2025-06-06 17:59:34 +0000,2025-06-07,10.62,1,Sample item 05,Customer 0465,555-0165,Pickup,0.00,0.00,0.00,no,Synthetic demo order
#2847,customer0465@example.com,Refunded,2025-06-06 17:59:34 +0000,2025-06-07,27.40,3,Sample item 10,Customer 0465,555-0165,Standard,5.00,0.00,0.00,no,Synthetic demo order
#2846,customer1004@example.com,paid,06 Jun 2025,2025-06-08,42.34,1,Sample item 08,Customer 1004,555-0104,Standard,5.00,0.00,0.00,yes,Synthetic demo order
#2845,Customer0957@example.com,Paid,2025-06-06 09:59:59 +0000,2025-06-07,USD 61.51,1,Sample item 07,Customer 0957,555-0157,Pickup,5.00,0.00,0.00,no,Synthetic demo order
#2844,customer0101@example.com,paid,2025-06-06 03:08:28 +0000,2025-06-10,35.46,2,Sample item 01,Customer 0101,555-0101,Pickup,5.00,0.00,0.00,yes,Synthetic demo order
#2843,customer0432@example.com,PAID,06/05/2025 04:58,2025-06-08,29.95,1,Sample item 03,Customer 0432,555-0132,Pickup,5.00,0.00,0.00,yes,Synthetic demo order
#2842,customer0735@example.com,paid,"Jun 05, 2025",2025-06-06,$26.92,2,Sample item 02,Customer 0735,555-0135,Pickup,5.00,0.00,0.00,yes,Synthetic demo order
#2841,Customer0959@example.com,paid,2025-06-05T04:25:59Z,2025-06-07,$62.56,3,Sample item 02,Customer 0959,555-0159,Standard,5.00,0.00,0.00,yes,Synthetic demo order
#2840,customer0003@example.com,refunded,2025-06-04 23:03:14 +0000,2025-06-08,$32.44,1,Sample item 08,Customer 0003,555-0103,Standard,5.00,0.00,0.00,no,Synthetic demo order
#2839,customer1329@example.com,refunded,2025-06-03T19:03:31Z,2025-06-08,8.70,3,Sample item 06,Customer 1329,555-0129,Pickup,0.00,0.00,0.00,no,Synthetic demo order
#2839,customer1329@example.com,refunded,2025-06-03T19:03:31Z,2025-06-08,$22.62,3,Sample item 09,Customer 1329,555-0129,Express,5.00,0.00,0.00,no,Synthetic demo order
#2838,customer0675@example.com,paid,"Jun 03, 2025",2025-06-07,$31.64,2,Sample item 02,Customer 0675,555-0175,Express,5.00,0.00,0.00,yes,Synthetic demo order
#2837,customer0689@example.com,Paid,03 Jun 2025,2025-06-04,43.00,3,Sample item 08,Customer 0689,555-0189,Pickup,5.00,0.00,0.00,yes,Synthetic demo order
#2836,customer0091@example.com,Pending,03 Jun 2025,2025-06-04,"17,37",2,Sample item 08,Customer 0091,555-0191,Express,0.00,0.00,0.00,no,Synthetic demo order
#2836,customer0091@example.com,pending,03 Jun 2025,2025-06-04,37.52,1,Sample item 05,Customer 0091,555-0191,Express,5.00,0.00,0.00,yes,Synthetic demo order
#2835,Customer0210@example.com,paid,06/02/2025 23:02,2025-06-05,46.45,3,Sample item 07,Customer 0210,555-0110,Standard,5.00,0.00,0.00,no,Synthetic demo order
#2834,customer0309@example.com,PAID,06/02/2025 18:55,2025-06-03,57.56,2,Sample item 10,Customer 0309,555-0109,Standard,5.00,0.00,0.00,no,Synthetic demo order
#2833,customer0332@example.com,paid,2025-06-02 05:57:21 +0200,2025-06-07,76.57,3,Sample item 06,Customer 0332,555-0132,Express,5.00,0.00,0.00,no,Synthetic demo order
#2832,customer0671@example.com,refunded,06/02/2025 02:28,2025-06-06,$40.71,3,Sample item 08,Customer 0671,555-0171,Standard,5.00,0.00,0.00,yes,Synthetic demo order
#2831,customer1451@example.com,paid,2025-06-02 01:54:16 UTC,2025-06-06,"18,21",3,Sample item 05,Customer 1451,555-0151,Express,5.00,0.00,0.00,yes,Synthetic demo order
#2830,customer0447@example.com,Partially_Refunded,2025-06-01 21:26:07 +0000,2025-06-05,49.89,1,Sample item 09,Customer 0447,555-0147,Express,5.00,0.00,0.00,yes,Synthetic demo order
#2829,customer0806@example.com,paid,2025-06-01 02:27:45 +0000,2025-06-06,"31,53",3,Sample item 10,Customer 0806,555-0106,Pickup,5.00,0.00,0.00,yes,Synthetic demo order
#2828,customer1358@example.com,paid,2025-05-30 16:04:02 UTC,2025-05-31,8.94,2,Sample item 06,Customer 1358,555-0158,Standard,0.00,0.00,0.00,yes,Synthetic demo order
#2828,customer1358@example.com,Paid,2025-05-30 16:04:02 UTC,2025-05-31,17.17,2,Sample item 09,Customer 1358,555-0158,Standard,5.00,0.00,0.00,no,Synthetic demo order
#2827,customer0244@example.com,paid,2025-05-29 21:47:45 UTC,2025-05-30,$67.60,3,Sample item 02,Customer 0244,555-0144,Pickup,5.00,0.00,0.00,yes,Synthetic demo order
#2826,customer0916@example.com,Paid,05/29/2025 08:37,2025-05-30,$40.86,1,Sample item 06,Customer 0916,555-0116,Pickup,5.00,0.00,0.00,no,Synthetic demo order
#2825,customer0354@example.com,Paid,05/28/2025 20:47,2025-05-29,USD 0.00,2,Sample item 11,Customer 0354,555-0154,Express,5.00,0.00,0.00,no,Synthetic demo order
#2824,customer0928@example.com,Paid,2025-05-28 13:45:48 +0000,2025-05-31,44.46,3,Sample item 01,Customer 0928,555-0128,Standard,5.00,0.00,0.00,yes,Synthetic demo order
#2823,customer0530@example.com,paid,28 May 2025,2025-05-31,USD 43.49,2,Sample item 10,Customer 0530,555-0130,Standard,0.00,0.00,0.00,yes,Synthetic demo order
#2823,customer0530@example.com,paid,28 May 2025,2025-05-31,5.26,1,Sample item 03,Customer 0530,555-0130,Express,5.00,0.00,0.00,yes,Synthetic demo order
#2822,customer0959@example.com,pending,05/28/2025 07:36,2025-05-29,$55.21,2,Sample item 09,Customer 0959,555-0159,Pickup,5.00,0.00,0.00,yes,Synthetic demo order
#2821,customer1012@example.com,paid,05/28/2025 07:18,2025-06-02,50.06,3,Sample item 03,Customer 1012,555-0112,Pickup,5.00,0.00,0.00,yes,Synthetic demo order
#2820,Customer0497@example.com,Paid,2025-05-27 12:24:24 +0000,2025-05-30,50.33,2,Sample item 11,Customer 0497,555-0197,Standard,5.00,0.00,0.00,yes,Synthetic demo order
#2819,customer0563@example.com,paid,2025-05-27 11:32:32 UTC,2025-05-31,108.77,1,Sample item 05,Customer 0563,555-0163,Standard,5.00,0.00,0.00,no,Synthetic demo order
#2818,customer0541@example.com,paid,2025-05-27 07:59:56 UTC,2025-05-28,$34.33,3,Sample item 03,Customer 0541,555-0141,Express,5.00,0.00,0.00,no,Synthetic demo order
#2817,customer0476@example.com,Paid,2025-05-27T02:01:59Z,2025-05-29,14.88,1,Sample item 04,Customer 0476,555-0176,Standard,0.00,0.00,0.00,no,Synthetic demo order
#2817,customer0476@example.com,paid,2025-05-27T02:01:59Z,2025-05-29,4.60,1,Sample item 10,Customer 0476,555-0176,Express,5.00,0.00,0.00,yes,Synthetic demo order
#2816,Customer1067@example.com,Paid,2025-05-26 10:06:38 +0000,2025-05-30,26.79,1,Sample item 03,Customer 1067,555-0167,Pickup,5.00,0.00,0.00,yes,Synthetic demo order
#2815,customer0317@example.com,Paid,26 May 2025,2025-05-28,30.35,3,Sample item 10,Customer 0317,555-0117,Express,5.00,0.00,0.00,no,Synthetic demo order
#2814,customer0393@example.com,pending,2025-05-26T04:31:29Z,2025-05-31,31.70,2,Sample item 02,Customer 0393,555-0193,Standard,5.00,0.00,0.00,no,Synthetic demo order
#2813,customer1127@example.com,paid,05/26/2025 02:10,2025-05-31,85.24,1,Sample item 07,Customer 1127,555-0127,Pickup,5.00,0.00,0.00,yes,Synthetic demo order
#2812,customer0889@example.com,pending,2025-05-25 19:47:09 +0000,2025-05-28,$77.50,1,Sample item 09,Customer 0889,555-0189,Express,5.00,0.00,0.00,yes,Synthetic demo order
#2811,,paid,2025-05-25 09:26:57 +0000,2025-05-29,$1.97,3,Sample item 07,Customer 0129,555-0129,Pickup,0.00,0.00,0.00,no,Synthetic demo order
#2811,,paid,2025-05-25 09:26:57 +0000,2025-05-29,$29.02,1,Sample item 01,Customer 0129,555-0129,Standard,5.00,0.00,0.00,yes,Synthetic demo order
#2810,customer0514@example.com,paid,2025-05-25 01:16:57 +0000,2025-05-29,29.07,3,Sample item 11,Customer 0514,555-0114,Express,5.00,0.00,0.00,yes,Synthetic demo order
#2809,customer0029@example.com,Paid,2025-05-24 21:28:21 +0000,2025-05-27,$30.13,3,Sample item 10,Customer 0029,555-0129,Pickup,5.00,0.00,0.00,no,Synthetic demo order
#2808,customer0306@example.com,paid,2025-05-24 12:57:14 -0500,2025-05-27,32.73,1,Sample item 05,Customer 0306,555-0106,Express,5.00,0.00,0.00,no,Synthetic demo order
#2807,Customer0847@example.com,paid,2025-05-24 08:37:55 +0000,2025-05-27,$8.17,3,Sample item 01,Customer 0847,555-0147,Express,0.00,0.00,0.00,yes,Synthetic demo order
#2807,Customer0847@example.com,paid,2025-05-24 08:37:55 +0000,2025-05-27,$25.84,3,Sample item 05,Customer 0847,555-0147,Express,5.00,0.00,0.00,yes,Synthetic demo order
#2806,customer1454@example.com,paid,2025-05-24 05:08:11 UTC,2025-05-29,USD 25.14,1,Sample item 02,Customer 1454,555-0154,Pickup,5.00,0.00,0.00,no,Synthetic demo order
#2805,customer0048@example.com,paid,2025-05-24 04:04:02 +0000,2025-05-26,69.79,2,Sample item 11,Customer 0048,555-0148,Express,5.00,0.00,0.00,no,Synthetic demo order
#2804,customer0754@example.com,paid,24 May 2025,2025-05-27,34.79,1,Sample item 04,Customer 0754,555-0154,Pickup,5.00,0.00,0.00,no,Synthetic demo order
#2803,Customer1076@example.com,Paid,"May 24, 2025",2025-05-27,42.40,3,Sample item 03,Customer 1076,555-0176,Standard,0.00,0.00,0.00,no,Synthetic demo order
#2803,Customer1076@example.com,paid,"May 24, 2025",2025-05-27,6.98,1,Sample item 03,Customer 1076,555-0176,Pickup,5.00,0.00,0.00,no,Synthetic demo order
#2802,customer0025@example.com,voided,2025-05-23 12:23:17 +0000,2025-05-26,USD 77.23,3,Sample item 04,Customer 0025,555-0125,Standard,5.00,0.00,0.00,no,Synthetic demo order
#2801,customer1343@example.com,Paid,2025-05-23 10:00:33 -0800,2025-05-25,$17.27,3,Sample item 08,Customer 1343,555-0143,Express,0.00,0.00,0.00,no,Synthetic demo order
#2801,customer1343@example.com,paid,2025-05-23 10:00:33 -0800,2025-05-25,26.07,1,Sample item 11,Customer 1343,555-0143,Pickup,5.00,0.00,0.00,yes,Synthetic demo order
#2800,customer0133@example.com,Paid,2025-05-22T19:55:46Z,2025-05-27,$49.22,2,Sample item 11,Customer 0133,555-0133,Pickup,5.00,0.00,0.00,no,Synthetic demo order
#2799,customer0572@example.com,paid,2025-05-22 19:26:29 UTC,2025-05-23,"48,24",3,Sample item 05,Customer 0572,555-0172,Express,5.00,0.00,0.00,no,Synthetic demo order
#2798,customer1126@example.com,paid,2025-05-22 14:28:01 +0000,2025-05-26,53.31,3,Sample item 06,Customer 1126,555-0126,Standard,5.00,0.00,0.00,yes,Synthetic demo order
#2797,customer1315@example.com,Paid,2025-05-22T06:37:19Z,2025-05-24,$41.75,1,Sample item 04,Customer 1315,555-0115,Standard,5.00,0.00,0.00,no,Synthetic demo order
#2796,Customer0274@example.com,partially_refunded,05/22/2025 05:50,2025-05-25,53.46,2,Sample item 07,Customer 0274,555-0174,Standard,5.00,0.00,0.00,yes,Synthetic demo order
#2795,customer1327@example.com,paid,2025-05-21 18:03:05 +0000,2025-05-24,18.04,2,Sample item 04,Customer 1327,555-0127,Express,5.00,0.00,0.00,no,Synthetic demo order
#2794,customer0137@example.com,PAID,2025-05-21 11:24:23 +0000,2025-05-22,70.31,3,Sample item 10,Customer 0137,555-0137,Express,5.00,0.00,0.00,yes,Synthetic demo order
#2793,customer0196@example.com,Paid,2025-05-21 08:30:20 +0200,2025-05-22,"33,80",3,Sample item 05,Customer 0196,555-0196,Pickup,5.00,0.00,0.00,no,Synthetic demo order
#2792,customer1233@example.com,voided,2025-05-21T06:20:59Z,2025-05-24,$34.95,1,Sample item 08,Customer 1233,555-0133,Standard,5.00,0.00,0.00,yes,Synthetic demo order
#2791,customer1252@example.com,partially_refunded,05/21/2025 06:06,2025-05-24,28.68,1,Sample item 04,Customer 1252,555-0152,Standard,5.00,0.00,0.00,yes,Synthetic demo order
#2790,Customer0207@example.com,paid,2025-05-20 19:32:50 UTC,2025-05-21,$40.72,1,Sample item 06,Customer 0207,555-0107,Pickup,5.00,0.00,0.00,no,Synthetic demo order
#2789,customer0983@example.com,paid,2025-05-20 19:28:59 +0000,2025-05-25,USD 27.97,1,Sample item 07,Customer 0983,555-0183,Standard,5.00,0.00,0.00,yes,Synthetic demo order
#2788,customer0508@example.com,paid,2025-05-20 16:24:16 -0800,2025-05-23,"79,68",2,Sample item 08,Customer 0508,555-0108,Standard,5.00,0.00,0.00,no,Synthetic demo order
#2787,customer0833@example.com,Refunded,05/20/2025 15:50,2025-05-23,$67.56,2,Sample item 06,Customer 0833,555-0133,Express,5.00,0.00,0.00,yes,Synthetic demo order
#2786,customer1016@example.com,Voided,2025-05-20 06:29:54 +0000,2025-05-24,21.17,1,Sample item 02,Customer 1016,555-0116,Express,5.00,0.00,0.00,yes,Synthetic demo order
#2785,Customer0718@example.com,Paid,2025-05-20 02:57:25 +0000,2025-05-23,$23.25,3,Sample item 10,Customer 0718,555-0118,Standard,5.00,0.00,0.00,no,Synthetic demo order
#2784,,paid,05/20/2025 02:14,2025-05-24,$47.72,2,Sample item 03,Customer 0818,555-0118,Standard,5.00,0.00,0.00,no,Synthetic demo order
#2783,customer0648@example.com,paid,2025-05-19 23:58:06 +0000,2025-05-24,$44.40,2,Sample item 04,Customer 0648,555-0148,Pickup,5.00,0.00,0.00,yes,Synthetic demo order
#2782,customer0343@example.com,PAID,2025-05-19 19:30:20 +0000,2025-05-22,28.43,1,Sample item 07,Customer 0343,555-0143,Express,5.00,0.00,0.00,no,Synthetic demo order
#2781,Customer1218@example.com,paid,05/19/2025 12:38,2025-05-23,$9.49,3,Sample item 02,Customer 1218,555-0118,Standard,0.00,0.00,0.00,no,Synthetic demo order
#2781,Customer1218@example.com,Paid,05/19/2025 12:38,2025-05-23,20.03,1,Sample item 11,Customer 1218,555-0118,Express,5.00,0.00,0.00,no,Synthetic demo order
#2780,customer1057@example.com,paid,19 May 2025,2025-05-20,18.93,1,Sample item 07,Customer 1057,555-0157,Pickup,5.00,0.00,0.00,yes,Synthetic demo order
#2779,customer0636@example.com,paid,2025-05-18 12:58:19 +0000,2025-05-19,34.07,1,Sample item 06,Customer 0636,555-0136,Express,5.00,0.00,0.00,no,Synthetic demo order
#2778,customer0350@example.com,Pending,2025-05-18 10:44:49 UTC,2025-05-22,21.30,2,Sample item 06,Customer 0350,555-0150,Express,0.00,0.00,0.00,yes,Synthetic demo order
#2778,customer0350@example.com,pending,2025-05-18 10:44:49 UTC,2025-05-22,$17.39,1,Sample item 04,Customer 0350,555-0150,Express,5.00,0.00,0.00,no,Synthetic demo order
#2777,Customer0959@example.com,paid,2025-05-18 06:37:00 -0500,2025-05-20,57.45,2,Sample item 03,Customer 0959,555-0159,Express,5.00,0.00,0.00,no,Synthetic demo order
#2776,customer0711@example.com,paid,"May 17, 2025",2025-05-22,$90.01,1,Sample item 01,Customer 0711,555-0111,Express,5.00,0.00,0.00,yes,Synthetic demo order
#2775,customer1055@example.com,paid,2025-05-17T09:04:05Z,2025-05-20,$18.30,1,Sample item 11,Customer 1055,555-0155,Pickup,5.00,0.00,0.00,yes,Synthetic demo order
#2774,customer0143@example.com,paid,"May 16, 2025",2025-05-21,$51.66,1,Sample item 06,Customer 0143,555-0143,Pickup,5.00,0.00,0.00,no,Synthetic demo order
#2773,Customer0061@example.com,refunded,16 May 2025,2025-05-21,$34.29,2,Sample item 11,Customer 0061,555-0161,Express,5.00,0.00,0.00,no,Synthetic demo order
#2772,customer1465@example.com,paid,2025-05-16 02:15:23 +0000,2025-05-21,$36.74,3,Sample item 07,Customer 1465,555-0165,Standard,5.00,0.00,0.00,yes,Synthetic demo order
#2771,customer0155@example.com,paid,05/15/2025 20:20,2025-05-16,$63.35,3,Sample item 09,Customer 0155,555-0155,Standard,5.00,0.00,0.00,no,Synthetic demo order
#2770,customer1139@example.com,paid,2025-05-15 12:06:32 +0000,2025-05-19,50.73,2,Sample item 05,Customer 1139,555-0139,Standard,5.00,0.00,0.00,yes,Synthetic demo order
#2769,customer0652@example.com,paid,2025-05-15T09:50:13Z,2025-05-20,$80.27,2,Sample item 03,Customer 0652,555-0152,Pickup,5.00,0.00,0.00,yes,Synthetic demo order
#2768,customer0367@example.com,Paid,2025-05-15 06:54:30 UTC,2025-05-18,48.82,3,Sample item 02,Customer 0367,555-0167,Pickup,5.00,0.00,0.00,yes,Synthetic demo order
#2767,customer0597@example.com,paid,15 May 2025,2025-05-17,$58.39,2,Sample item 09,Customer 0597,555-0197,Express,0.00,0.00,0.00,no,Synthetic demo order
#2767,customer0597@example.com,paid,15 May 2025,2025-05-17,18.76,3,Sample item 04,Customer 0597,555-0197,Express,5.00,0.00,0.00,no,Synthetic demo order
#2766,customer0916@example.com,paid,2025-05-14 21:35:52 +0000,2025-05-15,$41.55,2,Sample item 02,Customer 0916,555-0116,Pickup,5.00,0.00,0.00,yes,Synthetic demo order
#2765,customer0565@example.com,paid,2025-05-14 06:15:24 +0000,2025-05-17,35.87,1,Sample item 10,Customer 0565,555-0165,Pickup,5.00,0.00,0.00,yes,Synthetic demo order
#2764,customer1279@example.com,Paid,2025-05-14 04:09:30 +0000,2025-05-18,113.52,1,Sample item 08,Customer 1279,555-0179,Standard,5.00,0.00,0.00,yes,Synthetic demo order
#2763,Customer0134@example.com,paid,2025-05-14 01:38:36 UTC,2025-05-16,USD 38.59,3,Sample item 04,Customer 0134,555-0134,Express,5.00,0.00,0.00,no,Synthetic demo order
#2762,customer1307@example.com,paid,2025-05-13 19:10:52 +0000,2025-05-17,$53.94,2,Sample item 04,Customer 1307,555-0107,Pickup,5.00,0.00,0.00,no,Synthetic demo order
#2761,customer0171@example.com,PAID,2025-05-13 16:14:59 +0000,2025-05-14,$38.84,1,Sample item 08,Customer 0171,555-0171,Express,5.00,0.00,0.00,yes,Synthetic demo order
#2760,customer0776@example.com,paid,13 May 2025,2025-05-17,$86.66,1,Sample item 08,Customer 0776,555-0176,Express,5.00,0.00,0.00,yes,Synthetic demo order
#2759,Customer0039@example.com,paid,2025-05-13 04:44:38 UTC,2025-05-18,23.61,3,Sample item 08,Customer 0039,555-0139,Standard,5.00,0.00,0.00,no,Synthetic demo order
#2758,customer1100@example.com,Paid,2025-05-12 18:19:17 +0000,2025-05-14,33.69,2,Sample item 06,Customer 1100,555-0100,Pickup,5.00,0.00,0.00,no,Synthetic demo order
#2757,customer1041@example.com,paid,"May 12, 2025",2025-05-14,59.32,3,Sample item 08,Customer 1041,555-0141,Pickup,5.00,0.00,0.00,yes,Synthetic demo order
#2756,customer1050@example.com,paid,12 May 2025,2025-05-15,"80,98",1,Sample item 01,Customer 1050,555-0150,Standard,5.00,0.00,0.00,no,Synthetic demo order
#2755,customer0060@example.com,Paid,2025-05-12 05:57:38 +0000,2025-05-16,$49.26,1,Sample item 03,Customer 0060,555-0160,Express,5.00,0.00,0.00,yes,Synthetic demo order
#2754,customer0111@example.com,pending,2025-05-12T04:52:29Z,2025-05-14,14.85,3,Sample item 07,Customer 0111,555-0111,Express,5.00,0.00,0.00,no,Synthetic demo order
#2753,customer1360@example.com,paid,2025-05-12T00:10:55Z,2025-05-13,32.92,1,Sample item 10,Customer 1360,555-0160,Express,5.00,0.00,0.00,no,Synthetic demo order
#2752,customer1176@example.com,paid,2025-05-11 23:55:11 UTC,2025-05-12,31.30,3,Sample item 04,Customer 1176,555-0176,Pickup,5.00,0.00,0.00,yes,Synthetic demo order
#2751,customer0918@example.com,paid,05/11/2025 23:23,2025-05-14,40.58,1,Sample item 11,Customer 0918,555-0118,Standard,5.00,0.00,0.00,yes,Synthetic demo order
#2750,customer1140@example.com,paid,2025-05-11 21:44:09 -0800,2025-05-14,44.38,3,Sample item 03,Customer 1140,555-0140,Express,5.00,0.00,0.00,yes,Synthetic demo order
#2749,customer1071@example.com,Voided,2025-05-11 21:04:03 +0000,2025-05-15,$16.76,3,Sample item 04,Customer 1071,555-0171,Standard,5.00,0.00,0.00,yes,Synthetic demo order
#2748,Customer0928@example.com,pending,2025-05-11 07:51:49 +0000,2025-05-14,$51.18,3,Sample item 10,Customer 0928,555-0128,Standard,5.00,0.00,0.00,no,Synthetic demo order
#2747,customer0564@example.com,paid,2025-05-10 23:30:42 +0000,2025-05-11,USD 22.25,3,Sample item 08,Customer 0564,555-0164,Pickup,5.00,0.00,0.00,no,Synthetic demo order
#2746,Customer0820@example.com,paid,05/10/2025 10:00,2025-05-11,$67.67,3,Sample item 02,Customer 0820,555-0120,Standard,5.00,0.00,0.00,no,Synthetic demo order
#2745,customer1280@example.com,paid,2025-05-10 08:53:45 +0000,2025-05-15,USD 56.52,2,Sample item 07,Customer 1280,555-0180,Standard,5.00,0.00,0.00,no,Synthetic demo order
#2744,customer0053@example.com,paid,2025-05-10 08:35:03 +0000,2025-05-15,73.42,1,Sample item 10,Customer 0053,555-0153,Pickup,5.00,0.00,0.00,yes,Synthetic demo order
#2743,customer0410@example.com,paid,2025-05-10 01:42:17 +0000,2025-05-13,42.01,2,Sample item 09,Customer 0410,555-0110,Standard,0.00,0.00,0.00,yes,Synthetic demo order
#2743,customer0410@example.com,Paid,2025-05-10 01:42:17 +0000,2025-05-13,$0.72,2,Sample item 08,Customer 0410,555-0110,Pickup,5.00,0.00,0.00,yes,Synthetic demo order
#2742,,paid,2025-05-09 10:32:41 +0000,2025-05-10,$16.71,3,Sample item 07,Customer 0080,555-0180,Pickup,5.00,0.00,0.00,yes,Synthetic demo order
#2741,customer0073@example.com,paid,05/09/2025 06:24,2025-05-11,32.24,3,Sample item 09,Customer 0073,555-0173,Pickup,5.00,0.00,0.00,yes,Synthetic demo order
#2740,Customer0823@example.com,paid,2025-05-09 04:17:11 UTC,2025-05-13,26.90,3,Sample item 01,Customer 0823,555-0123,Pickup,5.00,0.00,0.00,yes,Synthetic demo order
#2739,customer0222@example.com,paid,2025-05-08 18:36:52 UTC,2025-05-12,USD 53.64,3,Sample item 06,Customer 0222,555-0122,Standard,5.00,0.00,0.00,yes,Synthetic demo order
#2738,customer1120@example.com,Paid,2025-05-08 17:25:25 +0000,2025-05-12,$14.29,3,Sample item 11,Customer 1120,555-0120,Express,0.00,0.00,0.00,yes,Synthetic demo order
#2738,customer1120@example.com,Paid,2025-05-08 17:25:25 +0000,2025-05-12,"3,14",2,Sample item 06,Customer 1120,555-0120,Express,5.00,0.00,0.00,no,Synthetic demo order
#2737,Customer1499@example.com,Paid,2025-05-08 08:17:21 +0000,2025-05-09,USD 46.77,2,Sample item 09,Customer 1499,555-0199,Pickup,5.00,0.00,0.00,no,Synthetic demo order
#2736,customer1043@example.com,paid,08 May 2025,2025-05-12,52.88,1,Sample item 07,Customer 1043,555-0143,Standard,0.00,0.00,0.00,no,Synthetic demo order
#2736,customer1043@example.com,Paid,08 May 2025,2025-05-12,21.69,3,Sample item 04,Customer 1043,555-0143,Standard,5.00,0.00,0.00,yes,Synthetic demo order
#2735,customer0801@example.com,paid,2025-05-07 23:05:33 +0000,2025-05-10,36.91,2,Sample item 01,Customer 0801,555-0101,Standard,5.00,0.00,0.00,no,Synthetic demo order
#2734,Customer0185@example.com,Paid,2025-05-07 22:46:58 +0000,2025-05-12,$45.19,1,Sample item 07,Customer 0185,555-0185,Pickup,5.00,0.00,0.00,no,Synthetic demo order
#2733,Customer1201@example.com,paid,2025-05-07 20:07:20 +0000,2025-05-09,$46.91,1,Sample item 03,Customer 1201,555-0101,Express,0.00,0.00,0.00,no,Synthetic demo order
#2733,Customer1201@example.com,paid,2025-05-07 20:07:20 +0000,2025-05-09,2.63,2,Sample item 07,Customer 1201,555-0101,Express,5.00,0.00,0.00,no,Synthetic demo order
#2732,customer0077@example.com,Paid,05/07/2025 19:33,2025-05-10,$30.89,3,Sample item 08,Customer 0077,555-0177,Pickup,5.00,0.00,0.00,yes,Synthetic demo order
#2731,customer0734@example.com,paid,"May 07, 2025",2025-05-08,33.90,1,Sample item 07,Customer 0734,555-0134,Standard,5.00,0.00,0.00,no,Synthetic demo order
#2730,customer0259@example.com,Paid,2025-05-07 05:11:25 +0000,2025-05-10,"32,48",1,Sample item 10,Customer 0259,555-0159,Standard,5.00,0.00,0.00,no,Synthetic demo order
#2729,Customer1094@example.com,paid,2025-05-07 01:24:32 -0800,2025-05-08,37.58,2,Sample item 07,Customer 1094,555-0194,Pickup,5.00,0.00,0.00,yes,Synthetic demo order
#2728,,pending,2025-05-06 20:37:50 +0000,2025-05-09,30.05,2,Sample item 08,Customer 0957,555-0157,Standard,0.00,0.00,0.00,yes,Synthetic demo order
#2728,,pending,2025-05-06 20:37:50 +0000,2025-05-09,47.30,2,Sample item 05,Customer 0957,555-0157,Pickup,5.00,0.00,0.00,yes,Synthetic demo order
#2727,customer1024@example.com,paid,2025-05-06T10:54:48Z,2025-05-10,27.02,1,Sample item 04,Customer 1024,555-0124,Express,5.00,0.00,0.00,yes,Synthetic demo order
#2726,customer1010@example.com,Paid,2025-05-06 08:28:21 +0000,2025-05-07,$16.12,3,Sample item 10,Customer 1010,555-0110,Pickup,0.00,0.00,0.00,yes,Synthetic demo order
#2726,customer1010@example.com,paid,2025-05-06 08:28:21 +0000,2025-05-07,38.93,3,Sample item 07,Customer 1010,555-0110,Express,5.00,0.00,0.00,no,Synthetic demo order
#2725,Customer0157@example.com,Paid,2025-05-05 23:52:32 +0000,2025-05-09,37.98,2,Sample item 07,Customer 0157,555-0157,Pickup,5.00,0.00,0.00,no,Synthetic demo order
#2724,customer1291@example.com,paid,2025-05-05 22:18:06 +0000,2025-05-06,53.17,3,Sample item 07,Customer 1291,555-0191,Standard,5.00,0.00,0.00,yes,Synthetic demo order
#2723,Customer0503@example.com,paid,2025-05-05 20:43:54 +0000,2025-05-06,82.18,1,Sample item 01,Customer 0503,555-0103,Express,5.00,0.00,0.00,no,Synthetic demo order
#2722,Customer0689@example.com,paid,2025-05-05 19:17:56 +0000,2025-05-07,29.93,1,Sample item 05,Customer 0689,555-0189,Express,5.00,0.00,0.00,yes,Synthetic demo order
#2721,Customer0504@example.com,refunded,05/05/2025 13:47,2025-05-08,$32.65,2,Sample item 04,Customer 0504,555-0104,Express,5.00,0.00,0.00,yes,Synthetic demo order
#2720,customer0165@example.com,refunded,2025-05-05 03:41:37 +0000,2025-05-07,"17,77",3,Sample item 09,Customer 0165,555-0165,Standard,5.00,0.00,0.00,yes,Synthetic demo order
#2719,customer0671@example.com,paid,2025-05-04 19:05:53 -0800,2025-05-08,40.38,3,Sample item 05,Customer 0671,555-0171,Pickup,5.00,0.00,0.00,yes,Synthetic demo order
#2718,customer1012@example.com,paid,04 May 2025,2025-05-08,"45,50",2,Sample item 05,Customer 1012,555-0112,Express,5.00,0.00,0.00,no,Synthetic demo order
#2717,customer0977@example.com,paid,"May 04, 2025",2025-05-09,"58,20",1,Sample item 05,Customer 0977,555-0177,Express,5.00,0.00,0.00,yes,Synthetic demo order
#2716,Customer0364@example.com,paid,05/04/2025 03:52,2025-05-05,30.94,2,Sample item 06,Customer 0364,555-0164,Express,5.00,0.00,0.00,yes,Synthetic demo order
#2715,customer0283@example.com,Pending,2025-05-03T23:57:07Z,2025-05-04,25.96,3,Sample item 08,Customer 0283,555-0183,Pickup,5.00,0.00,0.00,yes,Synthetic demo order
#2714,customer0644@example.com,paid,2025-05-03 22:35:36 +0000,2025-05-08,52.43,1,Sample item 01,Customer 0644,555-0144,Standard,5.00,0.00,0.00,yes,Synthetic demo order
#2713,customer1030@example.com,paid,2025-05-03T21:13:25Z,2025-05-04,$40.99,1,Sample item 02,Customer 1030,555-0130,Pickup,5.00,0.00,0.00,yes,Synthetic demo order
#2712,customer1077@example.com,pending,2025-05-03T13:04:46Z,2025-05-05,51.27,3,Sample item 10,Customer 1077,555-0177,Pickup,5.00,0.00,0.00,no,Synthetic demo order
#2711,customer0420@example.com,Paid,03 May 2025,2025-05-06,38.49,3,Sample item 08,Customer 0420,555-0120,Express,5.00,0.00,0.00,no,Synthetic demo order
#2710,customer0137@example.com,Paid,03 May 2025,2025-05-04,$26.15,3,Sample item 02,Customer 0137,555-0137,Pickup,0.00,0.00,0.00,yes,Synthetic demo order
#2710,customer0137@example.com,paid,03 May 2025,2025-05-04,$50.65,2,Sample item 07,Customer 0137,555-0137,Express,5.00,0.00,0.00,no,Synthetic demo order
#2709,customer1197@example.com,paid,2025-05-03 02:58:28 +0000,2025-05-06,$64.59,1,Sample item 02,Customer 1197,555-0197,Express,5.00,0.00,0.00,no,Synthetic demo order
#2708,customer0499@example.com,paid,2025-05-02 18:27:05 +0200,2025-05-05,34.50,1,Sample item 09,Customer 0499,555-0199,Express,5.00,0.00,0.00,yes,Synthetic demo order
#2707,customer1042@example.com,paid,2025-05-02 18:13:59 +0000,2025-05-07,$40.42,3,Sample item 06,Customer 1042,555-0142,Standard,5.00,0.00,0.00,yes,Synthetic demo order
#2706,,paid,2025-05-02 15:49:15 -0500,2025-05-03,17.77,3,Sample item 05,Customer 0738,555-0138,Express,5.00,0.00,0.00,no,Synthetic demo order
#2705,customer1189@example.com,paid,2025-05-01 21:36:07 +0000,2025-05-06,35.43,2,Sample item 04,Customer 1189,555-0189,Pickup,5.00,0.00,0.00,yes,Synthetic demo order
#2704,customer0081@example.com,paid,2025-05-01T20:07:50Z,2025-05-04,31.20,1,Sample item 01,Customer 0081,555-0181,Express,5.00,0.00,0.00,yes,Synthetic demo order
#2703,customer0611@example.com,PAID,2025-05-01 16:22:55 -0800,2025-05-04,29.23,1,Sample item 04,Customer 0611,555-0111,Pickup,5.00,0.00,0.00,yes,Synthetic demo order
#2702,customer1378@example.com,paid,2025-05-01 07:07:33 +0000,2025-05-05,35.22,1,Sample item 03,Customer 1378,555-0178,Pickup,5.00,0.00,0.00,yes,Synthetic demo order
#2701,customer0698@example.com,paid,2025-05-01 06:56:59 -0800,2025-05-04,41.44,1,Sample item 02,Customer 0698,555-0198,Standard,5.00,0.00,0.00,no,Synthetic demo order
#2700,customer0325@example.com,paid,2025-04-30 18:47:23 +0000,2025-05-04,18.08,3,Sample item 02,Customer 0325,555-0125,Express,0.00,0.00,0.00,yes,Synthetic demo order
#2700,customer0325@example.com,paid,2025-04-30 18:47:23 +0000,2025-05-04,$7.35,2,Sample item 11,Customer 0325,555-0125,Express,5.00,0.00,0.00,yes,Synthetic demo order
#2699,customer0905@example.com,paid,"Apr 30, 2025",2025-05-02,27.41,1,Sample item 08,Customer 0905,555-0105,Standard,5.00,0.00,0.00,yes,Synthetic demo order
#2698,customer0718@example.com,paid,30 Apr 2025,2025-05-04,$38.98,1,Sample item 09,Customer 0718,555-0118,Standard,5.00,0.00,0.00,yes,Synthetic demo order
#2697,customer1128@example.com,paid,2025-04-30 13:08:48 +0000,2025-05-01,$40.85,2,Sample item 03,Customer 1128,555-0128,Standard,5.00,0.00,0.00,yes,Synthetic demo order
#2696,customer1464@example.com,refunded,2025-04-30 10:41:51 +0000,2025-05-05,USD 21.59,2,Sample item 08,Customer 1464,555-0164,Standard,5.00,0.00,0.00,yes,Synthetic demo order
#2695,customer1161@example.com,paid,2025-04-30T09:24:14Z,2025-05-01,40.85,2,Sample item 09,Customer 1161,555-0161,Express,5.00,0.00,0.00,yes,Synthetic demo order
#2694,customer0492@example.com,paid,04/30/2025 08:55,2025-05-04,37.14,1,Sample item 10,Customer 0492,555-0192,Pickup,5.00,0.00,0.00,yes,Synthetic demo order
#2693,customer0250@example.com,Paid,2025-04-29 08:07:15 +0000,2025-05-01,$33.74,2,Sample item 04,Customer 0250,555-0150,Express,5.00,0.00,0.00,no,Synthetic demo order
#2692,customer1376@example.com,paid,2025-04-29T07:35:48Z,2025-05-02,USD 25.06,2,Sample item 09,Customer 1376,555-0176,Standard,5.00,0.00,0.00,no,Synthetic demo order
#2691,Customer0121@example.com,paid,2025-04-28T23:58:18Z,2025-05-02,37.60,3,Sample item 02,Customer 0121,555-0121,Pickup,5.00,0.00,0.00,yes,Synthetic demo order
#2690,customer0411@example.com,Paid,2025-04-28 23:40:44 -0500,2025-04-30,37.95,1,Sample item 05,Customer 0411,555-0111,Standard,5.00,0.00,0.00,yes,Synthetic demo order
#2689,customer1385@example.com,paid,2025-04-28 00:42:43 -0500,2025-04-29,$36.93,2,Sample item 09,Customer 1385,555-0185,Express,5.00,0.00,0.00,yes,Synthetic demo order
#2688,customer0564@example.com,paid,04/27/2025 18:45,2025-05-02,18.18,3,Sample item 08,Customer 0564,555-0164,Pickup,5.00,0.00,0.00,no,Synthetic demo order
#2687,Guest,paid,2025-04-27T15:12:50Z,2025-04-28,$62.58,3,Sample item 05,Customer 0488,555-0188,Express,5.00,0.00,0.00,no,Synthetic demo order
#2686,customer0466@example.com,PAID,2025-04-27 12:55:56 +0000,2025-05-01,$43.28,2,Sample item 09,Customer 0466,555-0166,Pickup,5.00,0.00,0.00,yes,Synthetic demo order
#2685,customer0263@example.com,Paid,2025-04-27 10:32:44 -0500,2025-05-02,$28.79,1,Sample item 04,Customer 0263,555-0163,Express,5.00,0.00,0.00,no,Synthetic demo order
#2684,customer0558@example.com,paid,2025-04-27 02:55:17 +0000,2025-05-02,48.63,2,Sample item 10,Customer 0558,555-0158,Pickup,0.00,0.00,0.00,yes,Synthetic demo order
#2684,customer0558@example.com,paid,2025-04-27 02:55:17 +0000,2025-05-02,9.92,3,Sample item 07,Customer 0558,555-0158,Express,5.00,0.00,0.00,no,Synthetic demo order
#2683,customer1492@example.com,paid,2025-04-26 16:42:58 +0000,2025-04-27,39.92,2,Sample item 01,Customer 1492,555-0192,Express,0.00,0.00,0.00,yes,Synthetic demo order
#2683,customer1492@example.com,paid,2025-04-26 16:42:58 +0000,2025-04-27,8.97,3,Sample item 01,Customer 1492,555-0192,Express,5.00,0.00,0.00,no,Synthetic demo order
#2682,customer0491@example.com,Cancelled,2025-04-26 15:15:12 +0000,2025-04-27,USD 37.79,3,Sample item 11,Customer 0491,555-0191,Standard,5.00,0.00,0.00,yes,Synthetic demo order
#2681,Customer1035@example.com,paid,"Apr 26, 2025",2025-04-30,47.24,2,Sample item 04,Customer 1035,555-0135,Standard,0.00,0.00,0.00,yes,Synthetic demo order
#2681,Customer1035@example.com,paid,"Apr 26, 2025",2025-04-30,31.10,2,Sample item 09,Customer 1035,555-0135,Pickup,5.00,0.00,0.00,no,Synthetic demo order
#2680,customer1437@example.com,paid,04/25/2025 22:26,2025-04-28,38.37,3,Sample item 06,Customer 1437,555-0137,Express,5.00,0.00,0.00,yes,Synthetic demo order
#2679,Customer0928@example.com,Paid,"Apr 25, 2025",2025-04-26,66.59,3,Sample item 06,Customer 0928,555-0128,Standard,5.00,0.00,0.00,no,Synthetic demo order
#2678,customer0008@example.com,partially_refunded,2025-04-25 21:11:09 UTC,2025-04-28,$9.09,2,Sample item 01,Customer 0008,555-0108,Express,0.00,0.00,0.00,no,Synthetic demo order
#2678,customer0008@example.com,Partially_Refunded,2025-04-25 21:11:09 UTC,2025-04-28,USD 34.94,2,Sample item 02,Customer 0008,555-0108,Standard,5.00,0.00,0.00,yes,Synthetic demo order
#2677,customer1223@example.com,paid,2025-04-25 12:47:52 UTC,2025-04-30,$48.07,3,Sample item 10,Customer 1223,555-0123,Pickup,5.00,0.00,0.00,yes,Synthetic demo order
#2676,customer1212@example.com,paid,"Apr 25, 2025",2025-04-26,5.67,2,Sample item 07,Customer 1212,555-0112,Standard,0.00,0.00,0.00,yes,Synthetic demo order
#2676,customer1212@example.com,paid,"Apr 25, 2025",2025-04-26,26.46,3,Sample item 10,Customer 1212,555-0112,Standard,5.00,0.00,0.00,no,Synthetic demo order
#2675,customer0309@example.com,paid,04/24/2025 20:04,2025-04-28,$54.28,3,Sample item 11,Customer 0309,555-0109,Standard,5.00,0.00,0.00,no,Synthetic demo order
#2674,Customer1252@example.com,pending,04/24/2025 12:13,2025-04-28,$18.80,1,Sample item 02,Customer 1252,555-0152,Standard,5.00,0.00,0.00,yes,Synthetic demo order
#2673,customer1091@example.com,paid,2025-04-24T01:00:58Z,2025-04-27,25.75,3,Sample item 03,Customer 1091,555-0191,Pickup,5.00,0.00,0.00,no,Synthetic demo order
#2672,customer0334@example.com,paid,23 Apr 2025,2025-04-26,72.09,1,Sample item 02,Customer 0334,555-0134,Pickup,5.00,0.00,0.00,yes,Synthetic demo order
#2671,Customer0143@example.com,paid,2025-04-23 09:42:58 -0800,2025-04-24,25.68,1,Sample item 04,Customer 0143,555-0143,Pickup,0.00,0.00,0.00,no,Synthetic demo order
#2671,Customer0143@example.com,paid,2025-04-23 09:42:58 -0800,2025-04-24,31.62,2,Sample item 08,Customer 0143,555-0143,Pickup,5.00,0.00,0.00,yes,Synthetic demo order
#2670,customer0137@example.com,paid,04/23/2025 07:02,2025-04-25,54.57,2,Sample item 10,Customer 0137,555-0137,Pickup,5.00,0.00,0.00,yes,Synthetic demo order
#2669,customer0012@example.com,paid,2025-04-23 01:05:42 +0000,2025-04-26,$24.88,1,Sample item 02,Customer 0012,555-0112,Pickup,5.00,0.00,0.00,yes,Synthetic demo order
#2668,customer0299@example.com,paid,04/22/2025 19:15,2025-04-27,$80.37,3,Sample item 04,Customer 0299,555-0199,Express,5.00,0.00,0.00,no,Synthetic demo order
#2667,customer0132@example.com,paid,04/22/2025 07:38,2025-04-27,USD 18.44,2,Sample item 04,Customer 0132,555-0132,Standard,5.00,0.00,0.00,yes,Synthetic demo order
#2666,Customer0533@example.com,paid,2025-04-21 23:45:20 +0000,2025-04-26,$23.06,2,Sample item 03,Customer 0533,555-0133,Standard,0.00,0.00,0.00,no,Synthetic demo order
#2666,Customer0533@example.com,paid,2025-04-21 23:45:20 +0000,2025-04-26,1.24,1,Sample item 03,Customer 0533,555-0133,Pickup,5.00,0.00,0.00,yes,Synthetic demo order
#2665,customer0883@example.com,paid,2025-04-21 14:36:20 +0000,2025-04-26,$7.98,2,Sample item 01,Customer 0883,555-0183,Standard,0.00,0.00,0.00,yes,Synthetic demo order
#2665,customer0883@example.com,paid,2025-04-21 14:36:20 +0000,2025-04-26,$17.19,3,Sample item 07,Customer 0883,555-0183,Express,5.00,0.00,0.00,no,Synthetic demo order
#2664,customer1329@example.com,refunded,2025-04-20 17:47:25 +0000,2025-04-25,17.63,1,Sample item 09,Customer 1329,555-0129,Pickup,0.00,0.00,0.00,yes,Synthetic demo order
#2664,customer1329@example.com,refunded,2025-04-20 17:47:25 +0000,2025-04-25,17.15,3,Sample item 05,Customer 1329,555-0129,Pickup,5.00,0.00,0.00,yes,Synthetic demo order
#2663,customer1331@example.com,paid,04/20/2025 09:30,2025-04-23,33.28,2,Sample item 06,Customer 1331,555-0131,Pickup,5.00,0.00,0.00,no,Synthetic demo order
#2662,customer0307@example.com,paid,2025-04-20 03:14:27 +0000,2025-04-22,32.74,3,Sample item 10,Customer 0307,555-0107,Standard,5.00,0.00,0.00,yes,Synthetic demo order
#2661,customer0469@example.com,paid,2025-04-19 15:23:17 +0000,2025-04-22,38.49,1,Sample item 10,Customer 0469,555-0169,Standard,5.00,0.00,0.00,no,Synthetic demo order
#2660,customer0943@example.com,Paid,2025-04-19 11:37:03 +0000,2025-04-23,$53.83,3,Sample item 05,Customer 0943,555-0143,Express,5.00,0.00,0.00,yes,Synthetic demo order
#2659,customer0447@example.com,Paid,2025-04-19 08:57:44 UTC,2025-04-24,32.35,2,Sample item 01,Customer 0447,555-0147,Pickup,5.00,0.00,0.00,yes,Synthetic demo order
#2658,customer0996@example.com,paid,2025-04-19 00:36:47 +0000,2025-04-20,23.60,1,Sample item 03,Customer 0996,555-0196,Standard,5.00,0.00,0.00,no,Synthetic demo order
#2657,customer0464@example.com,paid,2025-04-19 00:22:48 +0000,2025-04-21,21.12,1,Sample item 05,Customer 0464,555-0164,Express,5.00,0.00,0.00,no,Synthetic demo order
#2656,customer0563@example.com,paid,2025-04-18T19:07:03Z,2025-04-23,$0.00,2,Sample item 06,Customer 0563,555-0163,Standard,5.00,0.00,0.00,no,Synthetic demo order
#2655,customer1495@example.com,paid,2025-04-18 15:02:48 UTC,2025-04-19,37.88,2,Sample item 08,Customer 1495,555-0195,Express,5.00,0.00,0.00,no,Synthetic demo order
#2654,customer1484@example.com,refunded,2025-04-18 11:15:10 +0200,2025-04-19,40.37,2,Sample item 05,Customer 1484,555-0184,Standard,5.00,0.00,0.00,no,Synthetic demo order
#2653,customer0390@example.com,paid,18 Apr 2025,2025-04-23,31.25,2,Sample item 04,Customer 0390,555-0190,Standard,5.00,0.00,0.00,yes,Synthetic demo order
#2652,Customer1253@example.com,Paid,2025-04-18 03:54:08 UTC,2025-04-22,49.58,2,Sample item 01,Customer 1253,555-0153,Express,5.00,0.00,0.00,yes,Synthetic demo order
#2651,customer0316@example.com,paid,2025-04-18 02:18:06 +0000,2025-04-23,"35,46",1,Sample item 09,Customer 0316,555-0116,Pickup,5.00,0.00,0.00,yes,Synthetic demo order
#2650,customer0057@example.com,voided,2025-04-17T20:09:37Z,2025-04-21,70.24,2,Sample item 11,Customer 0057,555-0157,Express,0.00,0.00,0.00,no,Synthetic demo order
#2650,customer0057@example.com,voided,2025-04-17T20:09:37Z,2025-04-21,$4.35,1,Sample item 03,Customer 0057,555-0157,Express,5.00,0.00,0.00,yes,Synthetic demo order
#2649,customer0459@example.com,PAID,2025-04-17 09:30:52 +0000,2025-04-21,42.93,2,Sample item 11,Customer 0459,555-0159,Express,0.00,0.00,0.00,no,Synthetic demo order
#2649,customer0459@example.com,paid,2025-04-17 09:30:52 +0000,2025-04-21,35.05,2,Sample item 02,Customer 0459,555-0159,Express,5.00,0.00,0.00,no,Synthetic demo order
#2648,Customer0684@example.com,paid,2025-04-16 23:24:47 +0000,2025-04-21,$25.68,1,Sample item 04,Customer 0684,555-0184,Standard,5.00,0.00,0.00,no,Synthetic demo order
#2647,customer0064@example.com,Paid,2025-04-16 16:58:11 +0000,2025-04-21,49.25,3,Sample item 06,Customer 0064,555-0164,Standard,5.00,0.00,0.00,yes,Synthetic demo order
#2646,customer0478@example.com,paid,04/16/2025 09:49,2025-04-18,$33.03,3,Sample item 09,Customer 0478,555-0178,Pickup,5.00,0.00,0.00,yes,Synthetic demo order
#2645,customer1332@example.com,PAID,2025-04-15 18:15:31 +0000,2025-04-19,$93.89,3,Sample item 05,Customer 1332,555-0132,Standard,5.00,0.00,0.00,no,Synthetic demo order
#2644,customer0228@example.com,Paid,2025-04-15 17:42:32 UTC,2025-04-20,"29,89",3,Sample item 08,Customer 0228,555-0128,Pickup,5.00,0.00,0.00,no,Synthetic demo order
#2643,customer0597@example.com,paid,2025-04-15 13:18:10 +0000,2025-04-18,$24.26,2,Sample item 07,Customer 0597,555-0197,Express,0.00,0.00,0.00,yes,Synthetic demo order
#2643,customer0597@example.com,PAID,2025-04-15 13:18:10 +0000,2025-04-18,$23.74,3,Sample item 07,Customer 0597,555-0197,Pickup,5.00,0.00,0.00,yes,Synthetic demo order
#2642,customer1283@example.com,cancelled,2025-04-15 10:25:27 +0000,2025-04-20,20.97,2,Sample item 07,Customer 1283,555-0183,Pickup,0.00,0.00,0.00,yes,Synthetic demo order
#2642,customer1283@example.com,cancelled,2025-04-15 10:25:27 +0000,2025-04-20,$37.72,3,Sample item 06,Customer 1283,555-0183,Standard,5.00,0.00,0.00,no,Synthetic demo order
#2641,customer1378@example.com,paid,2025-04-15T03:59:04Z,2025-04-19,USD 38.91,2,Sample item 03,Customer 1378,555-0178,Express,5.00,0.00,0.00,yes,Synthetic demo order
#2640,customer0285@example.com,paid,2025-04-15 01:45:28 +0000,2025-04-18,24.89,1,Sample item 04,Customer 0285,555-0185,Express,5.00,0.00,0.00,yes,Synthetic demo order
#2639,customer1004@example.com,Paid,2025-04-14T19:13:23Z,2025-04-17,43.71,3,Sample item 02,Customer 1004,555-0104,Pickup,5.00,0.00,0.00,no,Synthetic demo order
#2638,customer0065@example.com,Paid,2025-04-14T18:28:56Z,2025-04-18,12.62,3,Sample item 08,Customer 0065,555-0165,Express,5.00,0.00,0.00,yes,Synthetic demo order
#2637,customer0968@example.com,paid,2025-04-14 11:52:03 UTC,2025-04-15,28.55,1,Sample item 02,Customer 0968,555-0168,Express,5.00,0.00,0.00,no,Synthetic demo order
#2636,customer0328@example.com,Paid,2025-04-14 09:25:31 +0000,2025-04-17,USD 35.09,3,Sample item 03,Customer 0328,555-0128,Pickup,5.00,0.00,0.00,no,Synthetic demo order
#2635,customer1078@example.com,paid,2025-04-14 05:55:51 +0000,2025-04-19,12.07,1,Sample item 11,Customer 1078,555-0178,Standard,0.00,0.00,0.00,yes,Synthetic demo order
#2635,customer1078@example.com,paid,2025-04-14 05:55:51 +0000,2025-04-19,27.30,2,Sample item 02,Customer 1078,555-0178,Express,5.00,0.00,0.00,no,Synthetic demo order
#2634,customer1011@example.com,paid,2025-04-14T01:37:59Z,2025-04-19,29.14,2,Sample item 02,Customer 1011,555-0111,Express,5.00,0.00,0.00,no,Synthetic demo order
#2633,customer0380@example.com,paid,"Apr 13, 2025",2025-04-17,68.84,3,Sample item 10,Customer 0380,555-0180,Pickup,5.00,0.00,0.00,yes,Synthetic demo order
#2632,customer0019@example.com,paid,"Apr 13, 2025",2025-04-15,39.85,2,Sample item 03,Customer 0019,555-0119,Standard,5.00,0.00,0.00,yes,Synthetic demo order
#2631,,paid,2025-04-13T11:08:10Z,2025-04-14,69.22,2,Sample item 11,Customer 0133,555-0133,Express,5.00,0.00,0.00,no,Synthetic demo order
#2630,customer1497@example.com,paid,04/13/2025 09:18,2025-04-18,36.62,1,Sample item 01,Customer 1497,555-0197,Pickup,5.00,0.00,0.00,no,Synthetic demo order
#2629,customer0585@example.com,paid,2025-04-13T05:11:56Z,2025-04-17,36.44,2,Sample item 11,Customer 0585,555-0185,Pickup,5.00,0.00,0.00,yes,Synthetic demo order
#2628,customer0975@example.com,Paid,2025-04-12T22:58:16Z,2025-04-14,38.58,3,Sample item 02,Customer 0975,555-0175,Pickup,5.00,0.00,0.00,no,Synthetic demo order
#2627,customer0439@example.com,paid,04/12/2025 19:54,2025-04-17,47.29,3,Sample item 02,Customer 0439,555-0139,Pickup,5.00,0.00,0.00,yes,Synthetic demo order
#2626,customer0095@example.com,Paid,2025-04-12 18:02:33 +0000,2025-04-14,49.94,1,Sample item 05,Customer 0095,555-0195,Express,5.00,0.00,0.00,no,Synthetic demo order
#2625,customer0137@example.com,paid,"Apr 11, 2025",2025-04-16,USD 37.72,2,Sample item 01,Customer 0137,555-0137,Pickup,5.00,0.00,0.00,no,Synthetic demo order
#2624,customer0801@example.com,Paid,2025-04-11 20:11:06 +0000,2025-04-14,"31,87",1,Sample item 03,Customer 0801,555-0101,Standard,5.00,0.00,0.00,no,Synthetic demo order
#2623,customer0078@example.com,paid,2025-04-11 17:23:30 UTC,2025-04-13,"71,47",1,Sample item 03,Customer 0078,555-0178,Express,5.00,0.00,0.00,yes,Synthetic demo order
#2622,customer1064@example.com,Paid,"Apr 11, 2025",2025-04-13,$33.83,1,Sample item 04,Customer 1064,555-0164,Express,5.00,0.00,0.00,no,Synthetic demo order
#2621,customer0398@example.com,Paid,04/11/2025 08:16,2025-04-16,$79.62,2,Sample item 06,Customer 0398,555-0198,Pickup,5.00,0.00,0.00,no,Synthetic demo order
#2620,customer0196@example.com,paid,04/10/2025 22:35,2025-04-13,19.69,1,Sample item 05,Customer 0196,555-0196,Express,0.00,0.00,0.00,yes,Synthetic demo order
#2620,customer0196@example.com,paid,04/10/2025 22:35,2025-04-13,$4.44,1,Sample item 10,Customer 0196,555-0196,Standard,5.00,0.00,0.00,no,Synthetic demo order
#2619,customer0119@example.com,paid,04/10/2025 20:48,2025-04-15,31.43,1,Sample item 09,Customer 0119,555-0119,Pickup,5.00,0.00,0.00,no,Synthetic demo order
#2618,customer1066@example.com,paid,04/10/2025 20:10,2025-04-13,$63.38,2,Sample item 06,Customer 1066,555-0166,Express,5.00,0.00,0.00,no,Synthetic demo order
#2617,customer0835@example.com,paid,2025-04-10 18:46:58 UTC,2025-04-14,24.15,2,Sample item 10,Customer 0835,555-0135,Express,5.00,0.00,0.00,yes,Synthetic demo order
#2616,customer0263@example.com,Paid,2025-04-10 13:02:50 +0000,2025-04-14,41.24,1,Sample item 07,Customer 0263,555-0163,Express,5.00,0.00,0.00,no,Synthetic demo order
#2615,customer1342@example.com,paid,04/09/2025 21:02,2025-04-11,26.31,1,Sample item 06,Customer 1342,555-0142,Express,5.00,0.00,0.00,yes,Synthetic demo order
#2614,,paid,2025-04-09 19:05:05 +0000,2025-04-13,20.48,1,Sample item 10,Customer 0495,555-0195,Pickup,5.00,0.00,0.00,no,Synthetic demo order
#2613,customer1448@example.com,Paid,2025-04-09T13:13:31Z,2025-04-13,41.46,2,Sample item 04,Customer 1448,555-0148,Standard,5.00,0.00,0.00,yes,Synthetic demo order
#2612,Customer0497@example.com,paid,2025-04-09 11:25:37 +0000,2025-04-13,30.30,2,Sample item 04,Customer 0497,555-0197,Express,0.00,0.00,0.00,no,Synthetic demo order
#2612,Customer0497@example.com,paid,2025-04-09 11:25:37 +0000,2025-04-13,$2.78,1,Sample item 05,Customer 0497,555-0197,Express,5.00,0.00,0.00,yes,Synthetic demo order
#2611,customer0334@example.com,paid,2025-04-09 05:23:34 +0000,2025-04-12,73.31,2,Sample item 04,Customer 0334,555-0134,Express,5.00,0.00,0.00,no,Synthetic demo order
#2610,Customer1125@example.com,Paid,2025-04-09 04:02:13 +0000,2025-04-11,"0,00",2,Sample item 09,Customer 1125,555-0125,Standard,5.00,0.00,0.00,yes,Synthetic demo order
#2609,customer0820@example.com,paid,2025-04-09 02:07:12 +0000,2025-04-14,68.67,3,Sample item 10,Customer 0820,555-0120,Express,5.00,0.00,0.00,no,Synthetic demo order
#2608,customer1009@example.com,paid,2025-04-08 21:55:07 +0000,2025-04-13,40.39,3,Sample item 05,Customer 1009,555-0109,Express,5.00,0.00,0.00,no,Synthetic demo order
#2607,customer1343@example.com,Pending,2025-04-08 21:28:45 +0000,2025-04-09,31.76,2,Sample item 09,Customer 1343,555-0143,Standard,5.00,0.00,0.00,no,Synthetic demo order
#2606,customer1063@example.com,PAID,04/08/2025 12:21,2025-04-13,5.48,2,Sample item 10,Customer 1063,555-0163,Express,0.00,0.00,0.00,yes,Synthetic demo order
#2606,customer1063@example.com,paid,04/08/2025 12:21,2025-04-13,"47,37",3,Sample item 03,Customer 1063,555-0163,Standard,5.00,0.00,0.00,no,Synthetic demo order
#2605,customer0893@example.com,paid,2025-04-08 09:55:13 +0200,2025-04-12,8.39,1,Sample item 06,Customer 0893,555-0193,Express,0.00,0.00,0.00,yes,Synthetic demo order
#2605,customer0893@example.com,paid,2025-04-08 09:55:13 +0200,2025-04-12,"21,62",2,Sample item 02,Customer 0893,555-0193,Standard,5.00,0.00,0.00,no,Synthetic demo order
#2604,customer0176@example.com,paid,2025-04-07 23:15:22 +0000,2025-04-11,32.21,3,Sample item 03,Customer 0176,555-0176,Pickup,5.00,0.00,0.00,yes,Synthetic demo order
#2603,customer0541@example.com,pending,2025-04-07 13:42:12 UTC,2025-04-12,20.34,1,Sample item 10,Customer 0541,555-0141,Standard,5.00,0.00,0.00,yes,Synthetic demo order
#2602,customer0348@example.com,paid,04/07/2025 11:03,2025-04-11,"20,87",3,Sample item 08,Customer 0348,555-0148,Standard,5.00,0.00,0.00,no,Synthetic demo order
#2601,customer0644@example.com,paid,2025-04-06 23:00:56 -0800,2025-04-07,43.82,3,Sample item 09,Customer 0644,555-0144,Pickup,5.00,0.00,0.00,yes,Synthetic demo order
#2600,customer0990@example.com,paid,2025-04-06T18:06:27Z,2025-04-11,$23.28,2,Sample item 01,Customer 0990,555-0190,Standard,5.00,0.00,0.00,yes,Synthetic demo order
#2599,customer0818@example.com,paid,2025-04-06 15:02:31 +0000,2025-04-07,"52,80",1,Sample item 02,Customer 0818,555-0118,Express,5.00,0.00,0.00,no,Synthetic demo order
#2598,Customer1454@example.com,paid,2025-04-06 13:32:32 +0000,2025-04-07,20.87,3,Sample item 07,Customer 1454,555-0154,Standard,5.00,0.00,0.00,yes,Synthetic demo order
#2597,customer0628@example.com,paid,2025-04-05 21:20:01 +0000,2025-04-10,"40,80",2,Sample item 04,Customer 0628,555-0128,Pickup,5.00,0.00,0.00,yes,Synthetic demo order
#2596,customer0916@example.com,paid,04/05/2025 15:56,2025-04-07,USD 46.45,2,Sample item 08,Customer 0916,555-0116,Express,5.00,0.00,0.00,yes,Synthetic demo order
#2595,customer0771@example.com,paid,2025-04-05 03:38:20 +0000,2025-04-08,20.96,2,Sample item 09,Customer 0771,555-0171,Express,5.00,0.00,0.00,yes,Synthetic demo order
#2594,customer0983@example.com,paid,2025-04-04 17:47:32 +0000,2025-04-08,23.19,1,Sample item 10,Customer 0983,555-0183,Pickup,5.00,0.00,0.00,no,Synthetic demo order
#2593,customer0599@example.com,paid,2025-04-04T14:55:28Z,2025-04-07,5.34,2,Sample item 10,Customer 0599,555-0199,Express,0.00,0.00,0.00,yes,Synthetic demo order
#2593,customer0599@example.com,paid,2025-04-04T14:55:28Z,2025-04-07,20.29,3,Sample item 10,Customer 0599,555-0199,Express,5.00,0.00,0.00,yes,Synthetic demo order
#2592,customer1253@example.com,paid,2025-04-04 08:08:10 UTC,2025-04-06,$28.03,2,Sample item 04,Customer 1253,555-0153,Express,5.00,0.00,0.00,yes,Synthetic demo order
#2591,customer0769@example.com,pending,04/04/2025 08:00,2025-04-08,26.74,3,Sample item 04,Customer 0769,555-0169,Pickup,5.00,0.00,0.00,yes,Synthetic demo order
#2590,customer1112@example.com,paid,2025-04-04 03:37:52 +0000,2025-04-08,52.27,1,Sample item 06,Customer 1112,555-0112,Standard,5.00,0.00,0.00,yes,Synthetic demo order
#2589,customer0061@example.com,paid,2025-04-03 17:57:42 -0500,2025-04-08,27.17,3,Sample item 08,Customer 0061,555-0161,Pickup,5.00,0.00,0.00,yes,Synthetic demo order
#2588,customer0859@example.com,paid,"Apr 03, 2025",2025-04-04,$39.79,2,Sample item 10,Customer 0859,555-0159,Standard,5.00,0.00,0.00,yes,Synthetic demo order
#2587,customer0776@example.com,paid,2025-04-03 12:46:39 +0000,2025-04-07,20.77,2,Sample item 04,Customer 0776,555-0176,Express,0.00,0.00,0.00,yes,Synthetic demo order
#2587,customer0776@example.com,paid,2025-04-03 12:46:39 +0000,2025-04-07,$29.29,1,Sample item 02,Customer 0776,555-0176,Pickup,5.00,0.00,0.00,yes,Synthetic demo order
#2586,Customer1362@example.com,paid,2025-04-03 11:55:25 +0000,2025-04-05,$25.18,1,Sample item 02,Customer 1362,555-0162,Standard,0.00,0.00,0.00,no,Synthetic demo order
#2586,Customer1362@example.com,paid,2025-04-03 11:55:25 +0000,2025-04-05,$0.21,1,Sample item 05,Customer 1362,555-0162,Standard,5.00,0.00,0.00,no,Synthetic demo order
#2585,customer0233@example.com,paid,2025-04-03 04:18:41 +0000,2025-04-06,$43.06,2,Sample item 11,Customer 0233,555-0133,Pickup,5.00,0.00,0.00,yes,Synthetic demo order
#2584,Customer0001@example.com,paid,2025-04-02T15:18:06Z,2025-04-07,22.92,1,Sample item 01,Customer 0001,555-0101,Standard,5.00,0.00,0.00,no,Synthetic demo order
#2583,customer0922@example.com,paid,2025-04-02 11:32:38 +0000,2025-04-07,22.16,3,Sample item 10,Customer 0922,555-0122,Pickup,5.00,0.00,0.00,no,Synthetic demo order
#2582,customer1451@example.com,paid,2025-04-02T06:04:45Z,2025-04-06,15.16,3,Sample item 07,Customer 1451,555-0151,Standard,5.00,0.00,0.00,no,Synthetic demo order
#2581,customer0134@example.com,paid,04/02/2025 03:43,2025-04-04,54.12,3,Sample item 09,Customer 0134,555-0134,Pickup,5.00,0.00,0.00,no,Synthetic demo order
#2580,customer0572@example.com,paid,"Apr 01, 2025",2025-04-03,"30,01",1,Sample item 03,Customer 0572,555-0172,Pickup,5.00,0.00,0.00,yes,Synthetic demo order
#2579,Customer0449@example.com,paid,2025-04-01 11:53:40 +0200,2025-04-04,$30.96,1,Sample item 04,Customer 0449,555-0149,Pickup,0.00,0.00,0.00,no,Synthetic demo order
#2579,Customer0449@example.com,paid,2025-04-01 11:53:40 +0200,2025-04-04,30.09,3,Sample item 07,Customer 0449,555-0149,Express,5.00,0.00,0.00,no,Synthetic demo order
#2578,customer0350@example.com,paid,2025-04-01 03:48:59 +0000,2025-04-03,36.55,2,Sample item 07,Customer 0350,555-0150,Express,5.00,0.00,0.00,yes,Synthetic demo order
#2577,customer0960@example.com,paid,2025-04-01 00:47:10 +0000,2025-04-02,"15,52",2,Sample item 03,Customer 0960,555-0160,Standard,0.00,0.00,0.00,yes,Synthetic demo order
#2577,customer0960@example.com,paid,2025-04-01 00:47:10 +0000,2025-04-02,24.01,1,Sample item 04,Customer 0960,555-0160,Express,5.00,0.00,0.00,yes,Synthetic demo order
#2576,customer0070@example.com,Paid,2025-04-01 00:08:39 +0000,2025-04-02,"31,74",1,Sample item 07,Customer 0070,555-0170,Express,5.00,0.00,0.00,no,Synthetic demo order
#2575,customer0335@example.com,paid,2025-03-31T05:27:49Z,2025-04-02,60.11,3,Sample item 03,Customer 0335,555-0135,Standard,5.00,0.00,0.00,yes,Synthetic demo order
#2574,Customer0671@example.com,paid,03/30/2025 15:47,2025-04-04,USD 38.84,2,Sample item 07,Customer 0671,555-0171,Pickup,5.00,0.00,0.00,no,Synthetic demo order
#2573,customer0496@example.com,paid,2025-03-29 11:02:36 +0000,2025-04-03,27.42,1,Sample item 03,Customer 0496,555-0196,Standard,5.00,0.00,0.00,no,Synthetic demo order
#2572,customer1431@example.com,Paid,03/29/2025 02:06,2025-03-31,34.13,1,Sample item 01,Customer 1431,555-0131,Pickup,0.00,0.00,0.00,no,Synthetic demo order
#2572,customer1431@example.com,Paid,03/29/2025 02:06,2025-03-31,16.21,1,Sample item 06,Customer 1431,555-0131,Express,5.00,0.00,0.00,yes,Synthetic demo order
#2571,customer0830@example.com,paid,03/28/2025 21:32,2025-04-02,$80.30,1,Sample item 01,Customer 0830,555-0130,Pickup,5.00,0.00,0.00,yes,Synthetic demo order
#2570,customer0288@example.com,paid,28 Mar 2025,2025-04-01,30.77,1,Sample item 05,Customer 0288,555-0188,Express,5.00,0.00,0.00,no,Synthetic demo order
#2569,customer0447@example.com,paid,2025-03-28 13:31:28 +0000,2025-03-29,41.57,2,Sample item 05,Customer 0447,555-0147,Express,5.00,0.00,0.00,yes,Synthetic demo order
#2568,customer0477@example.com,paid,"Mar 28, 2025",2025-03-30,50.84,2,Sample item 10,Customer 0477,555-0177,Express,5.00,0.00,0.00,no,Synthetic demo order
#2567,customer1246@example.com,paid,2025-03-28 06:33:03 UTC,2025-03-29,USD 49.77,2,Sample item 11,Customer 1246,555-0146,Pickup,5.00,0.00,0.00,yes,Synthetic demo order
#2566,customer0699@example.com,paid,03/27/2025 20:24,2025-03-28,18.91,3,Sample item 07,Customer 0699,555-0199,Pickup,5.00,0.00,0.00,no,Synthetic demo order
#2565,customer1071@example.com,paid,03/27/2025 18:47,2025-03-31,30.44,2,Sample item 03,Customer 1071,555-0171,Standard,5.00,0.00,0.00,no,Synthetic demo order
#2564,Customer0957@example.com,Paid,2025-03-27 16:57:56 UTC,2025-03-31,69.98,3,Sample item 08,Customer 0957,555-0157,Pickup,5.00,0.00,0.00,yes,Synthetic demo order
#2563,Customer1061@example.com,paid,2025-03-27 00:31:26 +0000,2025-03-28,"39,16",1,Sample item 02,Customer 1061,555-0161,Pickup,5.00,0.00,0.00,no,Synthetic demo order
#2562,customer1012@example.com,paid,2025-03-26 17:47:24 +0000,2025-03-28,44.10,1,Sample item 04,Customer 1012,555-0112,Express,5.00,0.00,0.00,no,Synthetic demo order
#2561,customer0975@example.com,paid,2025-03-26 16:37:48 UTC,2025-03-29,6.91,1,Sample item 02,Customer 0975,555-0175,Pickup,0.00,0.00,0.00,yes,Synthetic demo order
#2561,customer0975@example.com,paid,2025-03-26 16:37:48 UTC,2025-03-29,"35,60",3,Sample item 06,Customer 0975,555-0175,Pickup,5.00,0.00,0.00,no,Synthetic demo order
#2560,customer1382@example.com,paid,2025-03-26 11:00:00 +0000,2025-03-28,25.35,3,Sample item 01,Customer 1382,555-0182,Standard,5.00,0.00,0.00,yes,Synthetic demo order
#2559,customer0689@example.com,REFUNDED,03/26/2025 10:45,2025-03-31,$23.43,2,Sample item 03,Customer 0689,555-0189,Standard,5.00,0.00,0.00,no,Synthetic demo order
#2558,,paid,2025-03-26 04:16:41 UTC,2025-03-27,43.62,3,Sample item 11,Customer 0878,555-0178,Pickup,5.00,0.00,0.00,no,Synthetic demo order
#2557,customer1226@example.com,Paid,2025-03-25 13:37:35 +0000,2025-03-27,USD 42.57,3,Sample item 02,Customer 1226,555-0126,Pickup,5.00,0.00,0.00,yes,Synthetic demo order
#2556,customer1345@example.com,paid,2025-03-25T12:03:51Z,2025-03-26,33.25,3,Sample item 03,Customer 1345,555-0145,Express,5.00,0.00,0.00,no,Synthetic demo order
#2555,Customer0365@example.com,Paid,2025-03-25 06:16:49 +0000,2025-03-27,49.72,2,Sample item 09,Customer 0365,555-0165,Express,5.00,0.00,0.00,no,Synthetic demo order
#2554,customer1200@example.com,paid,03/25/2025 02:36,2025-03-30,37.26,2,Sample item 01,Customer 1200,555-0100,Pickup,5.00,0.00,0.00,no,Synthetic demo order
#2553,customer0244@example.com,paid,2025-03-24 17:29:34 +0200,2025-03-27,USD 11.13,1,Sample item 05,Customer 0244,555-0144,Express,0.00,0.00,0.00,yes,Synthetic demo order
#2553,customer0244@example.com,paid,2025-03-24 17:29:34 +0200,2025-03-27,54.62,1,Sample item 04,Customer 0244,555-0144,Standard,5.00,0.00,0.00,yes,Synthetic demo order
#2552,customer0424@example.com,paid,2025-03-24 14:38:29 -0800,2025-03-28,13.98,3,Sample item 06,Customer 0424,555-0124,Standard,0.00,0.00,0.00,no,Synthetic demo order
#2552,customer0424@example.com,paid,2025-03-24 14:38:29 -0800,2025-03-28,16.27,1,Sample item 03,Customer 0424,555-0124,Express,5.00,0.00,0.00,no,Synthetic demo order
#2551,customer0514@example.com,Voided,2025-03-23 14:37:20 +0000,2025-03-24,34.56,2,Sample item 05,Customer 0514,555-0114,Express,5.00,0.00,0.00,no,Synthetic demo order
#2550,customer1100@example.com,paid,2025-03-22T19:35:00Z,2025-03-26,36.50,1,Sample item 11,Customer 1100,555-0100,Pickup,5.00,0.00,0.00,yes,Synthetic demo order
#2549,Customer0246@example.com,paid,03/22/2025 18:25,2025-03-23,USD 82.73,2,Sample item 02,Customer 0246,555-0146,Pickup,5.00,0.00,0.00,no,Synthetic demo order
#2548,Customer0783@example.com,paid,2025-03-22 18:13:27 +0200,2025-03-26,1.15,2,Sample item 04,Customer 0783,555-0183,Express,0.00,0.00,0.00,yes,Synthetic demo order
#2548,Customer0783@example.com,paid,2025-03-22 18:13:27 +0200,2025-03-26,38.48,3,Sample item 04,Customer 0783,555-0183,Pickup,5.00,0.00,0.00,no,Synthetic demo order
#2547,customer0380@example.com,paid,03/22/2025 16:58,2025-03-27,27.18,3,Sample item 10,Customer 0380,555-0180,Pickup,5.00,0.00,0.00,no,Synthetic demo order
#2546,customer0111@example.com,cancelled,"Mar 22, 2025",2025-03-23,4.60,1,Sample item 05,Customer 0111,555-0111,Standard,0.00,0.00,0.00,no,Synthetic demo order
#2546,customer0111@example.com,cancelled,"Mar 22, 2025",2025-03-23,18.64,1,Sample item 09,Customer 0111,555-0111,Pickup,5.00,0.00,0.00,no,Synthetic demo order
#2545,customer0453@example.com,PAID,2025-03-22T01:29:13Z,2025-03-23,77.89,3,Sample item 03,Customer 0453,555-0153,Pickup,5.00,0.00,0.00,no,Synthetic demo order
#2544,customer1057@example.com,paid,2025-03-22 01:10:28 +0000,2025-03-24,"0,37",3,Sample item 08,Customer 1057,555-0157,Express,0.00,0.00,0.00,yes,Synthetic demo order
#2544,customer1057@example.com,paid,2025-03-22 01:10:28 +0000,2025-03-24,14.38,2,Sample item 10,Customer 1057,555-0157,Express,5.00,0.00,0.00,no,Synthetic demo order
#2543,customer1206@example.com,paid,2025-03-21 21:45:21 UTC,2025-03-22,23.88,1,Sample item 07,Customer 1206,555-0106,Express,0.00,0.00,0.00,no,Synthetic demo order
#2543,customer1206@example.com,Paid,2025-03-21 21:45:21 UTC,2025-03-22,13.23,1,Sample item 02,Customer 1206,555-0106,Express,5.00,0.00,0.00,yes,Synthetic demo order
#2542,customer0025@example.com,paid,2025-03-21 19:28:20 +0000,2025-03-25,$91.85,1,Sample item 11,Customer 0025,555-0125,Pickup,5.00,0.00,0.00,no,Synthetic demo order
#2541,customer0073@example.com,paid,2025-03-21T08:12:43Z,2025-03-23,$57.33,1,Sample item 02,Customer 0073,555-0173,Express,5.00,0.00,0.00,no,Synthetic demo order
#2540,customer0881@example.com,paid,2025-03-21 05:21:58 +0200,2025-03-22,38.05,3,Sample item 05,Customer 0881,555-0181,Standard,5.00,0.00,0.00,yes,Synthetic demo order
#2539,customer0327@example.com,Paid,2025-03-20 19:21:19 +0000,2025-03-23,102.44,2,Sample item 09,Customer 0327,555-0127,Standard,5.00,0.00,0.00,no,Synthetic demo order
#2538,Customer1331@example.com,refunded,20 Mar 2025,2025-03-24,$23.25,1,Sample item 06,Customer 1331,555-0131,Express,0.00,0.00,0.00,yes,Synthetic demo order
#2538,Customer1331@example.com,refunded,20 Mar 2025,2025-03-24,3.16,2,Sample item 04,Customer 1331,555-0131,Standard,5.00,0.00,0.00,yes,Synthetic demo order
#2537,customer0133@example.com,paid,20 Mar 2025,2025-03-22,n/a,3,Sample item 08,Customer 0133,555-0133,Express,5.00,0.00,0.00,yes,Synthetic demo order
#2536,customer0846@example.com,paid,2025-03-20 08:57:16 +0000,2025-03-23,"71,62",2,Sample item 08,Customer 0846,555-0146,Express,5.00,0.00,0.00,yes,Synthetic demo order
#2535,Customer0174@example.com,paid,2025-03-20 08:11:35 +0000,2025-03-25,34.05,2,Sample item 08,Customer 0174,555-0174,Standard,5.00,0.00,0.00,no,Synthetic demo order
#2534,Customer0789@example.com,Paid,03/20/2025 07:35,2025-03-25,29.68,2,Sample item 04,Customer 0789,555-0189,Standard,5.00,0.00,0.00,yes,Synthetic demo order
#2533,customer1421@example.com,PAID,2025-03-20 07:27:54 +0200,2025-03-25,12.72,3,Sample item 10,Customer 1421,555-0121,Express,0.00,0.00,0.00,no,Synthetic demo order
#2533,customer1421@example.com,paid,2025-03-20 07:27:54 +0200,2025-03-25,13.12,2,Sample item 04,Customer 1421,555-0121,Pickup,5.00,0.00,0.00,yes,Synthetic demo order
#2532,customer0523@example.com,paid,03/20/2025 04:03,2025-03-21,$0.00,1,Sample item 09,Customer 0523,555-0123,Standard,5.00,0.00,0.00,yes,Synthetic demo order
#2531,Customer0968@example.com,paid,03/19/2025 22:46,2025-03-23,USD 31.94,3,Sample item 11,Customer 0968,555-0168,Pickup,5.00,0.00,0.00,no,Synthetic demo order
#2530,customer0900@example.com,paid,2025-03-19 21:23:05 +0000,2025-03-20,47.87,2,Sample item 09,Customer 0900,555-0100,Express,5.00,0.00,0.00,no,Synthetic demo order
#2529,Customer1011@example.com,Paid,2025-03-19 21:14:32 +0000,2025-03-22,23.56,1,Sample item 03,Customer 1011,555-0111,Pickup,5.00,0.00,0.00,yes,Synthetic demo order
#2528,customer0499@example.com,paid,2025-03-19 20:12:37 +0000,2025-03-23,$36.63,2,Sample item 09,Customer 0499,555-0199,Standard,5.00,0.00,0.00,yes,Synthetic demo order
#2527,customer1212@example.com,paid,2025-03-19 14:11:25 +0000,2025-03-24,$16.62,1,Sample item 03,Customer 1212,555-0112,Pickup,0.00,0.00,0.00,yes,Synthetic demo order
#2527,customer1212@example.com,paid,2025-03-19 14:11:25 +0000,2025-03-24,15.36,2,Sample item 05,Customer 1212,555-0112,Express,5.00,0.00,0.00,no,Synthetic demo order
#2526,Customer0359@example.com,paid,2025-03-19 12:39:32 UTC,2025-03-20,$16.71,3,Sample item 09,Customer 0359,555-0159,Standard,0.00,0.00,0.00,no,Synthetic demo order
#2526,Customer0359@example.com,paid,2025-03-19 12:39:32 UTC,2025-03-20,9.44,2,Sample item 06,Customer 0359,555-0159,Pickup,5.00,0.00,0.00,no,Synthetic demo order
#2525,customer1385@example.com,paid,2025-03-19 11:58:15 +0000,2025-03-22,37.89,3,Sample item 06,Customer 1385,555-0185,Standard,5.00,0.00,0.00,no,Synthetic demo order
#2524,customer0196@example.com,PAID,2025-03-19 05:24:55 +0000,2025-03-23,27.02,3,Sample item 08,Customer 0196,555-0196,Standard,5.00,0.00,0.00,yes,Synthetic demo order
#2523,customer1294@example.com,PAID,03/18/2025 16:04,2025-03-19,$20.99,3,Sample item 01,Customer 1294,555-0194,Standard,5.00,0.00,0.00,yes,Synthetic demo order
#2522,Customer0593@example.com,paid,2025-03-18T13:39:07Z,2025-03-19,37.80,1,Sample item 07,Customer 0593,555-0193,Pickup,5.00,0.00,0.00,yes,Synthetic demo order
#2521,customer1356@example.com,Paid,"Mar 18, 2025",2025-03-22,USD 74.35,2,Sample item 06,Customer 1356,555-0156,Express,5.00,0.00,0.00,no,Synthetic demo order
#2520,customer0977@example.com,Paid,17 Mar 2025,2025-03-22,26.95,2,Sample item 10,Customer 0977,555-0177,Pickup,5.00,0.00,0.00,no,Synthetic demo order
#2519,customer1306@example.com,paid,2025-03-17T17:44:27Z,2025-03-22,37.09,2,Sample item 02,Customer 1306,555-0106,Express,5.00,0.00,0.00,yes,Synthetic demo order
#2518,customer0720@example.com,paid,2025-03-16 23:44:10 +0000,2025-03-18,"77,93",1,Sample item 09,Customer 0720,555-0120,Express,5.00,0.00,0.00,yes,Synthetic demo order
#2517,customer0674@example.com,paid,2025-03-16T15:30:29Z,2025-03-19,40.37,3,Sample item 06,Customer 0674,555-0174,Express,5.00,0.00,0.00,no,Synthetic demo order
#2516,customer0826@example.com,paid,2025-03-16 08:05:28 -0500,2025-03-19,$33.10,1,Sample item 02,Customer 0826,555-0126,Standard,5.00,0.00,0.00,yes,Synthetic demo order
#2515,customer0233@example.com,paid,03/16/2025 00:06,2025-03-19,22.35,1,Sample item 02,Customer 0233,555-0133,Pickup,5.00,0.00,0.00,yes,Synthetic demo order
#2514,customer0916@example.com,paid,03/15/2025 22:51,2025-03-17,$23.76,2,Sample item 02,Customer 0916,555-0116,Pickup,5.00,0.00,0.00,yes,Synthetic demo order
#2513,customer0259@example.com,paid,2025-03-15 09:50:28 UTC,2025-03-18,36.83,1,Sample item 03,Customer 0259,555-0159,Standard,5.00,0.00,0.00,no,Synthetic demo order
#2512,customer0846@example.com,paid,2025-03-15 09:19:29 UTC,2025-03-20,"64,65",2,Sample item 06,Customer 0846,555-0146,Standard,5.00,0.00,0.00,yes,Synthetic demo order
#2511,customer1337@example.com,paid,2025-03-15T07:52:02Z,2025-03-19,$35.31,3,Sample item 07,Customer 1337,555-0137,Standard,5.00,0.00,0.00,no,Synthetic demo order
#2510,customer0821@example.com,Paid,2025-03-15T00:15:51Z,2025-03-17,23.98,2,Sample item 06,Customer 0821,555-0121,Express,5.00,0.00,0.00,no,Synthetic demo order
#2509,customer1482@example.com,Paid,2025-03-14 20:03:24 UTC,2025-03-17,USD 42.31,3,Sample item 01,Customer 1482,555-0182,Express,5.00,0.00,0.00,yes,Synthetic demo order
#2508,customer0343@example.com,paid,03/14/2025 14:51,2025-03-17,38.51,2,Sample item 06,Customer 0343,555-0143,Pickup,5.00,0.00,0.00,yes,Synthetic demo order
#2507,customer0306@example.com,paid,2025-03-14 12:02:42 +0000,2025-03-15,30.91,2,Sample item 05,Customer 0306,555-0106,Pickup,5.00,0.00,0.00,no,Synthetic demo order
#2506,Customer0035@example.com,Paid,2025-03-14 08:36:43 +0000,2025-03-16,32.31,3,Sample item 04,Customer 0035,555-0135,Standard,5.00,0.00,0.00,yes,Synthetic demo order
#2505,customer0803@example.com,paid,2025-03-14 00:31:16 +0000,2025-03-19,41.38,3,Sample item 07,Customer 0803,555-0103,Pickup,5.00,0.00,0.00,no,Synthetic demo order
#2504,Customer0801@example.com,voided,13 Mar 2025,2025-03-14,28.75,3,Sample item 02,Customer 0801,555-0101,Pickup,5.00,0.00,0.00,yes,Synthetic demo order
#2503,customer0983@example.com,cancelled,2025-03-13 11:43:18 -0500,2025-03-15,28.30,1,Sample item 01,Customer 0983,555-0183,Express,5.00,0.00,0.00,no,Synthetic demo order
#2502,customer1400@example.com,paid,2025-03-13 07:51:07 +0000,2025-03-15,$29.17,1,Sample item 03,Customer 1400,555-0100,Express,5.00,0.00,0.00,yes,Synthetic demo order
#2501,customer0134@example.com,paid,12 Mar 2025,2025-03-17,53.53,2,Sample item 11,Customer 0134,555-0134,Pickup,5.00,0.00,0.00,yes,Synthetic demo order
#2500,customer0689@example.com,Paid,2025-03-12 13:29:24 +0000,2025-03-16,24.74,3,Sample item 02,Customer 0689,555-0189,Standard,5.00,0.00,0.00,yes,Synthetic demo order
#2499,customer0772@example.com,Partially_Refunded,2025-03-12 12:39:39 UTC,2025-03-14,32.20,1,Sample item 10,Customer 0772,555-0172,Express,5.00,0.00,0.00,no,Synthetic demo order
#2498,customer0476@example.com,Paid,"Mar 12, 2025",2025-03-16,14.13,2,Sample item 03,Customer 0476,555-0176,Express,5.00,0.00,0.00,yes,Synthetic demo order
#2497,customer0697@example.com,paid,2025-03-12 09:53:39 +0000,2025-03-15,117.27,2,Sample item 04,Customer 0697,555-0197,Pickup,5.00,0.00,0.00,no,Synthetic demo order
#2496,Customer0273@example.com,Paid,2025-03-12 09:40:49 -0800,2025-03-17,78.56,3,Sample item 08,Customer 0273,555-0173,Standard,5.00,0.00,0.00,yes,Synthetic demo order
#2495,customer0658@example.com,PAID,2025-03-12 08:02:13 +0000,2025-03-17,21.04,3,Sample item 03,Customer 0658,555-0158,Standard,5.00,0.00,0.00,no,Synthetic demo order
#2494,customer0243@example.com,Paid,12 Mar 2025,2025-03-16,55.16,3,Sample item 11,Customer 0243,555-0143,Express,5.00,0.00,0.00,yes,Synthetic demo order
#2493,customer1279@example.com,paid,"Mar 11, 2025",2025-03-12,$65.78,3,Sample item 07,Customer 1279,555-0179,Pickup,5.00,0.00,0.00,no,Synthetic demo order
#2492,customer1475@example.com,paid,2025-03-11 12:25:51 +0000,2025-03-15,$15.26,3,Sample item 11,Customer 1475,555-0175,Express,5.00,0.00,0.00,no,Synthetic demo order
#2491,customer1212@example.com,paid,03/11/2025 03:25,2025-03-15,34.19,1,Sample item 09,Customer 1212,555-0112,Standard,5.00,0.00,0.00,no,Synthetic demo order
#2490,customer0348@example.com,paid,2025-03-11 02:55:20 +0000,2025-03-13,USD 18.37,1,Sample item 10,Customer 0348,555-0148,Express,0.00,0.00,0.00,no,Synthetic demo order
#2490,customer0348@example.com,paid,2025-03-11 02:55:20 +0000,2025-03-13,"9,70",3,Sample item 01,Customer 0348,555-0148,Standard,5.00,0.00,0.00,yes,Synthetic demo order
#2489,customer0392@example.com,paid,2025-03-10 19:07:19 +0000,2025-03-11,27.16,3,Sample item 08,Customer 0392,555-0192,Express,5.00,0.00,0.00,yes,Synthetic demo order
#2488,customer0482@example.com,paid,2025-03-10 19:05:33 +0000,2025-03-12,$22.34,3,Sample item 06,Customer 0482,555-0182,Express,5.00,0.00,0.00,yes,Synthetic demo order
#2487,customer0129@example.com,paid,2025-03-10 18:59:41 +0000,2025-03-12,n/a,3,Sample item 02,Customer 0129,555-0129,Pickup,5.00,0.00,0.00,yes,Synthetic demo order
#2486,customer0671@example.com,paid,2025-03-10T14:34:56Z,2025-03-15,$43.61,2,Sample item 02,Customer 0671,555-0171,Standard,5.00,0.00,0.00,yes,Synthetic demo order
#2485,customer0918@example.com,paid,2025-03-09 23:20:29 +0000,2025-03-14,$23.24,1,Sample item 10,Customer 0918,555-0118,Pickup,5.00,0.00,0.00,yes,Synthetic demo order
#2484,customer0577@example.com,paid,2025-03-09T20:33:13Z,2025-03-13,32.96,1,Sample item 09,Customer 0577,555-0177,Pickup,5.00,0.00,0.00,no,Synthetic demo order
#2483,customer0883@example.com,Paid,2025-03-09 19:08:02 +0000,2025-03-10,10.49,3,Sample item 02,Customer 0883,555-0183,Express,0.00,0.00,0.00,yes,Synthetic demo order
#2483,customer0883@example.com,paid,2025-03-09 19:08:02 +0000,2025-03-10,18.45,1,Sample item 04,Customer 0883,555-0183,Standard,5.00,0.00,0.00,yes,Synthetic demo order
#2482,customer0558@example.com,paid,2025-03-09T04:01:42Z,2025-03-10,37.03,3,Sample item 11,Customer 0558,555-0158,Express,5.00,0.00,0.00,no,Synthetic demo order
#2481,customer1094@example.com,Paid,2025-03-08 23:02:10 +0000,2025-03-12,32.45,1,Sample item 11,Customer 1094,555-0194,Pickup,5.00,0.00,0.00,yes,Synthetic demo order
#2480,customer1231@example.com,paid,2025-03-08T22:15:50Z,2025-03-09,USD 10.48,3,Sample item 06,Customer 1231,555-0131,Standard,5.00,0.00,0.00,no,Synthetic demo order
#2479,customer0928@example.com,paid,2025-03-07 15:54:14 +0000,2025-03-09,"67,35",2,Sample item 07,Customer 0928,555-0128,Pickup,5.00,0.00,0.00,yes,Synthetic demo order
#2478,Customer0120@example.com,paid,2025-03-07 14:57:59 UTC,2025-03-09,12.77,1,Sample item 07,Customer 0120,555-0120,Pickup,0.00,0.00,0.00,no,Synthetic demo order
#2478,Customer0120@example.com,paid,2025-03-07 14:57:59 UTC,2025-03-09,5.70,3,Sample item 11,Customer 0120,555-0120,Standard,5.00,0.00,0.00,yes,Synthetic demo order
#2477,Customer0137@example.com,paid,2025-03-07 12:22:57 +0000,2025-03-10,72.86,2,Sample item 03,Customer 0137,555-0137,Pickup,5.00,0.00,0.00,yes,Synthetic demo order
#2476,customer0813@example.com,paid,2025-03-07 10:37:42 +0000,2025-03-09,33.04,3,Sample item 06,Customer 0813,555-0113,Pickup,5.00,0.00,0.00,no,Synthetic demo order
#2475,customer1176@example.com,Paid,2025-03-07T10:24:44Z,2025-03-11,USD 23.71,3,Sample item 02,Customer 1176,555-0176,Standard,5.00,0.00,0.00,yes,Synthetic demo order
#2474,customer1273@example.com,paid,03/07/2025 07:32,2025-03-09,77.43,1,Sample item 05,Customer 1273,555-0173,Standard,5.00,0.00,0.00,no,Synthetic demo order
#2473,Customer0316@example.com,paid,2025-03-05 23:05:13 +0000,2025-03-09,33.90,2,Sample item 10,Customer 0316,555-0116,Standard,5.00,0.00,0.00,no,Synthetic demo order
#2472,customer0893@example.com,paid,2025-03-04 20:42:54 UTC,2025-03-05,$37.53,3,Sample item 05,Customer 0893,555-0193,Standard,5.00,0.00,0.00,no,Synthetic demo order
#2471,customer0132@example.com,partially_refunded,2025-03-04T18:14:42Z,2025-03-06,26.55,1,Sample item 08,Customer 0132,555-0132,Standard,5.00,0.00,0.00,yes,Synthetic demo order
#2470,customer0536@example.com,PAID,2025-03-04 12:05:11 +0000,2025-03-06,USD 49.13,1,Sample item 09,Customer 0536,555-0136,Express,5.00,0.00,0.00,yes,Synthetic demo order
#2469,customer0211@example.com,paid,2025-03-04 06:37:44 +0000,2025-03-06,"47,51",3,Sample item 03,Customer 0211,555-0111,Pickup,5.00,0.00,0.00,no,Synthetic demo order
#2468,customer0879@example.com,Paid,2025-03-04 01:01:16 -0500,2025-03-09,52.02,1,Sample item 09,Customer 0879,555-0179,Express,5.00,0.00,0.00,yes,Synthetic demo order
#2467,customer0113@example.com,paid,2025-03-03T22:19:12Z,2025-03-05,USD 44.33,1,Sample item 05,Customer 0113,555-0113,Express,5.00,0.00,0.00,yes,Synthetic demo order
#2466,customer1473@example.com,PAID,2025-03-03T14:42:18Z,2025-03-04,USD 28.40,2,Sample item 02,Customer 1473,555-0173,Pickup,5.00,0.00,0.00,yes,Synthetic demo order
#2465,customer1312@example.com,Paid,2025-03-03 08:21:09 UTC,2025-03-07,83.38,3,Sample item 02,Customer 1312,555-0112,Express,5.00,0.00,0.00,no,Synthetic demo order
#2464,Customer0288@example.com,paid,2025-03-02T13:55:32Z,2025-03-05,2.14,2,Sample item 11,Customer 0288,555-0188,Pickup,0.00,0.00,0.00,yes,Synthetic demo order
#2464,Customer0288@example.com,paid,2025-03-02T13:55:32Z,2025-03-05,"35,30",2,Sample item 04,Customer 0288,555-0188,Express,5.00,0.00,0.00,yes,Synthetic demo order
#2463,customer0464@example.com,paid,2025-03-02 08:38:09 +0000,2025-03-05,23.31,1,Sample item 02,Customer 0464,555-0164,Standard,5.00,0.00,0.00,yes,Synthetic demo order
#2462,Customer0801@example.com,paid,2025-03-01 16:22:17 +0000,2025-03-06,33.81,2,Sample item 06,Customer 0801,555-0101,Pickup,5.00,0.00,0.00,no,Synthetic demo order
#2461,customer1264@example.com,Refunded,01 Mar 2025,2025-03-05,$51.63,2,Sample item 07,Customer 1264,555-0164,Standard,5.00,0.00,0.00,no,Synthetic demo order
#2460,customer0008@example.com,Paid,2025-03-01 02:20:26 +0000,2025-03-04,USD 41.96,3,Sample item 08,Customer 0008,555-0108,Pickup,5.00,0.00,0.00,no,Synthetic demo order
#2459,customer1252@example.com,Paid,2025-02-28 10:00:12 +0000,2025-03-01,$31.54,2,Sample item 08,Customer 1252,555-0152,Standard,5.00,0.00,0.00,yes,Synthetic demo order
#2458,Customer1009@example.com,paid,2025-02-28 09:05:39 -0800,2025-03-02,56.43,1,Sample item 02,Customer 1009,555-0109,Pickup,5.00,0.00,0.00,yes,Synthetic demo order
#2457,customer0001@example.com,PAID,2025-02-28 05:39:05 +0200,2025-03-03,$2.97,1,Sample item 01,Customer 0001,555-0101,Standard,0.00,0.00,0.00,yes,Synthetic demo order
#2457,customer0001@example.com,Paid,2025-02-28 05:39:05 +0200,2025-03-03,13.82,2,Sample item 08,Customer 0001,555-0101,Standard,5.00,0.00,0.00,yes,Synthetic demo order
#2456,Customer0846@example.com,paid,27 Feb 2025,2025-03-01,32.37,1,Sample item 10,Customer 0846,555-0146,Pickup,5.00,0.00,0.00,yes,Synthetic demo order
#2455,Customer0671@example.com,paid,"Feb 27, 2025",2025-03-02,33.66,2,Sample item 03,Customer 0671,555-0171,Express,5.00,0.00,0.00,no,Synthetic demo order
#2454,customer1032@example.com,paid,"Feb 27, 2025",2025-03-02,46.03,3,Sample item 10,Customer 1032,555-0132,Express,5.00,0.00,0.00,yes,Synthetic demo order
#2453,customer0025@example.com,paid,2025-02-26 20:26:55 +0000,2025-02-28,57.07,1,Sample item 08,Customer 0025,555-0125,Pickup,5.00,0.00,0.00,no,Synthetic demo order
#2452,Customer0503@example.com,paid,02/26/2025 18:34,2025-02-27,$63.99,1,Sample item 10,Customer 0503,555-0103,Pickup,5.00,0.00,0.00,no,Synthetic demo order
#2451,customer0353@example.com,Paid,2025-02-26 17:28:51 UTC,2025-03-03,USD 36.23,1,Sample item 05,Customer 0353,555-0153,Standard,5.00,0.00,0.00,yes,Synthetic demo order
#2450,customer0488@example.com,paid,2025-02-26 10:37:17 +0000,2025-03-03,"15,17",3,Sample item 02,Customer 0488,555-0188,Express,0.00,0.00,0.00,yes,Synthetic demo order
#2450,customer0488@example.com,Paid,2025-02-26 10:37:17 +0000,2025-03-03,USD 38.29,1,Sample item 03,Customer 0488,555-0188,Express,5.00,0.00,0.00,no,Synthetic demo order
#2449,customer0143@example.com,paid,25 Feb 2025,2025-03-01,USD 47.23,1,Sample item 04,Customer 0143,555-0143,Standard,5.00,0.00,0.00,yes,Synthetic demo order
#2448,customer1329@example.com,Paid,2025-02-25T12:59:05Z,2025-02-28,$32.71,1,Sample item 06,Customer 1329,555-0129,Standard,5.00,0.00,0.00,no,Synthetic demo order
#2447,customer0460@example.com,paid,2025-02-25 09:59:34 UTC,2025-02-27,$34.70,2,Sample item 01,Customer 0460,555-0160,Pickup,5.00,0.00,0.00,yes,Synthetic demo order
#2446,customer0284@example.com,paid,"Feb 25, 2025",2025-02-28,9.72,2,Sample item 01,Customer 0284,555-0184,Express,0.00,0.00,0.00,no,Synthetic demo order
#2446,customer0284@example.com,paid,"Feb 25, 2025",2025-02-28,$18.93,2,Sample item 07,Customer 0284,555-0184,Express,5.00,0.00,0.00,yes,Synthetic demo order
#2445,customer0311@example.com,paid,02/24/2025 19:54,2025-02-27,$33.07,1,Sample item 08,Customer 0311,555-0111,Standard,5.00,0.00,0.00,no,Synthetic demo order
#2444,Customer0863@example.com,Paid,TBD,2025-02-26,28.99,1,Sample item 05,Customer 0863,555-0163,Pickup,5.00,0.00,0.00,no,Synthetic demo order
#2443,,voided,2025-02-24 12:47:26 +0000,2025-02-26,8.64,1,Sample item 03,Customer 0877,555-0177,Standard,0.00,0.00,0.00,no,Synthetic demo order
#2443,,voided,2025-02-24 12:47:26 +0000,2025-02-26,USD 23.50,2,Sample item 08,Customer 0877,555-0177,Standard,5.00,0.00,0.00,no,Synthetic demo order
#2442,customer0734@example.com,refunded,2025-02-24 00:13:07 +0000,2025-03-01,$53.71,2,Sample item 05,Customer 0734,555-0134,Pickup,5.00,0.00,0.00,no,Synthetic demo order
#2441,Customer1385@example.com,pending,2025-02-23 18:50:58 +0000,2025-02-28,27.13,2,Sample item 08,Customer 1385,555-0185,Pickup,5.00,0.00,0.00,no,Synthetic demo order
#2440,customer0771@example.com,Paid,"Feb 23, 2025",2025-02-27,34.87,2,Sample item 06,Customer 0771,555-0171,Express,5.00,0.00,0.00,no,Synthetic demo order
#2439,customer0057@example.com,paid,2025-02-23 03:32:17 +0000,2025-02-25,$17.95,2,Sample item 04,Customer 0057,555-0157,Pickup,0.00,0.00,0.00,no,Synthetic demo order
#2439,customer0057@example.com,Paid,2025-02-23 03:32:17 +0000,2025-02-25,$18.57,3,Sample item 04,Customer 0057,555-0157,Pickup,5.00,0.00,0.00,yes,Synthetic demo order
#2438,customer1241@example.com,paid,2025-02-23 00:11:06 +0000,2025-02-24,54.12,2,Sample item 07,Customer 1241,555-0141,Pickup,5.00,0.00,0.00,yes,Synthetic demo order
#2437,customer1272@example.com,paid,22 Feb 2025,2025-02-23,26.90,2,Sample item 04,Customer 1272,555-0172,Express,5.00,0.00,0.00,yes,Synthetic demo order
#2436,customer1445@example.com,pending,2025-02-22 09:59:16 UTC,2025-02-27,34.63,2,Sample item 01,Customer 1445,555-0145,Standard,5.00,0.00,0.00,yes,Synthetic demo order
#2435,customer1289@example.com,Paid,2025-02-22 07:24:10 UTC,2025-02-25,33.72,2,Sample item 06,Customer 1289,555-0189,Express,5.00,0.00,0.00,yes,Synthetic demo order
#2434,customer0675@example.com,paid,2025-02-22 06:12:49 -0500,2025-02-23,15.06,3,Sample item 10,Customer 0675,555-0175,Express,0.00,0.00,0.00,yes,Synthetic demo order
#2434,customer0675@example.com,paid,2025-02-22 06:12:49 -0500,2025-02-23,25.24,2,Sample item 07,Customer 0675,555-0175,Express,5.00,0.00,0.00,no,Synthetic demo order
#2433,customer1398@example.com,pending,2025-02-22T01:40:31Z,2025-02-23,42.89,1,Sample item 08,Customer 1398,555-0198,Express,5.00,0.00,0.00,no,Synthetic demo order
#2432,customer0835@example.com,Paid,2025-02-21 17:23:44 +0000,2025-02-22,"22,17",1,Sample item 01,Customer 0835,555-0135,Standard,5.00,0.00,0.00,yes,Synthetic demo order
#2431,customer1200@example.com,Paid,2025-02-21 16:16:58 +0200,2025-02-22,$42.18,1,Sample item 05,Customer 1200,555-0100,Pickup,5.00,0.00,0.00,yes,Synthetic demo order
#2430,customer1027@example.com,paid,2025-02-21 10:49:38 +0000,2025-02-26,5.94,3,Sample item 10,Customer 1027,555-0127,Express,0.00,0.00,0.00,no,Synthetic demo order
#2430,customer1027@example.com,PAID,2025-02-21 10:49:38 +0000,2025-02-26,$30.50,3,Sample item 09,Customer 1027,555-0127,Pickup,5.00,0.00,0.00,yes,Synthetic demo order
#2429,Customer0165@example.com,partially_refunded,2025-02-21 07:48:32 +0000,2025-02-22,23.00,3,Sample item 09,Customer 0165,555-0165,Standard,5.00,0.00,0.00,yes,Synthetic demo order
#2428,customer0263@example.com,paid,2025-02-20T23:28:52Z,2025-02-23,39.25,1,Sample item 03,Customer 0263,555-0163,Pickup,5.00,0.00,0.00,yes,Synthetic demo order
#2427,customer0489@example.com,paid,2025-02-20 17:02:25 UTC,2025-02-23,"50,69",2,Sample item 10,Customer 0489,555-0189,Express,5.00,0.00,0.00,no,Synthetic demo order
#2426,customer1327@example.com,paid,02/20/2025 10:12,2025-02-25,"31,81",3,Sample item 08,Customer 1327,555-0127,Pickup,5.00,0.00,0.00,no,Synthetic demo order
#2425,customer0062@example.com,paid,2025-02-20 09:10:42 +0000,2025-02-23,29.75,1,Sample item 01,Customer 0062,555-0162,Standard,0.00,0.00,0.00,no,Synthetic demo order
#2425,customer0062@example.com,paid,2025-02-20 09:10:42 +0000,2025-02-23,$4.42,3,Sample item 09,Customer 0062,555-0162,Express,5.00,0.00,0.00,no,Synthetic demo order
#2424,customer0352@example.com,paid,2025-02-20 02:32:33 +0000,2025-02-24,96.98,1,Sample item 05,Customer 0352,555-0152,Express,5.00,0.00,0.00,no,Synthetic demo order
#2423,customer0499@example.com,paid,2025-02-19 13:16:49 -0500,2025-02-22,11.79,1,Sample item 06,Customer 0499,555-0199,Express,0.00,0.00,0.00,no,Synthetic demo order
#2423,customer0499@example.com,PAID,2025-02-19 13:16:49 -0500,2025-02-22,24.68,1,Sample item 01,Customer 0499,555-0199,Standard,5.00,0.00,0.00,no,Synthetic demo order
#2422,customer1217@example.com,voided,2025-02-19 08:11:48 +0200,2025-02-23,28.15,1,Sample item 03,Customer 1217,555-0117,Express,5.00,0.00,0.00,no,Synthetic demo order
#2421,customer1343@example.com,paid,2025-02-19 06:10:36 +0000,2025-02-24,0.21,2,Sample item 08,Customer 1343,555-0143,Standard,0.00,0.00,0.00,yes,Synthetic demo order
#2421,customer1343@example.com,paid,2025-02-19 06:10:36 +0000,2025-02-24,$32.59,1,Sample item 10,Customer 1343,555-0143,Express,5.00,0.00,0.00,no,Synthetic demo order
#2420,customer1316@example.com,paid,2025-02-18T23:29:32Z,2025-02-21,"41,19",3,Sample item 03,Customer 1316,555-0116,Standard,5.00,0.00,0.00,no,Synthetic demo order
#2419,customer1301@example.com,paid,18 Feb 2025,2025-02-22,47.30,2,Sample item 06,Customer 1301,555-0101,Express,5.00,0.00,0.00,no,Synthetic demo order
#2418,customer1088@example.com,paid,2025-02-18 01:44:05 -0800,2025-02-23,USD 26.22,3,Sample item 02,Customer 1088,555-0188,Express,5.00,0.00,0.00,no,Synthetic demo order
#2417,customer1454@example.com,paid,2025-02-17T22:38:08Z,2025-02-22,"$2,953.58",2,Sample item 05,Customer 1454,555-0154,Standard,5.00,0.00,0.00,no,Synthetic demo order
#2416,customer1009@example.com,refunded,02/17/2025 15:06,2025-02-22,$55.08,2,Sample item 05,Customer 1009,555-0109,Express,0.00,0.00,0.00,yes,Synthetic demo order
#2416,customer1009@example.com,refunded,02/17/2025 15:06,2025-02-22,5.62,2,Sample item 09,Customer 1009,555-0109,Standard,5.00,0.00,0.00,yes,Synthetic demo order
#2415,customer1030@example.com,Paid,2025-02-17 13:00:04 UTC,2025-02-21,54.10,1,Sample item 07,Customer 1030,555-0130,Pickup,5.00,0.00,0.00,no,Synthetic demo order
#2414,customer0900@example.com,PAID,2025-02-17T12:39:11Z,2025-02-21,34.80,2,Sample item 11,Customer 0900,555-0100,Pickup,5.00,0.00,0.00,no,Synthetic demo order
#2413,customer0705@example.com,paid,"Feb 17, 2025",2025-02-20,"52,76",2,Sample item 04,Customer 0705,555-0105,Standard,5.00,0.00,0.00,yes,Synthetic demo order
#2412,Customer1212@example.com,paid,2025-02-17 09:58:50 +0000,2025-02-20,27.71,2,Sample item 05,Customer 1212,555-0112,Standard,5.00,0.00,0.00,yes,Synthetic demo order
#2411,,paid,02/17/2025 08:23,2025-02-21,$151.41,1,Sample item 01,Customer 0716,555-0116,Express,5.00,0.00,0.00,yes,Synthetic demo order
#2410,customer0572@example.com,paid,2025-02-17 01:52:10 -0800,2025-02-19,60.93,1,Sample item 09,Customer 0572,555-0172,Express,5.00,0.00,0.00,yes,Synthetic demo order
#2409,customer0106@example.com,paid,2025-02-17 01:09:29 UTC,2025-02-21,$56.54,2,Sample item 09,Customer 0106,555-0106,Express,5.00,0.00,0.00,yes,Synthetic demo order
#2408,customer0957@example.com,paid,2025-02-16 12:53:44 UTC,2025-02-19,$56.00,2,Sample item 02,Customer 0957,555-0157,Express,5.00,0.00,0.00,no,Synthetic demo order
#2407,customer1012@example.com,Paid,2025-02-16 04:34:44 UTC,2025-02-21,$25.58,2,Sample item 10,Customer 1012,555-0112,Pickup,5.00,0.00,0.00,yes,Synthetic demo order
#2406,customer0886@example.com,paid,2025-02-16T03:03:34Z,2025-02-19,"31,36",1,Sample item 01,Customer 0886,555-0186,Express,5.00,0.00,0.00,yes,Synthetic demo order
#2405,Customer0918@example.com,PAID,"Feb 16, 2025",2025-02-21,11.25,2,Sample item 07,Customer 0918,555-0118,Express,0.00,0.00,0.00,no,Synthetic demo order
#2405,Customer0918@example.com,paid,"Feb 16, 2025",2025-02-21,$29.91,1,Sample item 11,Customer 0918,555-0118,Pickup,5.00,0.00,0.00,yes,Synthetic demo order
#2404,customer0242@example.com,paid,2025-02-15 22:22:05 +0000,2025-02-16,USD 41.74,1,Sample item 05,Customer 0242,555-0142,Standard,5.00,0.00,0.00,no,Synthetic demo order
#2403,customer0066@example.com,paid,2025-02-15 19:54:08 +0000,2025-02-20,USD 92.56,2,Sample item 03,Customer 0066,555-0166,Express,5.00,0.00,0.00,yes,Synthetic demo order
#2402,customer0035@example.com,Paid,2025-02-15T18:59:32Z,2025-02-18,$13.56,2,Sample item 10,Customer 0035,555-0135,Express,5.00,0.00,0.00,yes,Synthetic demo order
#2401,customer0906@example.com,refunded,15 Feb 2025,2025-02-16,$82.90,3,Sample item 11,Customer 0906,555-0106,Express,5.00,0.00,0.00,yes,Synthetic demo order
#2400,customer1100@example.com,paid,2025-02-15 07:05:39 -0800,2025-02-16,36.11,3,Sample item 02,Customer 1100,555-0100,Pickup,5.00,0.00,0.00,yes,Synthetic demo order
#2399,customer0485@example.com,Paid,2025-02-14 20:36:52 +0000,2025-02-16,$16.01,2,Sample item 11,Customer 0485,555-0185,Standard,0.00,0.00,0.00,yes,Synthetic demo order
#2399,customer0485@example.com,paid,2025-02-14 20:36:52 +0000,2025-02-16,4.15,2,Sample item 07,Customer 0485,555-0185,Express,5.00,0.00,0.00,yes,Synthetic demo order
#2398,customer0070@example.com,refunded,2025-02-14 13:40:25 +0200,2025-02-18,"25,34",2,Sample item 01,Customer 0070,555-0170,Standard,5.00,0.00,0.00,yes,Synthetic demo order
#2397,customer0859@example.com,Paid,02/14/2025 06:34,2025-02-19,20.45,3,Sample item 01,Customer 0859,555-0159,Express,5.00,0.00,0.00,yes,Synthetic demo order
#2396,customer1057@example.com,paid,02/13/2025 06:51,2025-02-17,$29.64,3,Sample item 11,Customer 1057,555-0157,Standard,5.00,0.00,0.00,no,Synthetic demo order
#2395,customer0078@example.com,Paid,2025-02-13 04:56:46 UTC,2025-02-17,$40.42,1,Sample item 08,Customer 0078,555-0178,Pickup,5.00,0.00,0.00,yes,Synthetic demo order
#2394,customer0628@example.com,paid,"Feb 12, 2025",2025-02-13,45.70,2,Sample item 10,Customer 0628,555-0128,Standard,5.00,0.00,0.00,yes,Synthetic demo order
#2393,customer0541@example.com,Paid,2025-02-12T13:55:32Z,2025-02-14,36.24,2,Sample item 11,Customer 0541,555-0141,Pickup,5.00,0.00,0.00,no,Synthetic demo order
#2392,customer1190@example.com,Cancelled,2025-02-12 10:35:51 -0500,2025-02-13,$47.78,2,Sample item 10,Customer 1190,555-0190,Pickup,5.00,0.00,0.00,yes,Synthetic demo order
#2391,Customer0111@example.com,paid,2025-02-12T10:17:23Z,2025-02-14,"9,77",1,Sample item 05,Customer 0111,555-0111,Express,0.00,0.00,0.00,yes,Synthetic demo order
#2391,Customer0111@example.com,paid,2025-02-12T10:17:23Z,2025-02-14,34.16,2,Sample item 08,Customer 0111,555-0111,Standard,5.00,0.00,0.00,yes,Synthetic demo order
#2390,customer0227@example.com,PAID,"Feb 12, 2025",2025-02-13,48.30,2,Sample item 11,Customer 0227,555-0127,Standard,5.00,0.00,0.00,no,Synthetic demo order
#2389,Customer0164@example.com,cancelled,2025-02-12T03:04:35Z,2025-02-17,37.67,1,Sample item 02,Customer 0164,555-0164,Express,5.00,0.00,0.00,no,Synthetic demo order
#2388,customer0047@example.com,paid,2025-02-11 20:26:08 UTC,2025-02-13,35.31,1,Sample item 10,Customer 0047,555-0147,Standard,5.00,0.00,0.00,no,Synthetic demo order
#2387,customer0153@example.com,refunded,"Feb 11, 2025",2025-02-16,54.97,3,Sample item 04,Customer 0153,555-0153,Standard,5.00,0.00,0.00,yes,Synthetic demo order
#2386,customer0883@example.com,paid,2025-02-11 18:46:59 UTC,2025-02-16,31.32,2,Sample item 04,Customer 0883,555-0183,Pickup,5.00,0.00,0.00,yes,Synthetic demo order
#2385,customer0968@example.com,refunded,02/11/2025 14:09,2025-02-14,37.04,1,Sample item 04,Customer 0968,555-0168,Express,5.00,0.00,0.00,no,Synthetic demo order
#2384,customer0065@example.com,paid,2025-02-11 13:12:20 UTC,2025-02-12,$23.71,2,Sample item 04,Customer 0065,555-0165,Standard,5.00,0.00,0.00,yes,Synthetic demo order
#2383,customer0016@example.com,paid,02/11/2025 12:46,2025-02-12,51.01,1,Sample item 11,Customer 0016,555-0116,Pickup,5.00,0.00,0.00,no,Synthetic demo order
#2382,customer1292@example.com,Paid,"Feb 11, 2025",2025-02-12,USD 13.82,3,Sample item 04,Customer 1292,555-0192,Standard,5.00,0.00,0.00,yes,Synthetic demo order
#2381,customer0831@example.com,paid,2025-02-11 04:52:01 +0000,2025-02-12,35.39,3,Sample item 01,Customer 0831,555-0131,Express,5.00,0.00,0.00,no,Synthetic demo order
#2380,customer0283@example.com,paid,2025-02-10 20:17:39 +0000,2025-02-15,31.87,1,Sample item 06,Customer 0283,555-0183,Pickup,5.00,0.00,0.00,no,Synthetic demo order
#2379,Customer0380@example.com,paid,2025-02-10 19:58:16 +0000,2025-02-12,24.92,3,Sample item 01,Customer 0380,555-0180,Pickup,5.00,0.00,0.00,yes,Synthetic demo order
#2378,customer0919@example.com,paid,2025-02-10 14:43:54 +0000,2025-02-12,35.96,2,Sample item 08,Customer 0919,555-0119,Express,5.00,0.00,0.00,no,Synthetic demo order
#2377,customer0610@example.com,paid,2025-02-10 13:25:46 UTC,2025-02-12,USD 7.67,2,Sample item 05,Customer 0610,555-0110,Express,0.00,0.00,0.00,no,Synthetic demo order
#2377,customer0610@example.com,paid,2025-02-10 13:25:46 UTC,2025-02-12,15.54,3,Sample item 10,Customer 0610,555-0110,Standard,5.00,0.00,0.00,yes,Synthetic demo order
#2376,customer1125@example.com,paid,2025-02-10 12:05:51 +0000,2025-02-13,14.25,2,Sample item 03,Customer 1125,555-0125,Express,5.00,0.00,0.00,no,Synthetic demo order
#2375,Customer0876@example.com,paid,2025-02-10 02:13:46 UTC,2025-02-12,60.71,3,Sample item 11,Customer 0876,555-0176,Standard,5.00,0.00,0.00,yes,Synthetic demo order
#2374,customer0677@example.com,paid,2025-02-10T00:51:03Z,2025-02-11,$44.37,2,Sample item 05,Customer 0677,555-0177,Standard,5.00,0.00,0.00,yes,Synthetic demo order
#2373,Customer0623@example.com,paid,2025-02-09 16:39:15 UTC,2025-02-11,$66.80,2,Sample item 04,Customer 0623,555-0123,Standard,5.00,0.00,0.00,no,Synthetic demo order
#2372,customer0820@example.com,paid,2025-02-09T04:41:37Z,2025-02-12,51.17,1,Sample item 08,Customer 0820,555-0120,Express,5.00,0.00,0.00,no,Synthetic demo order
#2371,customer1201@example.com,paid,2025-02-08T17:55:50Z,2025-02-11,41.15,1,Sample item 04,Customer 1201,555-0101,Standard,5.00,0.00,0.00,no,Synthetic demo order
#2370,customer0988@example.com,paid,2025-02-08 15:58:23 +0000,2025-02-12,$25.73,3,Sample item 03,Customer 0988,555-0188,Standard,5.00,0.00,0.00,yes,Synthetic demo order
#2369,customer0880@example.com,refunded,08 Feb 2025,2025-02-11,27.45,1,Sample item 01,Customer 0880,555-0180,Standard,5.00,0.00,0.00,yes,Synthetic demo order
#2368,customer1454@example.com,paid,2025-02-08 01:30:24 -0500,2025-02-11,12.58,3,Sample item 08,Customer 1454,555-0154,Standard,0.00,0.00,0.00,no,Synthetic demo order
#2368,customer1454@example.com,paid,2025-02-08 01:30:24 -0500,2025-02-11,USD 4.77,1,Sample item 06,Customer 1454,555-0154,Pickup,5.00,0.00,0.00,yes,Synthetic demo order
#2367,Customer1380@example.com,refunded,"Feb 07, 2025",2025-02-10,36.17,3,Sample item 11,Customer 1380,555-0180,Standard,5.00,0.00,0.00,no,Synthetic demo order
#2366,customer0495@example.com,paid,2025-02-07 12:45:31 +0000,2025-02-12,$14.29,3,Sample item 07,Customer 0495,555-0195,Pickup,5.00,0.00,0.00,no,Synthetic demo order
#2365,customer1049@example.com,Paid,2025-02-07 12:10:55 +0000,2025-02-12,$29.44,1,Sample item 05,Customer 1049,555-0149,Standard,0.00,0.00,0.00,no,Synthetic demo order
#2365,customer1049@example.com,paid,2025-02-07 12:10:55 +0000,2025-02-12,"6,92",2,Sample item 01,Customer 1049,555-0149,Express,5.00,0.00,0.00,yes,Synthetic demo order
#2364,customer1226@example.com,paid,02/07/2025 07:11,2025-02-12,$55.98,3,Sample item 05,Customer 1226,555-0126,Standard,5.00,0.00,0.00,no,Synthetic demo order
#2363,customer0572@example.com,Paid,2025-02-07 02:26:18 +0000,2025-02-09,13.86,3,Sample item 01,Customer 0572,555-0172,Pickup,0.00,0.00,0.00,yes,Synthetic demo order
#2363,customer0572@example.com,paid,2025-02-07 02:26:18 +0000,2025-02-09,17.55,3,Sample item 04,Customer 0572,555-0172,Express,5.00,0.00,0.00,no,Synthetic demo order
#2362,customer1361@example.com,cancelled,2025-02-06T10:17:40Z,2025-02-08,"102,16",1,Sample item 05,Customer 1361,555-0161,Pickup,5.00,0.00,0.00,yes,Synthetic demo order
#2361,customer1342@example.com,paid,2025-02-06 06:42:02 UTC,2025-02-11,37.26,3,Sample item 05,Customer 1342,555-0142,Standard,5.00,0.00,0.00,no,Synthetic demo order
#2360,customer0395@example.com,paid,2025-02-06 06:28:41 +0000,2025-02-11,$42.99,3,Sample item 05,Customer 0395,555-0195,Pickup,5.00,0.00,0.00,yes,Synthetic demo order
#2359,customer1012@example.com,paid,2025-02-05T22:11:57Z,2025-02-10,44.52,1,Sample item 11,Customer 1012,555-0112,Express,5.00,0.00,0.00,yes,Synthetic demo order
#2358,customer0073@example.com,paid,02/05/2025 21:31,2025-02-10,33.91,2,Sample item 03,Customer 0073,555-0173,Standard,5.00,0.00,0.00,no,Synthetic demo order
#2357,customer0699@example.com,Paid,2025-02-05T18:32:57Z,2025-02-10,20.12,3,Sample item 10,Customer 0699,555-0199,Pickup,5.00,0.00,0.00,no,Synthetic demo order
#2356,customer1416@example.com,paid,2025-02-04 11:18:13 -0800,2025-02-08,USD 23.53,1,Sample item 11,Customer 1416,555-0116,Standard,5.00,0.00,0.00,yes,Synthetic demo order
#2355,Customer0514@example.com,paid,02/04/2025 05:11,2025-02-07,35.26,2,Sample item 04,Customer 0514,555-0114,Pickup,5.00,0.00,0.00,yes,Synthetic demo order
#2354,customer1076@example.com,Paid,2025-02-03 23:31:03 +0000,2025-02-06,30.28,1,Sample item 07,Customer 1076,555-0176,Pickup,5.00,0.00,0.00,no,Synthetic demo order
#2353,customer0480@example.com,paid,03 Feb 2025,2025-02-05,USD 32.98,3,Sample item 03,Customer 0480,555-0180,Standard,5.00,0.00,0.00,no,Synthetic demo order
#2352,customer1176@example.com,paid,2025-02-03 19:43:57 +0000,2025-02-07,$25.71,2,Sample item 08,Customer 1176,555-0176,Express,0.00,0.00,0.00,yes,Synthetic demo order
#2352,customer1176@example.com,paid,2025-02-03 19:43:57 +0000,2025-02-07,USD 1.12,1,Sample item 08,Customer 1176,555-0176,Standard,5.00,0.00,0.00,no,Synthetic demo order
#2351,Customer1417@example.com,paid,2025-02-03 03:45:03 +0000,2025-02-07,39.29,3,Sample item 05,Customer 1417,555-0117,Standard,0.00,0.00,0.00,no,Synthetic demo order
#2351,Customer1417@example.com,PAID,2025-02-03 03:45:03 +0000,2025-02-07,6.95,2,Sample item 04,Customer 1417,555-0117,Express,5.00,0.00,0.00,yes,Synthetic demo order
#2350,customer0801@example.com,paid,2025-02-03 01:35:59 +0000,2025-02-07,n/a,3,Sample item 02,Customer 0801,555-0101,Pickup,5.00,0.00,0.00,yes,Synthetic demo order
#2349,customer0893@example.com,paid,2025-02-02 18:18:10 UTC,2025-02-04,40.45,2,Sample item 07,Customer 0893,555-0193,Express,5.00,0.00,0.00,no,Synthetic demo order
#2348,Guest,PAID,2025-02-02T12:11:02Z,2025-02-04,7.76,1,Sample item 03,Customer 0252,555-0152,Express,0.00,0.00,0.00,no,Synthetic demo order
#2348,Guest,paid,2025-02-02T12:11:02Z,2025-02-04,$18.79,2,Sample item 05,Customer 0252,555-0152,Express,5.00,0.00,0.00,yes,Synthetic demo order
#2347,Customer1280@example.com,Pending,02/02/2025 11:22,2025-02-06,$41.59,1,Sample item 05,Customer 1280,555-0180,Express,5.00,0.00,0.00,no,Synthetic demo order
#2346,customer0923@example.com,Paid,"Feb 02, 2025",2025-02-07,6.34,3,Sample item 02,Customer 0923,555-0123,Express,0.00,0.00,0.00,no,Synthetic demo order
#2346,customer0923@example.com,paid,"Feb 02, 2025",2025-02-07,"61,63",2,Sample item 10,Customer 0923,555-0123,Pickup,0.00,0.00,0.00,yes,Synthetic demo order
#2346,customer0923@example.com,paid,"Feb 02, 2025",2025-02-07,$11.23,3,Sample item 05,Customer 0923,555-0123,Express,5.00,0.00,0.00,yes,Synthetic demo order
#2345,customer1058@example.com,paid,2025-02-02 04:55:36 -0800,2025-02-03,USD 24.84,3,Sample item 11,Customer 1058,555-0158,Pickup,5.00,0.00,0.00,no,Synthetic demo order
#2344,customer0231@example.com,partially_refunded,02/02/2025 04:10,2025-02-05,46.16,2,Sample item 09,Customer 0231,555-0131,Standard,5.00,0.00,0.00,yes,Synthetic demo order
#2343,Customer0689@example.com,Paid,02/01/2025 04:01,2025-02-04,$53.22,2,Sample item 03,Customer 0689,555-0189,Standard,5.00,0.00,0.00,yes,Synthetic demo order
#2342,customer1057@example.com,paid,2025-01-31 21:13:36 +0000,2025-02-02,"22,30",1,Sample item 09,Customer 1057,555-0157,Pickup,5.00,0.00,0.00,no,Synthetic demo order
#2341,customer0141@example.com,paid,31 Jan 2025,2025-02-01,38.39,1,Sample item 09,Customer 0141,555-0141,Standard,5.00,0.00,0.00,no,Synthetic demo order
#2340,customer1461@example.com,paid,"Jan 31, 2025",2025-02-02,54.83,2,Sample item 09,Customer 1461,555-0161,Pickup,5.00,0.00,0.00,yes,Synthetic demo order
#2339,customer1027@example.com,paid,2025-01-31T01:01:15Z,2025-02-01,55.11,3,Sample item 06,Customer 1027,555-0127,Standard,5.00,0.00,0.00,no,Synthetic demo order
#2338,customer0035@example.com,paid,30 Jan 2025,2025-01-31,25.05,3,Sample item 02,Customer 0035,555-0135,Standard,5.00,0.00,0.00,no,Synthetic demo order
#2337,customer0354@example.com,PAID,01/30/2025 09:37,2025-02-02,$34.44,1,Sample item 05,Customer 0354,555-0154,Pickup,0.00,0.00,0.00,yes,Synthetic demo order
#2337,customer0354@example.com,PAID,01/30/2025 09:37,2025-02-02,5.89,2,Sample item 11,Customer 0354,555-0154,Pickup,5.00,0.00,0.00,no,Synthetic demo order
#2336,customer0569@example.com,Paid,2025-01-30 05:54:44 +0000,2025-02-04,$0.50,3,Sample item 10,Customer 0569,555-0169,Express,0.00,0.00,0.00,no,Synthetic demo order
#2336,customer0569@example.com,paid,2025-01-30 05:54:44 +0000,2025-02-04,25.00,3,Sample item 04,Customer 0569,555-0169,Pickup,5.00,0.00,0.00,yes,Synthetic demo order
#2335,Customer1167@example.com,paid,2025-01-30T04:21:06Z,2025-01-31,60.23,3,Sample item 08,Customer 1167,555-0167,Express,5.00,0.00,0.00,no,Synthetic demo order
#2334,customer0202@example.com,paid,2025-01-30T04:01:11Z,2025-02-03,$26.43,2,Sample item 01,Customer 0202,555-0102,Pickup,5.00,0.00,0.00,yes,Synthetic demo order
#2333,customer0925@example.com,PAID,01/29/2025 22:30,2025-02-03,51.62,2,Sample item 09,Customer 0925,555-0125,Pickup,5.00,0.00,0.00,yes,Synthetic demo order
#2332,customer1241@example.com,paid,"Jan 29, 2025",2025-01-31,29.46,1,Sample item 01,Customer 1241,555-0141,Standard,5.00,0.00,0.00,yes,Synthetic demo order
#2331,customer1269@example.com,paid,2025-01-29 13:55:50 +0000,2025-02-03,16.64,3,Sample item 09,Customer 1269,555-0169,Standard,0.00,0.00,0.00,yes,Synthetic demo order
#2331,customer1269@example.com,paid,2025-01-29 13:55:50 +0000,2025-02-03,11.52,3,Sample item 11,Customer 1269,555-0169,Standard,5.00,0.00,0.00,yes,Synthetic demo order
#2330,customer1447@example.com,paid,2025-01-29 04:33:39 -0500,2025-02-02,$99.69,1,Sample item 07,Customer 1447,555-0147,Standard,5.00,0.00,0.00,yes,Synthetic demo order
#2329,customer0906@example.com,Paid,28 Jan 2025,2025-01-31,70.07,2,Sample item 04,Customer 0906,555-0106,Express,5.00,0.00,0.00,yes,Synthetic demo order
#2328,customer0960@example.com,paid,"Jan 28, 2025",2025-01-29,46.90,3,Sample item 06,Customer 0960,555-0160,Express,5.00,0.00,0.00,yes,Synthetic demo order
#2327,customer1332@example.com,paid,"Jan 28, 2025",2025-02-02,$52.13,1,Sample item 09,Customer 1332,555-0132,Express,5.00,0.00,0.00,no,Synthetic demo order
#2326,customer0817@example.com,paid,2025-01-28 19:15:57 +0000,2025-02-01,19.67,2,Sample item 03,Customer 0817,555-0117,Pickup,5.00,0.00,0.00,no,Synthetic demo order
#2325,customer0302@example.com,paid,01/28/2025 14:25,2025-01-30,$43.86,3,Sample item 02,Customer 0302,555-0102,Pickup,5.00,0.00,0.00,yes,Synthetic demo order
#2324,customer0037@example.com,Refunded,2025-01-28 04:52:00 UTC,2025-01-30,USD 39.35,3,Sample item 01,Customer 0037,555-0137,Standard,5.00,0.00,0.00,no,Synthetic demo order
#2323,customer0008@example.com,paid,2025-01-27 16:44:54 +0000,2025-01-28,"45,92",3,Sample item 09,Customer 0008,555-0108,Standard,5.00,0.00,0.00,no,Synthetic demo order
#2322,customer0323@example.com,paid,"Jan 27, 2025",2025-01-29,11.11,1,Sample item 08,Customer 0323,555-0123,Pickup,0.00,0.00,0.00,yes,Synthetic demo order
#2322,customer0323@example.com,paid,"Jan 27, 2025",2025-01-29,$25.89,1,Sample item 07,Customer 0323,555-0123,Express,5.00,0.00,0.00,yes,Synthetic demo order
#2321,customer0061@example.com,Paid,2025-01-27 14:06:31 UTC,2025-01-29,47.95,3,Sample item 11,Customer 0061,555-0161,Express,5.00,0.00,0.00,yes,Synthetic demo order
#2320,customer1382@example.com,paid,2025-01-27 08:28:40 +0000,2025-01-30,35.66,3,Sample item 02,Customer 1382,555-0182,Express,5.00,0.00,0.00,no,Synthetic demo order
#2319,Customer0900@example.com,paid,2025-01-27 07:38:10 +0000,2025-01-31,23.62,3,Sample item 04,Customer 0900,555-0100,Pickup,0.00,0.00,0.00,no,Synthetic demo order
#2319,Customer0900@example.com,Paid,2025-01-27 07:38:10 +0000,2025-01-31,34.71,3,Sample item 07,Customer 0900,555-0100,Pickup,5.00,0.00,0.00,yes,Synthetic demo order
#2318,Customer1396@example.com,refunded,01/27/2025 07:04,2025-01-30,36.79,1,Sample item 04,Customer 1396,555-0196,Pickup,5.00,0.00,0.00,yes,Synthetic demo order
#2317,,paid,01/27/2025 05:20,2025-01-29,USD 33.37,1,Sample item 06,Customer 1329,555-0129,Express,5.00,0.00,0.00,no,Synthetic demo order
#2316,Customer0957@example.com,paid,2025-01-27 04:59:20 +0000,2025-01-28,55.29,3,Sample item 11,Customer 0957,555-0157,Pickup,5.00,0.00,0.00,yes,Synthetic demo order
#2315,customer0855@example.com,paid,01/27/2025 02:23,2025-01-29,USD 23.52,2,Sample item 04,Customer 0855,555-0155,Pickup,5.00,0.00,0.00,no,Synthetic demo order
#2314,customer1154@example.com,Paid,01/26/2025 05:26,2025-01-31,7.46,2,Sample item 04,Customer 1154,555-0154,Express,0.00,0.00,0.00,no,Synthetic demo order
#2314,customer1154@example.com,Paid,01/26/2025 05:26,2025-01-31,USD 19.00,1,Sample item 09,Customer 1154,555-0154,Standard,5.00,0.00,0.00,no,Synthetic demo order
#2313,customer0659@example.com,Voided,2025-01-25 18:23:16 +0200,2025-01-26,48.48,1,Sample item 06,Customer 0659,555-0159,Express,5.00,0.00,0.00,no,Synthetic demo order
#2312,customer0263@example.com,paid,2025-01-25 14:21:41 +0000,2025-01-29,29.02,2,Sample item 01,Customer 0263,555-0163,Standard,5.00,0.00,0.00,no,Synthetic demo order
#2311,customer1347@example.com,paid,2025-01-25 10:28:48 +0000,2025-01-27,21.39,2,Sample item 01,Customer 1347,555-0147,Express,5.00,0.00,0.00,no,Synthetic demo order
#2310,customer0552@example.com,Paid,2025-01-25 09:00:46 +0000,2025-01-29,$41.92,2,Sample item 04,Customer 0552,555-0152,Pickup,5.00,0.00,0.00,no,Synthetic demo order
#2309,customer0327@example.com,paid,2025-01-25 05:03:44 UTC,2025-01-26,54.61,1,Sample item 04,Customer 0327,555-0127,Standard,5.00,0.00,0.00,no,Synthetic demo order
#2308,customer0581@example.com,Paid,01/24/2025 18:21,2025-01-28,34.47,2,Sample item 10,Customer 0581,555-0181,Standard,5.00,0.00,0.00,yes,Synthetic demo order
#2307,customer0316@example.com,paid,2025-01-24 18:13:04 UTC,2025-01-28,$39.70,3,Sample item 07,Customer 0316,555-0116,Standard,5.00,0.00,0.00,yes,Synthetic demo order
#2306,customer0744@example.com,paid,2025-01-24 17:18:03 -0500,2025-01-26,$68.50,2,Sample item 03,Customer 0744,555-0144,Pickup,5.00,0.00,0.00,yes,Synthetic demo order
#2305,customer1001@example.com,paid,2025-01-24T14:00:57Z,2025-01-25,12.97,2,Sample item 02,Customer 1001,555-0101,Standard,0.00,0.00,0.00,no,Synthetic demo order
#2305,customer1001@example.com,paid,2025-01-24T14:00:57Z,2025-01-25,3.55,2,Sample item 06,Customer 1001,555-0101,Standard,5.00,0.00,0.00,yes,Synthetic demo order
#2304,customer0978@example.com,paid,2025-01-24 13:00:55 UTC,2025-01-28,36.57,2,Sample item 06,Customer 0978,555-0178,Express,5.00,0.00,0.00,no,Synthetic demo order
#2303,customer1009@example.com,Paid,"Jan 24, 2025",2025-01-29,24.96,1,Sample item 09,Customer 1009,555-0109,Pickup,5.00,0.00,0.00,yes,Synthetic demo order
#2302,customer0243@example.com,paid,2025-01-24 12:27:14 +0000,2025-01-25,41.13,3,Sample item 09,Customer 0243,555-0143,Standard,0.00,0.00,0.00,no,Synthetic demo order
#2302,customer0243@example.com,paid,2025-01-24 12:27:14 +0000,2025-01-25,4.49,2,Sample item 08,Customer 0243,555-0143,Express,5.00,0.00,0.00,no,Synthetic demo order
#2301,customer0950@example.com,paid,2025-01-24 09:02:52 +0000,2025-01-29,26.43,1,Sample item 04,Customer 0950,555-0150,Pickup,5.00,0.00,0.00,yes,Synthetic demo order
#2300,customer1023@example.com,PAID,"Jan 24, 2025",2025-01-27,USD 24.83,2,Sample item 08,Customer 1023,555-0123,Pickup,5.00,0.00,0.00,no,Synthetic demo order
#2299,customer0035@example.com,paid,2025-01-23 20:04:25 +0000,2025-01-26,USD 21.21,1,Sample item 01,Customer 0035,555-0135,Express,5.00,0.00,0.00,yes,Synthetic demo order
#2298,customer0695@example.com,paid,01/23/2025 15:23,2025-01-27,84.50,1,Sample item 02,Customer 0695,555-0195,Express,0.00,0.00,0.00,yes,Synthetic demo order
#2298,customer0695@example.com,paid,01/23/2025 15:23,2025-01-27,16.31,2,Sample item 03,Customer 0695,555-0195,Express,5.00,0.00,0.00,yes,Synthetic demo order
#2297,customer0959@example.com,paid,2025-01-23 05:09:57 +0000,2025-01-25,48.14,2,Sample item 07,Customer 0959,555-0159,Pickup,5.00,0.00,0.00,yes,Synthetic demo order
#2296,customer0787@example.com,Paid,2025-01-22T15:35:55Z,2025-01-27,USD 38.45,3,Sample item 08,Customer 0787,555-0187,Pickup,5.00,0.00,0.00,yes,Synthetic demo order
#2295,Customer1126@example.com,PAID,2025-01-22 12:58:01 +0000,2025-01-25,43.93,1,Sample item 09,Customer 1126,555-0126,Standard,5.00,0.00,0.00,yes,Synthetic demo order
#2294,Customer0025@example.com,paid,2025-01-22T09:16:41Z,2025-01-26,61.77,2,Sample item 01,Customer 0025,555-0125,Express,0.00,0.00,0.00,yes,Synthetic demo order
#2294,Customer0025@example.com,Paid,2025-01-22T09:16:41Z,2025-01-26,$13.97,1,Sample item 04,Customer 0025,555-0125,Express,5.00,0.00,0.00,yes,Synthetic demo order
#2293,customer0935@example.com,pending,2025-01-21T00:05:04Z,2025-01-26,$32.93,3,Sample item 04,Customer 0935,555-0135,Express,5.00,0.00,0.00,no,Synthetic demo order
#2292,Customer1422@example.com,paid,2025-01-20 21:48:52 +0000,2025-01-21,$22.76,3,Sample item 05,Customer 1422,555-0122,Standard,5.00,0.00,0.00,yes,Synthetic demo order
#2291,customer0838@example.com,paid,2025-01-20T18:13:45Z,2025-01-23,USD 21.51,2,Sample item 11,Customer 0838,555-0138,Pickup,5.00,0.00,0.00,yes,Synthetic demo order
#2290,Customer1258@example.com,paid,2025-01-20 14:30:09 +0000,2025-01-21,74.96,1,Sample item 10,Customer 1258,555-0158,Standard,5.00,0.00,0.00,no,Synthetic demo order
#2289,customer0034@example.com,paid,2025-01-19 15:04:19 +0000,2025-01-23,19.19,3,Sample item 02,Customer 0034,555-0134,Standard,0.00,0.00,0.00,no,Synthetic demo order
#2289,customer0034@example.com,paid,2025-01-19 15:04:19 +0000,2025-01-23,$34.02,3,Sample item 03,Customer 0034,555-0134,Standard,5.00,0.00,0.00,yes,Synthetic demo order
#2288,customer0536@example.com,paid,01/19/2025 00:43,2025-01-20,17.32,2,Sample item 04,Customer 0536,555-0136,Standard,0.00,0.00,0.00,no,Synthetic demo order
#2288,customer0536@example.com,paid,01/19/2025 00:43,2025-01-20,"46,28",3,Sample item 02,Customer 0536,555-0136,Pickup,5.00,0.00,0.00,no,Synthetic demo order
#2287,customer1385@example.com,paid,2025-01-18 09:34:22 +0000,2025-01-19,$40.79,2,Sample item 08,Customer 1385,555-0185,Pickup,5.00,0.00,0.00,no,Synthetic demo order
#2286,customer0288@example.com,cancelled,"Jan 18, 2025",2025-01-21,$27.77,2,Sample item 05,Customer 0288,555-0188,Standard,5.00,0.00,0.00,yes,Synthetic demo order
#2285,customer1215@example.com,paid,2025-01-17 23:49:38 +0000,2025-01-18,22.95,1,Sample item 06,Customer 1215,555-0115,Express,5.00,0.00,0.00,no,Synthetic demo order
#2284,customer0899@example.com,paid,2025-01-17T22:11:56Z,2025-01-20,"58,96",3,Sample item 05,Customer 0899,555-0199,Pickup,5.00,0.00,0.00,yes,Synthetic demo order
#2283,Guest,paid,17 Jan 2025,2025-01-19,$30.98,3,Sample item 08,Customer 1365,555-0165,Pickup,5.00,0.00,0.00,no,Synthetic demo order
#2282,customer0355@example.com,paid,2025-01-17 10:35:21 -0500,2025-01-21,$23.42,1,Sample item 06,Customer 0355,555-0155,Standard,5.00,0.00,0.00,no,Synthetic demo order
#2281,customer1034@example.com,voided,2025-01-17T09:11:28Z,2025-01-22,$0.00,2,Sample item 01,Customer 1034,555-0134,Pickup,5.00,0.00,0.00,no,Synthetic demo order
#2280,customer0729@example.com,paid,01/17/2025 00:50,2025-01-19,USD 96.79,2,Sample item 01,Customer 0729,555-0129,Express,5.00,0.00,0.00,no,Synthetic demo order
#2279,customer0147@example.com,paid,2025-01-16 20:04:43 +0000,2025-01-19,19.53,2,Sample item 02,Customer 0147,555-0147,Express,5.00,0.00,0.00,no,Synthetic demo order
#2278,customer1100@example.com,paid,2025-01-16 17:28:25 UTC,2025-01-19,$43.52,1,Sample item 05,Customer 1100,555-0100,Pickup,5.00,0.00,0.00,no,Synthetic demo order
#2277,customer0734@example.com,paid,2025-01-16 15:48:37 +0000,2025-01-17,48.32,2,Sample item 09,Customer 0734,555-0134,Express,5.00,0.00,0.00,yes,Synthetic demo order
#2276,customer1356@example.com,paid,2025-01-15 23:09:40 +0000,2025-01-20,"54,02",1,Sample item 10,Customer 1356,555-0156,Pickup,5.00,0.00,0.00,yes,Synthetic demo order
#2275,customer1474@example.com,paid,2025-01-15 20:24:47 +0000,2025-01-18,84.36,1,Sample item 07,Customer 1474,555-0174,Pickup,5.00,0.00,0.00,no,Synthetic demo order
#2274,Customer0514@example.com,Paid,2025-01-15 18:12:18 UTC,2025-01-19,17.92,2,Sample item 04,Customer 0514,555-0114,Pickup,0.00,0.00,0.00,yes,Synthetic demo order
#2274,Customer0514@example.com,paid,2025-01-15 18:12:18 UTC,2025-01-19,6.52,2,Sample item 04,Customer 0514,555-0114,Express,5.00,0.00,0.00,no,Synthetic demo order
#2273,customer0283@example.com,Paid,2025-01-15 15:18:41 +0000,2025-01-17,30.79,2,Sample item 03,Customer 0283,555-0183,Pickup,5.00,0.00,0.00,no,Synthetic demo order
#2272,customer0842@example.com,paid,01/15/2025 13:25,2025-01-16,$46.38,1,Sample item 11,Customer 0842,555-0142,Standard,5.00,0.00,0.00,yes,Synthetic demo order
#2271,customer0504@example.com,paid,2025-01-15 00:24:55 UTC,2025-01-19,37.42,3,Sample item 05,Customer 0504,555-0104,Standard,5.00,0.00,0.00,no,Synthetic demo order
#2270,customer0174@example.com,paid,14 Jan 2025,2025-01-19,"48,17",1,Sample item 06,Customer 0174,555-0174,Pickup,5.00,0.00,0.00,yes,Synthetic demo order
#2269,customer0708@example.com,paid,2025-01-14 19:50:29 +0000,2025-01-19,$54.60,3,Sample item 09,Customer 0708,555-0108,Standard,5.00,0.00,0.00,no,Synthetic demo order
#2268,customer0182@example.com,refunded,2025-01-14T17:55:16Z,2025-01-15,54.91,2,Sample item 01,Customer 0182,555-0182,Pickup,5.00,0.00,0.00,yes,Synthetic demo order
#2267,customer0316@example.com,paid,"Jan 14, 2025",2025-01-17,$31.32,2,Sample item 01,Customer 0316,555-0116,Express,5.00,0.00,0.00,yes,Synthetic demo order
#2266,Customer0957@example.com,paid,2025-01-13 17:37:10 +0000,2025-01-18,84.24,1,Sample item 09,Customer 0957,555-0157,Express,5.00,0.00,0.00,yes,Synthetic demo order
#2265,customer1012@example.com,paid,2025-01-13 14:59:38 +0000,2025-01-16,50.07,1,Sample item 08,Customer 1012,555-0112,Express,5.00,0.00,0.00,yes,Synthetic demo order
#2264,customer0859@example.com,refunded,2025-01-13T10:32:25Z,2025-01-17,USD 35.40,3,Sample item 02,Customer 0859,555-0159,Standard,5.00,0.00,0.00,yes,Synthetic demo order
#2263,customer1252@example.com,paid,13 Jan 2025,2025-01-15,$26.72,3,Sample item 03,Customer 1252,555-0152,Pickup,5.00,0.00,0.00,yes,Synthetic demo order
#2262,Customer0070@example.com,paid,2025-01-12 23:13:08 UTC,2025-01-13,30.80,1,Sample item 10,Customer 0070,555-0170,Standard,5.00,0.00,0.00,no,Synthetic demo order
#2261,customer1437@example.com,Paid,2025-01-12 22:44:23 UTC,2025-01-14,22.55,1,Sample item 04,Customer 1437,555-0137,Pickup,5.00,0.00,0.00,yes,Synthetic demo order
#2260,customer1131@example.com,paid,2025-01-12 22:19:21 +0000,2025-01-16,43.95,2,Sample item 09,Customer 1131,555-0131,Express,5.00,0.00,0.00,yes,Synthetic demo order
#2259,customer0729@example.com,PAID,12 Jan 2025,2025-01-15,121.82,3,Sample item 07,Customer 0729,555-0129,Express,5.00,0.00,0.00,no,Synthetic demo order
#2258,customer1454@example.com,paid,01/12/2025 01:15,2025-01-16,26.45,3,Sample item 09,Customer 1454,555-0154,Pickup,5.00,0.00,0.00,no,Synthetic demo order
#2257,customer0839@example.com,Voided,11 Jan 2025,2025-01-13,36.49,3,Sample item 06,Customer 0839,555-0139,Pickup,5.00,0.00,0.00,no,Synthetic demo order
#2256,customer0171@example.com,paid,2025-01-11 22:31:52 +0000,2025-01-16,31.50,3,Sample item 01,Customer 0171,555-0171,Standard,5.00,0.00,0.00,yes,Synthetic demo order
#2255,Customer0493@example.com,paid,"Jan 11, 2025",2025-01-15,28.96,2,Sample item 11,Customer 0493,555-0193,Pickup,5.00,0.00,0.00,no,Synthetic demo order
#2254,customer0503@example.com,paid,2025-01-11 15:42:36 +0000,2025-01-12,$50.56,2,Sample item 05,Customer 0503,555-0103,Standard,5.00,0.00,0.00,yes,Synthetic demo order
#2253,customer0647@example.com,paid,2025-01-11 14:26:52 +0000,2025-01-14,$35.81,2,Sample item 11,Customer 0647,555-0147,Pickup,5.00,0.00,0.00,no,Synthetic demo order
#2252,customer0893@example.com,Paid,2025-01-11 03:21:19 +0000,2025-01-12,"37,50",1,Sample item 03,Customer 0893,555-0193,Standard,5.00,0.00,0.00,no,Synthetic demo order
#2251,customer0303@example.com,paid,2025-01-10T06:34:45Z,2025-01-11,"26,31",1,Sample item 05,Customer 0303,555-0103,Pickup,0.00,0.00,0.00,no,Synthetic demo order
#2251,customer0303@example.com,paid,2025-01-10T06:34:45Z,2025-01-11,19.70,3,Sample item 01,Customer 0303,555-0103,Pickup,5.00,0.00,0.00,yes,Synthetic demo order
#2250,customer1498@example.com,paid,2025-01-10 01:26:40 +0000,2025-01-15,48.17,1,Sample item 10,Customer 1498,555-0198,Express,5.00,0.00,0.00,no,Synthetic demo order
#2249,customer0916@example.com,pending,2025-01-10 00:53:41 +0000,2025-01-14,$35.49,3,Sample item 08,Customer 0916,555-0116,Pickup,5.00,0.00,0.00,no,Synthetic demo order
#2248,customer0756@example.com,Paid,2025-01-09 18:14:14 UTC,2025-01-11,65.76,1,Sample item 10,Customer 0756,555-0156,Express,5.00,0.00,0.00,no,Synthetic demo order
#2247,customer0720@example.com,paid,2025-01-09 15:19:52 -0800,2025-01-11,$63.93,2,Sample item 10,Customer 0720,555-0120,Standard,5.00,0.00,0.00,no,Synthetic demo order
#2246,customer0499@example.com,paid,2025-01-09 10:47:19 +0000,2025-01-12,51.18,2,Sample item 04,Customer 0499,555-0199,Express,5.00,0.00,0.00,no,Synthetic demo order
#2245,customer0137@example.com,PAID,2025-01-08T19:26:50Z,2025-01-10,USD 28.28,2,Sample item 03,Customer 0137,555-0137,Pickup,5.00,0.00,0.00,no,Synthetic demo order
#2244,customer1241@example.com,paid,2025-01-08 03:32:04 +0000,2025-01-11,$29.91,3,Sample item 10,Customer 1241,555-0141,Standard,5.00,0.00,0.00,yes,Synthetic demo order
#2243,customer1145@example.com,partially_refunded,2025-01-07 17:54:07 +0000,2025-01-12,$61.82,1,Sample item 07,Customer 1145,555-0145,Express,5.00,0.00,0.00,no,Synthetic demo order
#2242,customer0918@example.com,paid,2025-01-07 17:27:55 UTC,2025-01-09,18.50,3,Sample item 02,Customer 0918,555-0118,Standard,0.00,0.00,0.00,no,Synthetic demo order
#2242,customer0918@example.com,paid,2025-01-07 17:27:55 UTC,2025-01-09,12.39,2,Sample item 06,Customer 0918,555-0118,Standard,5.00,0.00,0.00,yes,Synthetic demo order
#2241,customer0733@example.com,pending,01/07/2025 10:04,2025-01-10,15.68,3,Sample item 05,Customer 0733,555-0133,Express,5.00,0.00,0.00,yes,Synthetic demo order
#2240,customer1045@example.com,paid,2025-01-07 09:11:36 UTC,2025-01-10,$60.07,3,Sample item 06,Customer 1045,555-0145,Standard,5.00,0.00,0.00,no,Synthetic demo order
#2239,customer0040@example.com,Paid,2025-01-07T04:46:19Z,2025-01-11,$64.47,2,Sample item 09,Customer 0040,555-0140,Express,5.00,0.00,0.00,yes,Synthetic demo order
#2238,Customer0469@example.com,PAID,2025-01-06 20:47:55 +0000,2025-01-07,32.30,2,Sample item 01,Customer 0469,555-0169,Standard,5.00,0.00,0.00,yes,Synthetic demo order
#2237,customer1475@example.com,Paid,06 Jan 2025,2025-01-10,9.05,3,Sample item 06,Customer 1475,555-0175,Pickup,0.00,0.00,0.00,yes,Synthetic demo order
#2237,customer1475@example.com,paid,06 Jan 2025,2025-01-10,6.94,1,Sample item 01,Customer 1475,555-0175,Standard,5.00,0.00,0.00,yes,Synthetic demo order
#2236,customer1032@example.com,paid,2025-01-06 06:27:09 +0000,2025-01-11,$35.98,1,Sample item 03,Customer 1032,555-0132,Pickup,5.00,0.00,0.00,no,Synthetic demo order
#2235,Customer0744@example.com,paid,2025-01-06T05:47:51Z,2025-01-07,18.13,3,Sample item 08,Customer 0744,555-0144,Pickup,0.00,0.00,0.00,no,Synthetic demo order
#2235,Customer0744@example.com,paid,2025-01-06T05:47:51Z,2025-01-07,$67.90,1,Sample item 10,Customer 0744,555-0144,Standard,5.00,0.00,0.00,no,Synthetic demo order
#2234,Customer1400@example.com,paid,2025-01-06 05:29:24 +0000,2025-01-09,24.92,3,Sample item 09,Customer 1400,555-0100,Standard,5.00,0.00,0.00,yes,Synthetic demo order
#2233,customer0111@example.com,Paid,2025-01-06 04:21:18 +0000,2025-01-07,USD 26.14,2,Sample item 03,Customer 0111,555-0111,Express,5.00,0.00,0.00,yes,Synthetic demo order
#2232,customer0883@example.com,paid,2025-01-06 04:09:40 +0000,2025-01-11,29.10,1,Sample item 11,Customer 0883,555-0183,Express,5.00,0.00,0.00,yes,Synthetic demo order
#2231,customer0242@example.com,Paid,2025-01-05 15:17:53 +0000,2025-01-06,5.36,2,Sample item 09,Customer 0242,555-0142,Standard,0.00,0.00,0.00,yes,Synthetic demo order
#2231,customer0242@example.com,paid,2025-01-05 15:17:53 +0000,2025-01-06,41.00,1,Sample item 08,Customer 0242,555-0142,Express,5.00,0.00,0.00,yes,Synthetic demo order
#2230,customer0808@example.com,paid,01/05/2025 12:27,2025-01-08,$46.92,1,Sample item 11,Customer 0808,555-0108,Pickup,5.00,0.00,0.00,no,Synthetic demo order
#2229,customer1111@example.com,paid,2025-01-05 03:59:04 +0000,2025-01-07,USD 43.70,2,Sample item 10,Customer 1111,555-0111,Pickup,5.00,0.00,0.00,no,Synthetic demo order
#2228,,paid,2025-01-04 18:44:57 +0000,2025-01-09,$62.56,1,Sample item 03,Customer 0262,555-0162,Express,5.00,0.00,0.00,yes,Synthetic demo order
#2227,customer0209@example.com,paid,2025-01-04 05:38:46 +0000,2025-01-09,38.04,1,Sample item 10,Customer 0209,555-0109,Standard,5.00,0.00,0.00,no,Synthetic demo order
#2226,customer0575@example.com,paid,2025-01-03 16:27:54 +0000,2025-01-07,15.80,2,Sample item 10,Customer 0575,555-0175,Express,5.00,0.00,0.00,no,Synthetic demo order
#2225,customer0437@example.com,paid,2025-01-03 15:48:12 +0000,2025-01-07,4.44,3,Sample item 09,Customer 0437,555-0137,Standard,0.00,0.00,0.00,yes,Synthetic demo order
#2225,customer0437@example.com,paid,2025-01-03 15:48:12 +0000,2025-01-07,34.39,2,Sample item 06,Customer 0437,555-0137,Pickup,5.00,0.00,0.00,no,Synthetic demo order
#2224,customer1174@example.com,Paid,2025-01-03 09:36:44 UTC,2025-01-08,33.70,2,Sample item 10,Customer 1174,555-0174,Express,5.00,0.00,0.00,yes,Synthetic demo order
#2223,Customer0277@example.com,Paid,01/03/2025 05:54,2025-01-08,"30,84",1,Sample item 01,Customer 0277,555-0177,Pickup,5.00,0.00,0.00,no,Synthetic demo order
#2222,customer0008@example.com,paid,2025-01-03 04:49:31 -0500,2025-01-06,31.68,2,Sample item 04,Customer 0008,555-0108,Pickup,5.00,0.00,0.00,no,Synthetic demo order
#2221,customer0785@example.com,paid,"Jan 03, 2025",2025-01-06,11.64,3,Sample item 06,Customer 0785,555-0185,Express,0.00,0.00,0.00,yes,Synthetic demo order
#2221,customer0785@example.com,Paid,"Jan 03, 2025",2025-01-06,30.53,2,Sample item 02,Customer 0785,555-0185,Pickup,5.00,0.00,0.00,no,Synthetic demo order
#2220,customer0591@example.com,paid,2025-01-02 07:43:58 +0000,2025-01-07,50.85,3,Sample item 07,Customer 0591,555-0191,Standard,5.00,0.00,0.00,no,Synthetic demo order
#2219,customer1003@example.com,Paid,2025-01-02 05:05:18 +0000,2025-01-04,10.46,3,Sample item 02,Customer 1003,555-0103,Express,0.00,0.00,0.00,no,Synthetic demo order
#2219,customer1003@example.com,PAID,2025-01-02 05:05:18 +0000,2025-01-04,36.87,3,Sample item 06,Customer 1003,555-0103,Express,5.00,0.00,0.00,yes,Synthetic demo order
#2218,customer0480@example.com,paid,2025-01-02T05:03:27Z,2025-01-03,47.54,3,Sample item 10,Customer 0480,555-0180,Express,5.00,0.00,0.00,no,Synthetic demo order
#2217,customer0503@example.com,voided,2025-01-02T04:50:12Z,2025-01-04,35.89,1,Sample item 04,Customer 0503,555-0103,Standard,0.00,0.00,0.00,yes,Synthetic demo order
#2217,customer0503@example.com,voided,2025-01-02T04:50:12Z,2025-01-04,47.67,1,Sample item 04,Customer 0503,555-0103,Standard,5.00,0.00,0.00,yes,Synthetic demo order
#2216,Customer0925@example.com,paid,2025-01-01 14:20:01 UTC,2025-01-06,$48.14,1,Sample item 02,Customer 0925,555-0125,Standard,5.00,0.00,0.00,yes,Synthetic demo order
#2215,customer0568@example.com,paid,2025-01-01 05:28:56 UTC,2025-01-06,31.29,3,Sample item 03,Customer 0568,555-0168,Standard,5.00,0.00,0.00,no,Synthetic demo order
#2214,customer0176@example.com,paid,31 Dec 2024,2025-01-01,28.96,1,Sample item 02,Customer 0176,555-0176,Pickup,5.00,0.00,0.00,no,Synthetic demo order
#2213,customer0202@example.com,paid,2024-12-31 18:27:56 +0000,2025-01-01,20.14,2,Sample item 10,Customer 0202,555-0102,Express,0.00,0.00,0.00,no,Synthetic demo order
#2213,customer0202@example.com,paid,2024-12-31 18:27:56 +0000,2025-01-01,0.60,3,Sample item 09,Customer 0202,555-0102,Standard,5.00,0.00,0.00,no,Synthetic demo order
#2212,customer1049@example.com,paid,31 Dec 2024,2025-01-02,57.76,3,Sample item 09,Customer 1049,555-0149,Express,5.00,0.00,0.00,yes,Synthetic demo order
#2211,Customer0089@example.com,paid,2024-12-31 11:13:10 +0000,2025-01-01,USD 58.32,3,Sample item 02,Customer 0089,555-0189,Pickup,5.00,0.00,0.00,yes,Synthetic demo order
#2210,customer0983@example.com,paid,12/31/2024 03:25,2025-01-05,USD 35.71,3,Sample item 02,Customer 0983,555-0183,Express,5.00,0.00,0.00,yes,Synthetic demo order
#2209,Customer1126@example.com,paid,12/31/2024 01:06,2025-01-05,$67.90,2,Sample item 06,Customer 1126,555-0126,Standard,5.00,0.00,0.00,yes,Synthetic demo order
#2208,customer0580@example.com,paid,"Dec 30, 2024",2025-01-01,USD 63.37,1,Sample item 08,Customer 0580,555-0180,Standard,5.00,0.00,0.00,no,Synthetic demo order
#2207,customer1242@example.com,paid,2024-12-30 11:45:23 +0000,2024-12-31,$11.75,2,Sample item 03,Customer 1242,555-0142,Express,0.00,0.00,0.00,yes,Synthetic demo order
#2207,customer1242@example.com,Paid,2024-12-30 11:45:23 +0000,2024-12-31,$47.17,2,Sample item 05,Customer 1242,555-0142,Standard,5.00,0.00,0.00,no,Synthetic demo order
#2206,Customer1268@example.com,Partially_Refunded,12/30/2024 01:04,2025-01-02,29.77,1,Sample item 10,Customer 1268,555-0168,Pickup,5.00,0.00,0.00,yes,Synthetic demo order
#2205,customer0677@example.com,paid,2024-12-29T18:27:42Z,2024-12-31,30.56,1,Sample item 05,Customer 0677,555-0177,Express,5.00,0.00,0.00,no,Synthetic demo order
#2204,,Refunded,12/29/2024 17:16,2025-01-01,74.49,2,Sample item 07,Customer 1080,555-0180,Standard,5.00,0.00,0.00,yes,Synthetic demo order
#2203,customer0750@example.com,paid,2024-12-29 16:09:12 UTC,2024-12-31,21.48,1,Sample item 07,Customer 0750,555-0150,Pickup,5.00,0.00,0.00,yes,Synthetic demo order
#2202,Customer1320@example.com,Paid,2024-12-29T15:49:17Z,2025-01-02,$55.90,2,Sample item 01,Customer 1320,555-0120,Express,5.00,0.00,0.00,yes,Synthetic demo order
#2201,customer1331@example.com,paid,"Dec 29, 2024",2024-12-30,32.13,1,Sample item 02,Customer 1331,555-0131,Standard,5.00,0.00,0.00,no,Synthetic demo order
#2200,customer1473@example.com,paid,12/29/2024 03:16,2025-01-01,$0.00,3,Sample item 09,Customer 1473,555-0173,Pickup,5.00,0.00,0.00,yes,Synthetic demo order
#2199,customer0935@example.com,paid,2024-12-29 02:53:38 +0000,2025-01-01,32.74,2,Sample item 05,Customer 0935,555-0135,Pickup,5.00,0.00,0.00,yes,Synthetic demo order
#2198,Customer0906@example.com,refunded,2024-12-28T17:09:57Z,2025-01-02,88.25,2,Sample item 11,Customer 0906,555-0106,Pickup,5.00,0.00,0.00,yes,Synthetic demo order
#2197,customer1057@example.com,Paid,12/28/2024 09:46,2024-12-31,18.29,2,Sample item 04,Customer 1057,555-0157,Pickup,5.00,0.00,0.00,no,Synthetic demo order
#2196,customer0047@example.com,Paid,2024-12-28 06:05:51 +0200,2024-12-29,27.16,3,Sample item 11,Customer 0047,555-0147,Standard,5.00,0.00,0.00,yes,Synthetic demo order
#2195,customer0846@example.com,paid,2024-12-28 05:18:17 +0000,2024-12-31,$65.70,1,Sample item 02,Customer 0846,555-0146,Express,5.00,0.00,0.00,no,Synthetic demo order
#2194,customer0508@example.com,paid,2024-12-28 01:23:43 +0000,2025-01-01,73.18,2,Sample item 04,Customer 0508,555-0108,Standard,5.00,0.00,0.00,yes,Synthetic demo order
#2193,Customer0125@example.com,paid,2024-12-27 21:21:16 +0000,2025-01-01,$32.68,3,Sample item 05,Customer 0125,555-0125,Express,0.00,0.00,0.00,no,Synthetic demo order
#2193,Customer0125@example.com,paid,2024-12-27 21:21:16 +0000,2025-01-01,34.36,3,Sample item 08,Customer 0125,555-0125,Pickup,5.00,0.00,0.00,no,Synthetic demo order
#2192,customer1269@example.com,paid,12/27/2024 12:06,2024-12-28,32.60,1,Sample item 09,Customer 1269,555-0169,Standard,5.00,0.00,0.00,no,Synthetic demo order
#2191,customer0559@example.com,paid,2024-12-27 11:13:25 +0000,2024-12-31,USD 45.04,3,Sample item 06,Customer 0559,555-0159,Standard,5.00,0.00,0.00,no,Synthetic demo order
#2190,customer0061@example.com,paid,"Dec 27, 2024",2025-01-01,43.43,2,Sample item 07,Customer 0061,555-0161,Pickup,5.00,0.00,0.00,yes,Synthetic demo order
#2189,,paid,27 Dec 2024,2024-12-31,30.42,3,Sample item 04,Customer 0358,555-0158,Express,0.00,0.00,0.00,no,Synthetic demo order
#2189,,Paid,27 Dec 2024,2024-12-31,USD 3.88,3,Sample item 11,Customer 0358,555-0158,Standard,5.00,0.00,0.00,no,Synthetic demo order
#2188,customer1148@example.com,Paid,2024-12-26T20:42:14Z,2024-12-29,14.33,1,Sample item 10,Customer 1148,555-0148,Express,5.00,0.00,0.00,no,Synthetic demo order
#2187,customer0141@example.com,paid,2024-12-26T09:46:36Z,2024-12-27,44.88,1,Sample item 06,Customer 0141,555-0141,Standard,5.00,0.00,0.00,no,Synthetic demo order
#2186,customer0557@example.com,paid,2024-12-26 08:18:19 +0000,2024-12-29,9.66,2,Sample item 01,Customer 0557,555-0157,Pickup,0.00,0.00,0.00,no,Synthetic demo order
#2186,customer0557@example.com,Paid,2024-12-26 08:18:19 +0000,2024-12-29,42.71,1,Sample item 05,Customer 0557,555-0157,Express,5.00,0.00,0.00,no,Synthetic demo order
#2185,customer0958@example.com,Paid,12/26/2024 02:20,2024-12-30,12.70,3,Sample item 09,Customer 0958,555-0158,Express,0.00,0.00,0.00,yes,Synthetic demo order
#2185,customer0958@example.com,PAID,12/26/2024 02:20,2024-12-30,15.15,2,Sample item 06,Customer 0958,555-0158,Standard,5.00,0.00,0.00,yes,Synthetic demo order
#2184,customer0745@example.com,paid,2024-12-25 23:39:17 UTC,2024-12-26,36.53,1,Sample item 08,Customer 0745,555-0145,Express,5.00,0.00,0.00,no,Synthetic demo order
#2183,customer1077@example.com,paid,2024-12-25 14:25:58 +0000,2024-12-29,"$1,899.97",3,Sample item 10,Customer 1077,555-0177,Pickup,5.00,0.00,0.00,no,Synthetic demo order
#2182,,paid,12/25/2024 06:04,2024-12-29,31.41,3,Sample item 07,Customer 0221,555-0121,Standard,5.00,0.00,0.00,yes,Synthetic demo order
#2181,customer0621@example.com,paid,2024-12-25 05:20:12 +0000,2024-12-29,74.07,2,Sample item 03,Customer 0621,555-0121,Standard,5.00,0.00,0.00,no,Synthetic demo order
#2180,customer1121@example.com,paid,2024-12-24T21:33:25Z,2024-12-26,$53.56,1,Sample item 06,Customer 1121,555-0121,Pickup,5.00,0.00,0.00,yes,Synthetic demo order
#2179,customer0767@example.com,Paid,2024-12-24 19:53:41 +0000,2024-12-25,123.13,1,Sample item 07,Customer 0767,555-0167,Standard,5.00,0.00,0.00,no,Synthetic demo order
#2178,customer0306@example.com,paid,"Dec 24, 2024",2024-12-28,21.04,3,Sample item 01,Customer 0306,555-0106,Standard,5.00,0.00,0.00,yes,Synthetic demo order
#2177,customer0140@example.com,paid,24 Dec 2024,2024-12-26,"43,23",1,Sample item 08,Customer 0140,555-0140,Standard,0.00,0.00,0.00,yes,Synthetic demo order
#2177,customer0140@example.com,paid,24 Dec 2024,2024-12-26,6.25,3,Sample item 11,Customer 0140,555-0140,Express,5.00,0.00,0.00,no,Synthetic demo order
#2176,customer1137@example.com,paid,2024-12-24 10:01:59 UTC,2024-12-25,USD 41.14,2,Sample item 06,Customer 1137,555-0137,Pickup,5.00,0.00,0.00,yes,Synthetic demo order
#2175,customer1494@example.com,Paid,2024-12-24 03:13:25 +0000,2024-12-28,32.21,2,Sample item 01,Customer 1494,555-0194,Pickup,5.00,0.00,0.00,no,Synthetic demo order
#2174,customer1207@example.com,Paid,2024-12-23 22:29:08 UTC,2024-12-26,43.26,1,Sample item 09,Customer 1207,555-0107,Pickup,5.00,0.00,0.00,no,Synthetic demo order
#2173,customer1478@example.com,Paid,23 Dec 2024,2024-12-25,3.34,2,Sample item 02,Customer 1478,555-0178,Express,0.00,0.00,0.00,yes,Synthetic demo order
#2173,customer1478@example.com,paid,23 Dec 2024,2024-12-25,28.11,3,Sample item 08,Customer 1478,555-0178,Standard,5.00,0.00,0.00,no,Synthetic demo order
#2172,customer0552@example.com,paid,2024-12-23 13:27:12 +0000,2024-12-26,44.43,3,Sample item 05,Customer 0552,555-0152,Standard,5.00,0.00,0.00,yes,Synthetic demo order
#2171,customer1454@example.com,PAID,2024-12-23T12:30:06Z,2024-12-27,23.46,2,Sample item 08,Customer 1454,555-0154,Standard,5.00,0.00,0.00,yes,Synthetic demo order
#2170,customer0032@example.com,paid,2024-12-23 09:23:03 +0000,2024-12-25,$31.13,2,Sample item 03,Customer 0032,555-0132,Pickup,5.00,0.00,0.00,yes,Synthetic demo order
#2169,customer1421@example.com,refunded,2024-12-22 23:59:39 +0000,2024-12-24,19.87,3,Sample item 02,Customer 1421,555-0121,Standard,5.00,0.00,0.00,yes,Synthetic demo order
#2168,Customer0008@example.com,Paid,12/22/2024 23:44,2024-12-24,44.49,3,Sample item 06,Customer 0008,555-0108,Pickup,5.00,0.00,0.00,yes,Synthetic demo order
#2167,customer0096@example.com,paid,2024-12-22 15:11:53 +0000,2024-12-27,164.80,2,Sample item 02,Customer 0096,555-0196,Standard,5.00,0.00,0.00,yes,Synthetic demo order
#2166,customer1049@example.com,PAID,2024-12-22 09:39:40 UTC,2024-12-23,$46.20,1,Sample item 02,Customer 1049,555-0149,Express,5.00,0.00,0.00,no,Synthetic demo order
#2165,,paid,12/21/2024 20:26,2024-12-25,69.58,1,Sample item 10,Customer 0965,555-0165,Pickup,5.00,0.00,0.00,no,Synthetic demo order
#2164,customer0572@example.com,Paid,2024-12-21T16:32:16Z,2024-12-25,$6.80,1,Sample item 02,Customer 0572,555-0172,Standard,0.00,0.00,0.00,no,Synthetic demo order
#2164,customer0572@example.com,paid,2024-12-21T16:32:16Z,2024-12-25,24.96,2,Sample item 06,Customer 0572,555-0172,Standard,5.00,0.00,0.00,yes,Synthetic demo order
#2163,customer1271@example.com,paid,2024-12-21 16:28:57 +0000,2024-12-23,USD 59.99,1,Sample item 03,Customer 1271,555-0171,Standard,5.00,0.00,0.00,yes,Synthetic demo order
#2162,customer0137@example.com,paid,21 Dec 2024,2024-12-24,$38.83,1,Sample item 08,Customer 0137,555-0137,Pickup,0.00,0.00,0.00,yes,Synthetic demo order
#2162,customer0137@example.com,paid,21 Dec 2024,2024-12-24,$6.05,3,Sample item 05,Customer 0137,555-0137,Express,5.00,0.00,0.00,no,Synthetic demo order
#2161,customer1342@example.com,paid,2024-12-21 11:13:31 +0000,2024-12-23,25.45,2,Sample item 07,Customer 1342,555-0142,Pickup,0.00,0.00,0.00,no,Synthetic demo order
#2161,customer1342@example.com,Paid,2024-12-21 11:13:31 +0000,2024-12-23,23.83,3,Sample item 07,Customer 1342,555-0142,Pickup,5.00,0.00,0.00,yes,Synthetic demo order
#2160,customer0321@example.com,paid,2024-12-21 03:53:11 +0000,2024-12-23,15.68,2,Sample item 04,Customer 0321,555-0121,Pickup,0.00,0.00,0.00,yes,Synthetic demo order
#2160,customer0321@example.com,paid,2024-12-21 03:53:11 +0000,2024-12-23,$17.16,1,Sample item 05,Customer 0321,555-0121,Standard,5.00,0.00,0.00,no,Synthetic demo order
#2159,customer0903@example.com,Paid,2024-12-21T00:17:21Z,2024-12-26,$58.01,2,Sample item 02,Customer 0903,555-0103,Pickup,5.00,0.00,0.00,no,Synthetic demo order
#2158,customer1088@example.com,paid,12/20/2024 23:35,2024-12-24,27.78,2,Sample item 08,Customer 1088,555-0188,Pickup,5.00,0.00,0.00,yes,Synthetic demo order
#2157,customer0383@example.com,paid,12/20/2024 21:54,2024-12-22,92.95,3,Sample item 04,Customer 0383,555-0183,Express,5.00,0.00,0.00,yes,Synthetic demo order
#2156,customer0070@example.com,Paid,2024-12-20 12:14:18 +0200,2024-12-22,34.28,2,Sample item 03,Customer 0070,555-0170,Standard,5.00,0.00,0.00,no,Synthetic demo order
#2155,customer0753@example.com,paid,12/20/2024 06:27,2024-12-23,$25.31,2,Sample item 07,Customer 0753,555-0153,Pickup,5.00,0.00,0.00,no,Synthetic demo order
#2154,Customer1498@example.com,PAID,12/19/2024 17:13,2024-12-22,$33.45,1,Sample item 02,Customer 1498,555-0198,Express,5.00,0.00,0.00,yes,Synthetic demo order
#2153,customer0609@example.com,paid,2024-12-19 16:36:27 +0000,2024-12-24,32.12,2,Sample item 01,Customer 0609,555-0109,Standard,5.00,0.00,0.00,no,Synthetic demo order
#2152,customer1479@example.com,Paid,2024-12-19T12:53:31Z,2024-12-21,56.89,3,Sample item 07,Customer 1479,555-0179,Standard,5.00,0.00,0.00,no,Synthetic demo order
#2151,customer0310@example.com,paid,2024-12-19 12:19:19 +0000,2024-12-22,USD 34.26,2,Sample item 05,Customer 0310,555-0110,Standard,5.00,0.00,0.00,no,Synthetic demo order
#2150,customer0600@example.com,paid,2024-12-19 10:41:11 +0000,2024-12-22,37.24,3,Sample item 09,Customer 0600,555-0100,Standard,5.00,0.00,0.00,no,Synthetic demo order
#2149,customer0372@example.com,paid,"Dec 19, 2024",2024-12-22,$25.46,1,Sample item 05,Customer 0372,555-0172,Express,5.00,0.00,0.00,no,Synthetic demo order
#2148,customer0709@example.com,PAID,2024-12-18 20:23:36 +0000,2024-12-20,17.13,1,Sample item 03,Customer 0709,555-0109,Standard,5.00,0.00,0.00,yes,Synthetic demo order
#2147,customer1227@example.com,paid,2024-12-18T14:42:52Z,2024-12-19,USD 31.84,2,Sample item 08,Customer 1227,555-0127,Express,5.00,0.00,0.00,yes,Synthetic demo order
#2146,customer1489@example.com,paid,2024-12-18 09:15:43 +0000,2024-12-21,40.43,1,Sample item 04,Customer 1489,555-0189,Pickup,5.00,0.00,0.00,no,Synthetic demo order
#2145,Customer0073@example.com,paid,2024-12-18 06:44:14 UTC,2024-12-23,"48,14",1,Sample item 07,Customer 0073,555-0173,Standard,5.00,0.00,0.00,yes,Synthetic demo order
#2144,customer0037@example.com,paid,2024-12-18 03:42:22 +0000,2024-12-19,41.39,2,Sample item 01,Customer 0037,555-0137,Pickup,5.00,0.00,0.00,no,Synthetic demo order
#2143,customer0144@example.com,paid,2024-12-17T18:19:23Z,2024-12-22,28.89,3,Sample item 05,Customer 0144,555-0144,Pickup,5.00,0.00,0.00,yes,Synthetic demo order
#2142,customer0471@example.com,paid,12/17/2024 17:54,2024-12-19,$57.67,2,Sample item 02,Customer 0471,555-0171,Standard,5.00,0.00,0.00,no,Synthetic demo order
#2141,customer0486@example.com,paid,2024-12-17 08:10:10 UTC,2024-12-21,17.97,1,Sample item 03,Customer 0486,555-0186,Standard,5.00,0.00,0.00,yes,Synthetic demo order
#2140,customer1012@example.com,paid,2024-12-16 16:32:50 +0000,2024-12-18,31.67,1,Sample item 08,Customer 1012,555-0112,Express,5.00,0.00,0.00,no,Synthetic demo order
#2139,,paid,12/16/2024 12:41,2024-12-20,$26.48,1,Sample item 04,Customer 0314,555-0114,Express,5.00,0.00,0.00,yes,Synthetic demo order
#2138,customer0855@example.com,paid,2024-12-15 17:04:25 +0000,2024-12-20,10.77,1,Sample item 10,Customer 0855,555-0155,Pickup,0.00,0.00,0.00,yes,Synthetic demo order
#2138,customer0855@example.com,paid,2024-12-15 17:04:25 +0000,2024-12-20,21.36,2,Sample item 02,Customer 0855,555-0155,Pickup,5.00,0.00,0.00,yes,Synthetic demo order
#2137,customer0961@example.com,paid,12/15/2024 13:06,2024-12-18,39.14,3,Sample item 10,Customer 0961,555-0161,Standard,5.00,0.00,0.00,no,Synthetic demo order
#2136,Customer1226@example.com,paid,2024-12-15T10:47:07Z,2024-12-16,52.81,2,Sample item 01,Customer 1226,555-0126,Express,5.00,0.00,0.00,no,Synthetic demo order
#2135,customer0550@example.com,Paid,2024-12-15 10:33:35 +0000,2024-12-20,USD 28.74,3,Sample item 08,Customer 0550,555-0150,Pickup,5.00,0.00,0.00,no,Synthetic demo order
#2134,customer0480@example.com,paid,2024-12-15 08:21:58 +0000,2024-12-17,$42.60,3,Sample item 09,Customer 0480,555-0180,Express,5.00,0.00,0.00,no,Synthetic demo order
#2133,customer0061@example.com,voided,"Dec 15, 2024",2024-12-18,23.93,1,Sample item 05,Customer 0061,555-0161,Standard,0.00,0.00,0.00,no,Synthetic demo order
#2133,customer0061@example.com,voided,"Dec 15, 2024",2024-12-18,$6.59,2,Sample item 03,Customer 0061,555-0161,Express,5.00,0.00,0.00,yes,Synthetic demo order
#2132,customer0034@example.com,paid,2024-12-15 02:23:37 +0000,2024-12-20,8.85,3,Sample item 07,Customer 0034,555-0134,Express,0.00,0.00,0.00,yes,Synthetic demo order
#2132,customer0034@example.com,paid,2024-12-15 02:23:37 +0000,2024-12-20,$23.49,2,Sample item 01,Customer 0034,555-0134,Pickup,5.00,0.00,0.00,no,Synthetic demo order
#2131,customer0983@example.com,Paid,2024-12-14 16:10:50 +0200,2024-12-15,26.37,1,Sample item 01,Customer 0983,555-0183,Express,5.00,0.00,0.00,yes,Synthetic demo order
#2130,customer0900@example.com,PAID,2024-12-14 12:26:25 +0000,2024-12-17,"44,50",3,Sample item 04,Customer 0900,555-0100,Standard,5.00,0.00,0.00,no,Synthetic demo order
#2129,customer0010@example.com,paid,2024-12-14 11:20:26 +0200,2024-12-18,64.42,3,Sample item 03,Customer 0010,555-0110,Standard,0.00,0.00,0.00,yes,Synthetic demo order
#2129,customer0010@example.com,paid,2024-12-14 11:20:26 +0200,2024-12-18,6.78,2,Sample item 11,Customer 0010,555-0110,Pickup,5.00,0.00,0.00,no,Synthetic demo order
#2128,customer0883@example.com,Voided,2024-12-14 10:55:02 +0000,2024-12-17,3.08,2,Sample item 08,Customer 0883,555-0183,Standard,0.00,0.00,0.00,no,Synthetic demo order
#2128,customer0883@example.com,VOIDED,2024-12-14 10:55:02 +0000,2024-12-17,30.43,1,Sample item 03,Customer 0883,555-0183,Standard,5.00,0.00,0.00,no,Synthetic demo order
#2127,customer0025@example.com,paid,"Dec 14, 2024",2024-12-15,105.02,1,Sample item 11,Customer 0025,555-0125,Express,5.00,0.00,0.00,yes,Synthetic demo order
#2126,customer1487@example.com,paid,12/14/2024 06:06,2024-12-16,$22.33,2,Sample item 11,Customer 1487,555-0187,Standard,5.00,0.00,0.00,no,Synthetic demo order
#2125,Customer0334@example.com,paid,2024-12-14T05:40:15Z,2024-12-16,"58,70",3,Sample item 05,Customer 0334,555-0134,Standard,5.00,0.00,0.00,yes,Synthetic demo order
#2124,customer0035@example.com,paid,2024-12-14 04:22:38 +0000,2024-12-16,$34.00,1,Sample item 09,Customer 0035,555-0135,Pickup,5.00,0.00,0.00,no,Synthetic demo order
#2123,customer0354@example.com,paid,12/13/2024 23:24,2024-12-17,$20.76,2,Sample item 11,Customer 0354,555-0154,Pickup,5.00,0.00,0.00,no,Synthetic demo order
#2122,Customer0974@example.com,Paid,2024-12-13 22:51:15 +0000,2024-12-18,67.79,2,Sample item 01,Customer 0974,555-0174,Pickup,5.00,0.00,0.00,no,Synthetic demo order
#2121,,paid,2024-12-13 17:07:02 -0800,2024-12-17,25.32,1,Sample item 04,Customer 0686,555-0186,Pickup,5.00,0.00,0.00,yes,Synthetic demo order
#2120,Customer0925@example.com,paid,12/13/2024 11:48,2024-12-15,62.47,3,Sample item 04,Customer 0925,555-0125,Express,5.00,0.00,0.00,yes,Synthetic demo order
#2119,customer1321@example.com,paid,2024-12-13 10:45:25 +0000,2024-12-15,$3.89,1,Sample item 08,Customer 1321,555-0121,Standard,0.00,0.00,0.00,yes,Synthetic demo order
#2119,customer1321@example.com,paid,2024-12-13 10:45:25 +0000,2024-12-15,"23,46",1,Sample item 04,Customer 1321,555-0121,Pickup,5.00,0.00,0.00,yes,Synthetic demo order
#2118,customer0283@example.com,paid,2024-12-13T09:11:34Z,2024-12-16,39.89,3,Sample item 01,Customer 0283,555-0183,Standard,5.00,0.00,0.00,yes,Synthetic demo order
#2117,customer0236@example.com,Paid,2024-12-13 08:43:26 +0000,2024-12-17,28.36,1,Sample item 07,Customer 0236,555-0136,Pickup,5.00,0.00,0.00,no,Synthetic demo order
#2116,customer0026@example.com,paid,2024-12-13T02:43:17Z,2024-12-18,$30.09,1,Sample item 07,Customer 0026,555-0126,Standard,5.00,0.00,0.00,no,Synthetic demo order
#2115,Customer0976@example.com,paid,2024-12-12 15:27:22 +0000,2024-12-15,$0.00,1,Sample item 11,Customer 0976,555-0176,Express,5.00,0.00,0.00,no,Synthetic demo order
#2114,customer0659@example.com,paid,12/12/2024 14:38,2024-12-17,$15.88,1,Sample item 07,Customer 0659,555-0159,Express,5.00,0.00,0.00,no,Synthetic demo order
#2113,customer0623@example.com,paid,2024-12-12 10:34:59 +0000,2024-12-13,55.74,1,Sample item 06,Customer 0623,555-0123,Standard,5.00,0.00,0.00,yes,Synthetic demo order
#2112,Guest,paid,2024-12-12 07:16:59 +0000,2024-12-13,$27.08,1,Sample item 09,Customer 1176,555-0176,Standard,5.00,0.00,0.00,no,Synthetic demo order
#2111,customer1357@example.com,paid,2024-12-12 06:09:40 +0000,2024-12-17,43.33,1,Sample item 04,Customer 1357,555-0157,Express,5.00,0.00,0.00,yes,Synthetic demo order
#2110,customer0579@example.com,voided,12/11/2024 23:41,2024-12-16,32.77,2,Sample item 04,Customer 0579,555-0179,Express,5.00,0.00,0.00,yes,Synthetic demo order
#2109,customer1241@example.com,Pending,2024-12-11 06:34:22 +0000,2024-12-13,USD 33.45,1,Sample item 08,Customer 1241,555-0141,Pickup,5.00,0.00,0.00,yes,Synthetic demo order
#2108,Customer0305@example.com,REFUNDED,2024-12-11 06:06:48 -0800,2024-12-15,22.91,3,Sample item 07,Customer 0305,555-0105,Express,5.00,0.00,0.00,no,Synthetic demo order
#2107,customer0087@example.com,paid,12/11/2024 04:13,2024-12-15,24.28,2,Sample item 01,Customer 0087,555-0187,Pickup,0.00,0.00,0.00,no,Synthetic demo order
#2107,customer0087@example.com,paid,12/11/2024 04:13,2024-12-15,12.00,1,Sample item 01,Customer 0087,555-0187,Standard,5.00,0.00,0.00,yes,Synthetic demo order
#2106,customer0916@example.com,paid,2024-12-11T02:53:32Z,2024-12-12,47.37,2,Sample item 01,Customer 0916,555-0116,Standard,5.00,0.00,0.00,no,Synthetic demo order
#2105,customer1290@example.com,paid,2024-12-11 01:38:00 +0000,2024-12-15,$29.89,2,Sample item 02,Customer 1290,555-0190,Express,5.00,0.00,0.00,yes,Synthetic demo order
#2104,customer1136@example.com,paid,2024-12-10 23:22:29 +0000,2024-12-13,$27.32,3,Sample item 05,Customer 1136,555-0136,Express,5.00,0.00,0.00,yes,Synthetic demo order
#2103,customer1364@example.com,paid,2024-12-10T13:52:42Z,2024-12-14,38.24,2,Sample item 05,Customer 1364,555-0164,Pickup,5.00,0.00,0.00,no,Synthetic demo order
#2102,customer0759@example.com,pending,12/10/2024 13:27,2024-12-11,26.39,1,Sample item 05,Customer 0759,555-0159,Pickup,5.00,0.00,0.00,yes,Synthetic demo order
#2101,customer0669@example.com,Paid,2024-12-10 07:59:52 -0500,2024-12-14,42.85,2,Sample item 03,Customer 0669,555-0169,Pickup,5.00,0.00,0.00,no,Synthetic demo order
#2100,customer1009@example.com,Paid,2024-12-10T02:46:53Z,2024-12-12,45.63,2,Sample item 03,Customer 1009,555-0109,Pickup,5.00,0.00,0.00,yes,Synthetic demo order
#2099,customer1001@example.com,paid,2024-12-09 20:13:32 -0500,2024-12-12,28.18,1,Sample item 02,Customer 1001,555-0101,Pickup,5.00,0.00,0.00,yes,Synthetic demo order
#2098,customer0056@example.com,PAID,2024-12-09 19:15:10 +0000,2024-12-13,USD 38.78,3,Sample item 06,Customer 0056,555-0156,Pickup,5.00,0.00,0.00,no,Synthetic demo order
#2097,customer1463@example.com,Paid,2024-12-09 10:21:22 -0800,2024-12-14,97.17,1,Sample item 05,Customer 1463,555-0163,Pickup,5.00,0.00,0.00,yes,Synthetic demo order
#2096,customer0457@example.com,paid,2024-12-09T00:44:29Z,2024-12-14,$46.62,1,Sample item 02,Customer 0457,555-0157,Standard,5.00,0.00,0.00,yes,Synthetic demo order
#2095,customer0398@example.com,Paid,"Dec 09, 2024",2024-12-11,72.42,1,Sample item 03,Customer 0398,555-0198,Pickup,5.00,0.00,0.00,no,Synthetic demo order
#2094,customer1089@example.com,refunded,2024-12-08T23:32:38Z,2024-12-13,27.69,2,Sample item 08,Customer 1089,555-0189,Pickup,5.00,0.00,0.00,yes,Synthetic demo order
#2093,customer1422@example.com,Paid,2024-12-08 18:20:09 UTC,2024-12-11,40.46,2,Sample item 03,Customer 1422,555-0122,Pickup,5.00,0.00,0.00,yes,Synthetic demo order
#2092,customer0395@example.com,cancelled,2024-12-07T19:05:08Z,2024-12-11,$1.58,2,Sample item 08,Customer 0395,555-0195,Standard,0.00,0.00,0.00,no,Synthetic demo order
#2092,customer0395@example.com,cancelled,2024-12-07T19:05:08Z,2024-12-11,47.58,1,Sample item 05,Customer 0395,555-0195,Express,5.00,0.00,0.00,yes,Synthetic demo order
#2091,customer0633@example.com,paid,2024-12-07 15:18:24 +0000,2024-12-08,39.07,1,Sample item 05,Customer 0633,555-0133,Express,5.00,0.00,0.00,yes,Synthetic demo order
#2090,customer0110@example.com,paid,2024-12-07 12:56:38 +0000,2024-12-09,49.54,3,Sample item 11,Customer 0110,555-0110,Express,5.00,0.00,0.00,no,Synthetic demo order
#2089,customer0133@example.com,paid,2024-12-07 08:25:21 +0000,2024-12-10,63.71,1,Sample item 11,Customer 0133,555-0133,Pickup,5.00,0.00,0.00,yes,Synthetic demo order
#2088,customer0728@example.com,Paid,2024-12-07 08:10:52 +0000,2024-12-12,$36.86,3,Sample item 08,Customer 0728,555-0128,Standard,5.00,0.00,0.00,no,Synthetic demo order
#2087,customer1045@example.com,paid,2024-12-07 06:05:34 UTC,2024-12-10,43.61,3,Sample item 01,Customer 1045,555-0145,Pickup,5.00,0.00,0.00,no,Synthetic demo order
#2086,customer0782@example.com,voided,2024-12-07 02:30:56 UTC,2024-12-11,$37.88,1,Sample item 11,Customer 0782,555-0182,Pickup,5.00,0.00,0.00,yes,Synthetic demo order
#2085,customer1049@example.com,paid,2024-12-07 01:46:39 +0000,2024-12-11,44.99,3,Sample item 07,Customer 1049,555-0149,Pickup,5.00,0.00,0.00,no,Synthetic demo order
#2084,customer0309@example.com,paid,12/06/2024 19:53,2024-12-07,91.00,1,Sample item 11,Customer 0309,555-0109,Pickup,5.00,0.00,0.00,yes,Synthetic demo order
#2083,customer0516@example.com,paid,2024-12-06 16:28:13 +0000,2024-12-11,56.16,1,Sample item 09,Customer 0516,555-0116,Express,5.00,0.00,0.00,no,Synthetic demo order
#2082,customer0683@example.com,voided,2024-12-06 13:40:46 +0000,2024-12-08,29.84,2,Sample item 01,Customer 0683,555-0183,Express,5.00,0.00,0.00,yes,Synthetic demo order
#2081,customer0252@example.com,paid,12/06/2024 03:44,2024-12-07,$31.65,2,Sample item 07,Customer 0252,555-0152,Express,5.00,0.00,0.00,yes,Synthetic demo order
#2080,customer0009@example.com,paid,2024-12-05 19:29:27 +0000,2024-12-06,$32.67,2,Sample item 08,Customer 0009,555-0109,Express,5.00,0.00,0.00,no,Synthetic demo order
#2079,customer1288@example.com,paid,2024-12-05 18:20:39 +0000,2024-12-07,21.56,2,Sample item 10,Customer 1288,555-0188,Standard,5.00,0.00,0.00,yes,Synthetic demo order
#2078,customer0918@example.com,PAID,2024-12-05T16:44:18Z,2024-12-09,$29.20,3,Sample item 01,Customer 0918,555-0118,Express,5.00,0.00,0.00,no,Synthetic demo order
#2077,customer0111@example.com,Paid,2024-12-05 12:59:04 UTC,2024-12-10,16.66,2,Sample item 02,Customer 0111,555-0111,Pickup,5.00,0.00,0.00,no,Synthetic demo order
#2076,customer0820@example.com,paid,12/05/2024 04:09,2024-12-10,$33.08,2,Sample item 08,Customer 0820,555-0120,Express,0.00,0.00,0.00,yes,Synthetic demo order
#2076,customer0820@example.com,paid,12/05/2024 04:09,2024-12-10,"13,51",2,Sample item 03,Customer 0820,555-0120,Standard,5.00,0.00,0.00,no,Synthetic demo order
#2075,customer1454@example.com,paid,2024-12-04T23:56:21Z,2024-12-09,USD 14.97,3,Sample item 01,Customer 1454,555-0154,Express,5.00,0.00,0.00,yes,Synthetic demo order
#2074,customer0106@example.com,paid,12/04/2024 20:39,2024-12-05,88.13,3,Sample item 08,Customer 0106,555-0106,Express,5.00,0.00,0.00,yes,Synthetic demo order
#2073,customer0801@example.com,paid,2024-12-04 18:25:08 +0200,2024-12-07,31.36,2,Sample item 05,Customer 0801,555-0101,Standard,5.00,0.00,0.00,yes,Synthetic demo order
#2072,customer1019@example.com,paid,2024-12-04 16:30:02 +0000,2024-12-08,86.79,1,Sample item 10,Customer 1019,555-0119,Standard,5.00,0.00,0.00,yes,Synthetic demo order
#2071,,Paid,2024-12-04 10:18:03 +0000,2024-12-07,"26,40",3,Sample item 11,Customer 1190,555-0190,Standard,0.00,0.00,0.00,yes,Synthetic demo order
#2071,,paid,2024-12-04 10:18:03 +0000,2024-12-07,9.30,2,Sample item 08,Customer 1190,555-0190,Pickup,5.00,0.00,0.00,no,Synthetic demo order
#2070,,paid,2024-12-04T03:07:49Z,2024-12-06,30.12,3,Sample item 03,Customer 0944,555-0144,Express,5.00,0.00,0.00,yes,Synthetic demo order
#2069,Customer0263@example.com,paid,2024-12-04 01:58:47 +0000,2024-12-06,36.85,3,Sample item 10,Customer 0263,555-0163,Standard,5.00,0.00,0.00,yes,Synthetic demo order
#2068,customer0545@example.com,paid,2024-12-03 15:08:30 UTC,2024-12-06,24.52,1,Sample item 01,Customer 0545,555-0145,Standard,5.00,0.00,0.00,no,Synthetic demo order
#2067,Customer0591@example.com,PAID,2024-12-03 07:04:49 +0000,2024-12-06,70.98,1,Sample item 06,Customer 0591,555-0191,Standard,5.00,0.00,0.00,no,Synthetic demo order
#2066,,paid,2024-12-03 05:28:46 +0000,2024-12-06,44.58,3,Sample item 07,Customer 1241,555-0141,Standard,0.00,0.00,0.00,yes,Synthetic demo order
#2066,,paid,2024-12-03 05:28:46 +0000,2024-12-06,USD 1.33,2,Sample item 09,Customer 1241,555-0141,Pickup,5.00,0.00,0.00,yes,Synthetic demo order
#2065,customer1252@example.com,Paid,12/03/2024 02:55,2024-12-07,USD 18.44,2,Sample item 04,Customer 1252,555-0152,Standard,5.00,0.00,0.00,no,Synthetic demo order
#2064,Customer1429@example.com,paid,2024-12-02 22:08:11 UTC,2024-12-07,81.30,3,Sample item 07,Customer 1429,555-0129,Standard,5.00,0.00,0.00,no,Synthetic demo order
#2063,customer0092@example.com,paid,2024-12-02 17:15:26 -0500,2024-12-07,60.32,3,Sample item 01,Customer 0092,555-0192,Standard,5.00,0.00,0.00,no,Synthetic demo order
#2062,customer1400@example.com,paid,2024-12-02 09:05:47 UTC,2024-12-03,19.70,3,Sample item 09,Customer 1400,555-0100,Standard,5.00,0.00,0.00,no,Synthetic demo order
#2061,customer1072@example.com,Paid,12/01/2024 20:00,2024-12-04,"35,63",1,Sample item 04,Customer 1072,555-0172,Standard,5.00,0.00,0.00,yes,Synthetic demo order
#2060,customer0014@example.com,Paid,2024-12-01 11:45:23 +0000,2024-12-06,"28,61",1,Sample item 10,Customer 0014,555-0114,Standard,0.00,0.00,0.00,no,Synthetic demo order
#2060,customer0014@example.com,paid,2024-12-01 11:45:23 +0000,2024-12-06,34.39,1,Sample item 10,Customer 0014,555-0114,Express,5.00,0.00,0.00,yes,Synthetic demo order
#2059,customer0552@example.com,partially_refunded,12/01/2024 07:46,2024-12-04,3.08,1,Sample item 06,Customer 0552,555-0152,Pickup,0.00,0.00,0.00,yes,Synthetic demo order
#2059,customer0552@example.com,partially_refunded,12/01/2024 07:46,2024-12-04,$33.82,2,Sample item 08,Customer 0552,555-0152,Pickup,5.00,0.00,0.00,yes,Synthetic demo order
#2058,customer0399@example.com,paid,2024-11-30T17:19:26Z,2024-12-05,$33.92,1,Sample item 06,Customer 0399,555-0199,Standard,5.00,0.00,0.00,yes,Synthetic demo order
#2057,customer0008@example.com,paid,2024-11-30 12:14:29 +0000,2024-12-03,USD 32.11,3,Sample item 04,Customer 0008,555-0108,Express,5.00,0.00,0.00,yes,Synthetic demo order
#2056,customer0734@example.com,paid,2024-11-30 05:05:11 UTC,2024-12-01,51.87,2,Sample item 03,Customer 0734,555-0134,Pickup,5.00,0.00,0.00,yes,Synthetic demo order
#2055,customer1140@example.com,paid,2024-11-30 04:23:13 UTC,2024-12-02,50.63,1,Sample item 04,Customer 1140,555-0140,Express,5.00,0.00,0.00,yes,Synthetic demo order
#2054,customer0609@example.com,paid,2024-11-29 16:11:38 +0000,2024-12-01,51.17,2,Sample item 10,Customer 0609,555-0109,Pickup,5.00,0.00,0.00,yes,Synthetic demo order
#2053,Customer1038@example.com,paid,11/29/2024 07:20,2024-12-04,"50,92",3,Sample item 05,Customer 1038,555-0138,Express,5.00,0.00,0.00,no,Synthetic demo order
#2052,customer0148@example.com,paid,2024-11-28T23:44:53Z,2024-12-03,$104.75,3,Sample item 05,Customer 0148,555-0148,Standard,5.00,0.00,0.00,yes,Synthetic demo order
#2051,customer0001@example.com,paid,2024-11-28 16:07:28 -0500,2024-12-03,USD 17.64,3,Sample item 11,Customer 0001,555-0101,Express,5.00,0.00,0.00,no,Synthetic demo order
#2050,Customer0377@example.com,paid,28 Nov 2024,2024-11-30,"40,34",2,Sample item 02,Customer 0377,555-0177,Express,5.00,0.00,0.00,yes,Synthetic demo order
#2049,customer0708@example.com,paid,2024-11-28 11:48:36 +0000,2024-11-29,USD 48.26,3,Sample item 10,Customer 0708,555-0108,Pickup,5.00,0.00,0.00,yes,Synthetic demo order
#2048,customer0040@example.com,Paid,2024-11-28T09:29:01Z,2024-11-29,55.93,3,Sample item 01,Customer 0040,555-0140,Pickup,5.00,0.00,0.00,no,Synthetic demo order
#2047,customer0995@example.com,paid,11/28/2024 08:02,2024-11-29,42.53,2,Sample item 04,Customer 0995,555-0195,Express,5.00,0.00,0.00,yes,Synthetic demo order
#2046,customer1195@example.com,paid,11/28/2024 02:52,2024-12-03,$45.26,3,Sample item 05,Customer 1195,555-0195,Express,5.00,0.00,0.00,no,Synthetic demo order
#2045,customer0877@example.com,PAID,2024-11-28 01:53:01 UTC,2024-12-01,33.08,2,Sample item 08,Customer 0877,555-0177,Pickup,5.00,0.00,0.00,no,Synthetic demo order
#2044,customer1457@example.com,Paid,2024-11-28 00:55:48 +0000,2024-11-29,18.47,1,Sample item 08,Customer 1457,555-0157,Express,5.00,0.00,0.00,yes,Synthetic demo order
#2043,customer1476@example.com,paid,2024-11-27 22:31:43 +0200,2024-11-30,$22.77,1,Sample item 09,Customer 1476,555-0176,Pickup,0.00,0.00,0.00,no,Synthetic demo order
#2043,customer1476@example.com,paid,2024-11-27 22:31:43 +0200,2024-11-30,8.78,2,Sample item 03,Customer 1476,555-0176,Standard,5.00,0.00,0.00,yes,Synthetic demo order
#2042,customer0262@example.com,paid,11/27/2024 15:10,2024-11-29,$57.73,1,Sample item 06,Customer 0262,555-0162,Pickup,5.00,0.00,0.00,yes,Synthetic demo order
#2041,customer1158@example.com,refunded,2024-11-27T04:47:39Z,2024-11-29,36.77,2,Sample item 08,Customer 1158,555-0158,Pickup,5.00,0.00,0.00,no,Synthetic demo order
#2040,customer0069@example.com,Paid,2024-11-27 01:40:42 +0000,2024-11-30,44.39,1,Sample item 03,Customer 0069,555-0169,Standard,5.00,0.00,0.00,yes,Synthetic demo order
#2039,Customer0961@example.com,paid,11/26/2024 20:37,2024-11-30,$27.30,1,Sample item 02,Customer 0961,555-0161,Pickup,5.00,0.00,0.00,yes,Synthetic demo order
#2038,customer1466@example.com,paid,"Nov 26, 2024",2024-11-28,65.14,3,Sample item 07,Customer 1466,555-0166,Pickup,5.00,0.00,0.00,no,Synthetic demo order
#2037,customer0549@example.com,paid,2024-11-26T15:19:23Z,2024-11-28,47.75,2,Sample item 06,Customer 0549,555-0149,Express,5.00,0.00,0.00,yes,Synthetic demo order
#2036,customer0176@example.com,paid,"Nov 26, 2024",2024-11-29,29.91,2,Sample item 08,Customer 0176,555-0176,Standard,5.00,0.00,0.00,yes,Synthetic demo order
#2035,customer0721@example.com,paid,25 Nov 2024,2024-11-28,28.78,2,Sample item 09,Customer 0721,555-0121,Express,5.00,0.00,0.00,no,Synthetic demo order
#2034,customer1282@example.com,paid,2024-11-25 04:04:33 -0800,2024-11-30,36.70,1,Sample item 10,Customer 1282,555-0182,Standard,5.00,0.00,0.00,no,Synthetic demo order
#2033,customer0496@example.com,Paid,2024-11-25 02:28:04 +0000,2024-11-29,48.23,3,Sample item 02,Customer 0496,555-0196,Express,5.00,0.00,0.00,yes,Synthetic demo order
#2032,customer0118@example.com,paid,2024-11-25 00:34:04 UTC,2024-11-29,"49,88",2,Sample item 10,Customer 0118,555-0118,Standard,5.00,0.00,0.00,yes,Synthetic demo order
#2031,customer0747@example.com,paid,2024-11-24 23:38:28 +0000,2024-11-26,1.22,1,Sample item 07,Customer 0747,555-0147,Pickup,0.00,0.00,0.00,no,Synthetic demo order
#2031,customer0747@example.com,paid,2024-11-24 23:38:28 +0000,2024-11-26,20.87,2,Sample item 07,Customer 0747,555-0147,Standard,5.00,0.00,0.00,no,Synthetic demo order
#2030,,paid,2024-11-24 22:33:41 +0000,2024-11-25,36.01,2,Sample item 11,Customer 1380,555-0180,Express,5.00,0.00,0.00,yes,Synthetic demo order
#2029,Customer1424@example.com,paid,2024-11-24 15:54:05 +0000,2024-11-25,7.56,1,Sample item 05,Customer 1424,555-0124,Standard,0.00,0.00,0.00,yes,Synthetic demo order
#2029,Customer1424@example.com,paid,2024-11-24 15:54:05 +0000,2024-11-25,31.14,1,Sample item 05,Customer 1424,555-0124,Pickup,5.00,0.00,0.00,yes,Synthetic demo order
#2028,Customer1379@example.com,Paid,2024-11-23 22:18:37 -0500,2024-11-26,4.69,2,Sample item 07,Customer 1379,555-0179,Express,0.00,0.00,0.00,no,Synthetic demo order
#2028,Customer1379@example.com,PAID,2024-11-23 22:18:37 -0500,2024-11-26,"38,04",2,Sample item 01,Customer 1379,555-0179,Standard,5.00,0.00,0.00,no,Synthetic demo order
#2027,customer1361@example.com,Paid,11/23/2024 14:25,2024-11-25,USD 86.54,3,Sample item 08,Customer 1361,555-0161,Pickup,5.00,0.00,0.00,no,Synthetic demo order
#2026,customer0476@example.com,paid,2024-11-23 13:08:37 +0000,2024-11-26,$21.81,3,Sample item 07,Customer 0476,555-0176,Pickup,5.00,0.00,0.00,no,Synthetic demo order
#2025,customer1494@example.com,paid,2024-11-23 07:22:26 +0000,2024-11-26,44.24,3,Sample item 04,Customer 1494,555-0194,Express,5.00,0.00,0.00,no,Synthetic demo order
#2024,Customer0249@example.com,paid,2024-11-22T09:29:08Z,2024-11-25,78.48,3,Sample item 05,Customer 0249,555-0149,Express,5.00,0.00,0.00,yes,Synthetic demo order
#2023,Customer1299@example.com,paid,2024-11-22 00:40:32 +0000,2024-11-25,29.29,1,Sample item 10,Customer 1299,555-0199,Standard,5.00,0.00,0.00,no,Synthetic demo order
#2022,customer0468@example.com,paid,2024-11-21 19:20:34 +0000,2024-11-26,28.80,3,Sample item 01,Customer 0468,555-0168,Standard,0.00,0.00,0.00,yes,Synthetic demo order
#2022,customer0468@example.com,paid,2024-11-21 19:20:34 +0000,2024-11-26,$32.30,1,Sample item 03,Customer 0468,555-0168,Standard,5.00,0.00,0.00,yes,Synthetic demo order
#2021,customer1137@example.com,paid,2024-11-21 06:12:43 +0000,2024-11-25,30.93,3,Sample item 04,Customer 1137,555-0137,Standard,5.00,0.00,0.00,no,Synthetic demo order
#2020,customer1346@example.com,Paid,2024-11-21T01:11:34Z,2024-11-26,64.71,1,Sample item 07,Customer 1346,555-0146,Express,5.00,0.00,0.00,yes,Synthetic demo order
#2019,customer1135@example.com,paid,2024-11-20T23:27:53Z,2024-11-23,USD 30.76,2,Sample item 11,Customer 1135,555-0135,Pickup,5.00,0.00,0.00,yes,Synthetic demo order
#2018,customer1124@example.com,Paid,2024-11-20 18:55:47 +0000,2024-11-23,9.58,1,Sample item 07,Customer 1124,555-0124,Express,0.00,0.00,0.00,yes,Synthetic demo order
#2018,customer1124@example.com,paid,2024-11-20 18:55:47 +0000,2024-11-23,$5.98,3,Sample item 01,Customer 1124,555-0124,Pickup,5.00,0.00,0.00,no,Synthetic demo order
#2017,customer0787@example.com,Paid,2024-11-20 16:12:42 -0800,2024-11-22,33.38,3,Sample item 05,Customer 0787,555-0187,Express,5.00,0.00,0.00,no,Synthetic demo order
#2016,customer1111@example.com,paid,20 Nov 2024,2024-11-21,46.12,2,Sample item 04,Customer 1111,555-0111,Standard,5.00,0.00,0.00,no,Synthetic demo order
#2015,customer1237@example.com,paid,2024-11-20 02:35:52 UTC,2024-11-25,33.99,1,Sample item 06,Customer 1237,555-0137,Express,5.00,0.00,0.00,no,Synthetic demo order
#2014,customer0552@example.com,paid,2024-11-20 01:56:22 -0800,2024-11-22,39.44,3,Sample item 06,Customer 0552,555-0152,Pickup,5.00,0.00,0.00,no,Synthetic demo order
#2013,customer1480@example.com,paid,2024-11-19 11:13:02 +0000,2024-11-20,29.33,3,Sample item 11,Customer 1480,555-0180,Standard,0.00,0.00,0.00,no,Synthetic demo order
#2013,customer1480@example.com,paid,2024-11-19 11:13:02 +0000,2024-11-20,5.93,3,Sample item 06,Customer 1480,555-0180,Standard,5.00,0.00,0.00,yes,Synthetic demo order
#2012,Guest,partially_refunded,2024-11-19 02:32:00 +0000,2024-11-22,44.68,1,Sample item 03,Customer 0686,555-0186,Standard,5.00,0.00,0.00,yes,Synthetic demo order
#2011,customer0306@example.com,Paid,2024-11-19T00:07:47Z,2024-11-22,39.60,3,Sample item 11,Customer 0306,555-0106,Express,5.00,0.00,0.00,yes,Synthetic demo order
#2010,customer0838@example.com,PAID,2024-11-18T23:01:56Z,2024-11-20,$23.29,1,Sample item 04,Customer 0838,555-0138,Express,5.00,0.00,0.00,yes,Synthetic demo order
#2009,customer0365@example.com,paid,2024-11-18 17:59:04 -0800,2024-11-21,29.53,1,Sample item 02,Customer 0365,555-0165,Express,0.00,0.00,0.00,no,Synthetic demo order
#2009,customer0365@example.com,paid,2024-11-18 17:59:04 -0800,2024-11-21,USD 9.97,3,Sample item 11,Customer 0365,555-0165,Express,5.00,0.00,0.00,no,Synthetic demo order
#2008,Customer1209@example.com,paid,2024-11-18 14:33:24 +0000,2024-11-21,6.33,1,Sample item 10,Customer 1209,555-0109,Standard,0.00,0.00,0.00,no,Synthetic demo order
#2008,Customer1209@example.com,paid,2024-11-18 14:33:24 +0000,2024-11-21,$37.12,3,Sample item 09,Customer 1209,555-0109,Standard,5.00,0.00,0.00,no,Synthetic demo order
#2007,customer1034@example.com,paid,2024-11-18 10:13:02 +0000,2024-11-23,USD 64.94,3,Sample item 11,Customer 1034,555-0134,Standard,5.00,0.00,0.00,no,Synthetic demo order
#2006,customer1057@example.com,paid,2024-11-18T06:35:50Z,2024-11-23,14.38,2,Sample item 11,Customer 1057,555-0157,Pickup,5.00,0.00,0.00,no,Synthetic demo order
#2005,customer0231@example.com,paid,"Nov 18, 2024",2024-11-21,$53.10,2,Sample item 01,Customer 0231,555-0131,Pickup,5.00,0.00,0.00,yes,Synthetic demo order
#2004,customer0918@example.com,paid,2024-11-18 02:39:25 +0000,2024-11-23,24.80,3,Sample item 05,Customer 0918,555-0118,Standard,5.00,0.00,0.00,yes,Synthetic demo order
#2003,customer0485@example.com,paid,2024-11-18 00:39:08 +0000,2024-11-19,28.38,2,Sample item 11,Customer 0485,555-0185,Pickup,5.00,0.00,0.00,no,Synthetic demo order
#2002,Customer0514@example.com,paid,2024-11-17T23:54:01Z,2024-11-20,20.48,1,Sample item 02,Customer 0514,555-0114,Express,5.00,0.00,0.00,no,Synthetic demo order
#2001,customer0739@example.com,paid,2024-11-17T19:59:17Z,2024-11-20,47.74,3,Sample item 04,Customer 0739,555-0139,Standard,5.00,0.00,0.00,yes,Synthetic demo order
#2000,customer1348@example.com,paid,2024-11-17 18:24:10 +0000,2024-11-22,26.33,3,Sample item 09,Customer 1348,555-0148,Standard,5.00,0.00,0.00,no,Synthetic demo order
#1999,customer0263@example.com,Voided,17 Nov 2024,2024-11-18,20.07,1,Sample item 08,Customer 0263,555-0163,Standard,0.00,0.00,0.00,yes,Synthetic demo order
#1999,customer0263@example.com,voided,17 Nov 2024,2024-11-18,$16.22,1,Sample item 11,Customer 0263,555-0163,Express,5.00,0.00,0.00,yes,Synthetic demo order
#1998,customer0285@example.com,Paid,11/17/2024 11:14,2024-11-22,29.16,3,Sample item 04,Customer 0285,555-0185,Standard,5.00,0.00,0.00,yes,Synthetic demo order
#1997,customer0311@example.com,paid,"Nov 17, 2024",2024-11-22,34.03,2,Sample item 05,Customer 0311,555-0111,Standard,5.00,0.00,0.00,no,Synthetic demo order
#1996,customer1463@example.com,paid,2024-11-17T04:17:21Z,2024-11-22,82.01,3,Sample item 02,Customer 1463,555-0163,Pickup,5.00,0.00,0.00,yes,Synthetic demo order
#1995,customer1144@example.com,paid,"Nov 17, 2024",2024-11-21,53.34,3,Sample item 09,Customer 1144,555-0144,Express,0.00,0.00,0.00,no,Synthetic demo order
#1995,customer1144@example.com,paid,"Nov 17, 2024",2024-11-21,1.66,2,Sample item 02,Customer 1144,555-0144,Express,5.00,0.00,0.00,no,Synthetic demo order
#1994,customer0123@example.com,paid,2024-11-16T14:43:27Z,2024-11-19,56.73,2,Sample item 09,Customer 0123,555-0123,Express,0.00,0.00,0.00,no,Synthetic demo order
#1994,customer0123@example.com,paid,2024-11-16T14:43:27Z,2024-11-19,"12,78",3,Sample item 10,Customer 0123,555-0123,Express,5.00,0.00,0.00,yes,Synthetic demo order
#1993,customer0943@example.com,paid,2024-11-15 23:16:01 +0000,2024-11-18,68.16,1,Sample item 04,Customer 0943,555-0143,Pickup,5.00,0.00,0.00,no,Synthetic demo order
#1992,Guest,paid,11/15/2024 04:14,2024-11-16,29.82,2,Sample item 11,Customer 0791,555-0191,Pickup,5.00,0.00,0.00,no,Synthetic demo order
#1991,customer1361@example.com,paid,2024-11-15 03:00:01 +0000,2024-11-16,98.62,3,Sample item 10,Customer 1361,555-0161,Express,5.00,0.00,0.00,no,Synthetic demo order
#1990,customer0247@example.com,refunded,11/15/2024 02:08,2024-11-20,31.39,3,Sample item 03,Customer 0247,555-0147,Pickup,5.00,0.00,0.00,yes,Synthetic demo order
#1989,customer0479@example.com,paid,2024-11-14T18:42:08Z,2024-11-18,12.85,2,Sample item 04,Customer 0479,555-0179,Express,0.00,0.00,0.00,yes,Synthetic demo order
#1989,customer0479@example.com,Paid,2024-11-14T18:42:08Z,2024-11-18,52.22,1,Sample item 01,Customer 0479,555-0179,Pickup,5.00,0.00,0.00,no,Synthetic demo order
#1988,Customer0625@example.com,paid,2024-11-14 17:49:47 UTC,2024-11-18,31.38,2,Sample item 02,Customer 0625,555-0125,Express,5.00,0.00,0.00,no,Synthetic demo order
#1987,Customer1281@example.com,paid,"Nov 13, 2024",2024-11-18,"41,46",1,Sample item 07,Customer 1281,555-0181,Express,5.00,0.00,0.00,no,Synthetic demo order
#1986,customer0880@example.com,PAID,11/13/2024 20:45,2024-11-17,30.35,3,Sample item 02,Customer 0880,555-0180,Standard,5.00,0.00,0.00,no,Synthetic demo order
#1985,customer0480@example.com,paid,2024-11-13 19:10:37 -0500,2024-11-15,42.94,2,Sample item 03,Customer 0480,555-0180,Express,5.00,0.00,0.00,yes,Synthetic demo order
#1984,customer1095@example.com,paid,2024-11-13T13:07:39Z,2024-11-15,$18.47,3,Sample item 10,Customer 1095,555-0195,Express,5.00,0.00,0.00,no,Synthetic demo order
#1983,customer0767@example.com,Paid,"Nov 13, 2024",2024-11-14,$111.04,2,Sample item 02,Customer 0767,555-0167,Pickup,0.00,0.00,0.00,yes,Synthetic demo order
#1983,customer0767@example.com,PAID,"Nov 13, 2024",2024-11-14,$4.58,2,Sample item 08,Customer 0767,555-0167,Express,5.00,0.00,0.00,no,Synthetic demo order
#1982,customer0820@example.com,PAID,2024-11-13T06:16:40Z,2024-11-16,$66.79,1,Sample item 08,Customer 0820,555-0120,Pickup,5.00,0.00,0.00,no,Synthetic demo order
#1981,customer1454@example.com,voided,13 Nov 2024,2024-11-16,18.91,2,Sample item 11,Customer 1454,555-0154,Pickup,5.00,0.00,0.00,yes,Synthetic demo order
#1980,customer1037@example.com,paid,12 Nov 2024,2024-11-13,26.45,2,Sample item 03,Customer 1037,555-0137,Standard,0.00,0.00,0.00,no,Synthetic demo order
#1980,customer1037@example.com,paid,12 Nov 2024,2024-11-13,4.19,2,Sample item 07,Customer 1037,555-0137,Express,5.00,0.00,0.00,yes,Synthetic demo order
#1979,customer0071@example.com,paid,11/12/2024 11:32,2024-11-15,7.95,1,Sample item 09,Customer 0071,555-0171,Express,0.00,0.00,0.00,yes,Synthetic demo order
#1979,customer0071@example.com,paid,11/12/2024 11:32,2024-11-15,11.33,1,Sample item 11,Customer 0071,555-0171,Standard,5.00,0.00,0.00,no,Synthetic demo order
#1978,customer1353@example.com,REFUNDED,2024-11-12 08:44:26 +0000,2024-11-13,45.12,1,Sample item 05,Customer 1353,555-0153,Standard,5.00,0.00,0.00,yes,Synthetic demo order
#1977,customer0843@example.com,pending,12 Nov 2024,2024-11-15,$17.18,1,Sample item 11,Customer 0843,555-0143,Standard,5.00,0.00,0.00,no,Synthetic demo order
#1976,customer0669@example.com,paid,2024-11-12 05:12:21 -0500,2024-11-15,$1.71,3,Sample item 11,Customer 0669,555-0169,Standard,0.00,0.00,0.00,yes,Synthetic demo order
#1976,customer0669@example.com,paid,2024-11-12 05:12:21 -0500,2024-11-15,27.80,3,Sample item 03,Customer 0669,555-0169,Pickup,5.00,0.00,0.00,no,Synthetic demo order
#1975,customer0795@example.com,Paid,2024-11-12 00:18:10 +0000,2024-11-17,35.83,3,Sample item 08,Customer 0795,555-0195,Express,5.00,0.00,0.00,yes,Synthetic demo order
#1974,customer0081@example.com,paid,"Nov 11, 2024",2024-11-12,$44.71,3,Sample item 05,Customer 0081,555-0181,Express,5.00,0.00,0.00,yes,Synthetic demo order
#1973,customer0932@example.com,Paid,2024-11-11 16:52:08 +0000,2024-11-15,53.30,3,Sample item 03,Customer 0932,555-0132,Pickup,5.00,0.00,0.00,no,Synthetic demo order
#1972,customer0021@example.com,voided,2024-11-11 05:32:17 +0000,2024-11-12,$41.96,1,Sample item 02,Customer 0021,555-0121,Express,5.00,0.00,0.00,no,Synthetic demo order
#1971,Customer1372@example.com,paid,2024-11-11 05:26:29 UTC,2024-11-13,42.19,2,Sample item 09,Customer 1372,555-0172,Pickup,0.00,0.00,0.00,yes,Synthetic demo order
#1971,Customer1372@example.com,paid,2024-11-11 05:26:29 UTC,2024-11-13,10.03,3,Sample item 11,Customer 1372,555-0172,Express,5.00,0.00,0.00,yes,Synthetic demo order
#1970,customer0801@example.com,paid,2024-11-10 23:07:59 +0000,2024-11-14,50.14,3,Sample item 08,Customer 0801,555-0101,Express,5.00,0.00,0.00,no,Synthetic demo order
#1969,Customer1385@example.com,Refunded,2024-11-10 17:24:43 +0000,2024-11-15,27.12,2,Sample item 01,Customer 1385,555-0185,Pickup,5.00,0.00,0.00,yes,Synthetic demo order
#1968,customer1075@example.com,paid,10 Nov 2024,2024-11-11,57.39,2,Sample item 08,Customer 1075,555-0175,Pickup,5.00,0.00,0.00,yes,Synthetic demo order
#1967,customer0752@example.com,paid,"Nov 10, 2024",2024-11-11,44.81,3,Sample item 09,Customer 0752,555-0152,Standard,5.00,0.00,0.00,no,Synthetic demo order
#1966,Customer1029@example.com,paid,2024-11-10 09:56:40 UTC,2024-11-14,$82.38,1,Sample item 05,Customer 1029,555-0129,Express,5.00,0.00,0.00,no,Synthetic demo order
#1965,customer0470@example.com,paid,11/10/2024 05:21,2024-11-13,$26.12,2,Sample item 02,Customer 0470,555-0170,Express,5.00,0.00,0.00,no,Synthetic demo order
#1964,customer0035@example.com,paid,11/09/2024 17:26,2024-11-11,32.36,1,Sample item 03,Customer 0035,555-0135,Express,5.00,0.00,0.00,no,Synthetic demo order
#1963,customer0283@example.com,paid,2024-11-09 12:08:25 UTC,2024-11-13,31.89,3,Sample item 09,Customer 0283,555-0183,Standard,5.00,0.00,0.00,no,Synthetic demo order
#1962,customer1266@example.com,PAID,2024-11-09 05:45:05 +0000,2024-11-10,USD 20.07,2,Sample item 08,Customer 1266,555-0166,Standard,0.00,0.00,0.00,yes,Synthetic demo order
#1962,customer1266@example.com,Paid,2024-11-09 05:45:05 +0000,2024-11-10,42.05,3,Sample item 08,Customer 1266,555-0166,Pickup,5.00,0.00,0.00,no,Synthetic demo order
#1961,customer1261@example.com,Voided,2024-11-09 04:51:02 +0000,2024-11-12,$33.24,2,Sample item 02,Customer 1261,555-0161,Express,5.00,0.00,0.00,no,Synthetic demo order
#1960,customer0650@example.com,paid,2024-11-09T02:52:48Z,2024-11-14,52.17,2,Sample item 05,Customer 0650,555-0150,Pickup,5.00,0.00,0.00,yes,Synthetic demo order
#1959,customer0977@example.com,Paid,not available,2024-11-13,1.21,1,Sample item 10,Customer 0977,555-0177,Express,0.00,0.00,0.00,yes,Synthetic demo order
#1959,customer0977@example.com,paid,not available,2024-11-13,"30,64",2,Sample item 10,Customer 0977,555-0177,Standard,5.00,0.00,0.00,no,Synthetic demo order
#1958,customer0334@example.com,paid,2024-11-08 20:46:16 +0000,2024-11-11,"72,85",3,Sample item 06,Customer 0334,555-0134,Express,5.00,0.00,0.00,yes,Synthetic demo order
#1957,customer1066@example.com,paid,2024-11-08T20:30:10Z,2024-11-10,$94.08,3,Sample item 06,Customer 1066,555-0166,Standard,5.00,0.00,0.00,yes,Synthetic demo order
#1956,customer0935@example.com,Paid, ,2024-11-13,$9.26,1,Sample item 06,Customer 0935,555-0135,Pickup,0.00,0.00,0.00,yes,Synthetic demo order
#1956,customer0935@example.com,paid, ,2024-11-13,$14.94,1,Sample item 05,Customer 0935,555-0135,Standard,5.00,0.00,0.00,yes,Synthetic demo order
#1955,customer1069@example.com,paid,11/08/2024 02:24,2024-11-12,$33.55,3,Sample item 01,Customer 1069,555-0169,Standard,5.00,0.00,0.00,yes,Synthetic demo order
#1954,customer1272@example.com,paid,2024-11-07 22:23:58 +0000,2024-11-08,$0.03,3,Sample item 02,Customer 1272,555-0172,Express,0.00,0.00,0.00,no,Synthetic demo order
#1954,customer1272@example.com,Paid,2024-11-07 22:23:58 +0000,2024-11-08,"24,56",3,Sample item 06,Customer 1272,555-0172,Standard,5.00,0.00,0.00,no,Synthetic demo order
#1953,customer1399@example.com,paid,11/07/2024 15:54,2024-11-08,18.11,3,Sample item 03,Customer 1399,555-0199,Standard,0.00,0.00,0.00,no,Synthetic demo order
#1953,customer1399@example.com,paid,11/07/2024 15:54,2024-11-08,USD 0.95,2,Sample item 02,Customer 1399,555-0199,Pickup,5.00,0.00,0.00,yes,Synthetic demo order
#1952,customer0219@example.com,paid,11/07/2024 10:22,2024-11-08,$42.67,1,Sample item 01,Customer 0219,555-0119,Standard,5.00,0.00,0.00,yes,Synthetic demo order
#1951,customer0583@example.com,voided,2024-11-07 07:23:02 +0000,2024-11-09,59.29,1,Sample item 11,Customer 0583,555-0183,Standard,5.00,0.00,0.00,yes,Synthetic demo order
#1950,Customer1186@example.com,paid,2024-11-07 06:22:46 +0000,2024-11-11,"31,89",1,Sample item 04,Customer 1186,555-0186,Pickup,5.00,0.00,0.00,no,Synthetic demo order
#1949,customer0785@example.com,paid,2024-11-06 20:11:19 +0000,2024-11-07,37.24,3,Sample item 02,Customer 0785,555-0185,Standard,5.00,0.00,0.00,yes,Synthetic demo order
#1948,Guest,paid,2024-11-06 19:23:54 +0000,2024-11-08,44.25,3,Sample item 10,Customer 0832,555-0132,Standard,5.00,0.00,0.00,yes,Synthetic demo order
#1947,Customer1244@example.com,Pending,11/06/2024 15:16,2024-11-09,41.33,3,Sample item 11,Customer 1244,555-0144,Standard,5.00,0.00,0.00,no,Synthetic demo order
#1946,customer0659@example.com,Paid,2024-11-06 11:50:38 UTC,2024-11-11,$32.61,3,Sample item 01,Customer 0659,555-0159,Express,0.00,0.00,0.00,no,Synthetic demo order
#1946,customer0659@example.com,paid,2024-11-06 11:50:38 UTC,2024-11-11,23.73,3,Sample item 04,Customer 0659,555-0159,Pickup,5.00,0.00,0.00,yes,Synthetic demo order
#1945,Customer0893@example.com,partially_refunded,11/06/2024 02:41,2024-11-09,36.85,2,Sample item 08,Customer 0893,555-0193,Express,5.00,0.00,0.00,no,Synthetic demo order
#1944,customer0275@example.com,Paid,2024-11-05 22:09:37 +0000,2024-11-09,50.67,1,Sample item 07,Customer 0275,555-0175,Pickup,5.00,0.00,0.00,yes,Synthetic demo order
#1943,Customer0869@example.com,paid,2024-11-05T19:50:02Z,2024-11-08,USD 28.46,1,Sample item 09,Customer 0869,555-0169,Pickup,5.00,0.00,0.00,no,Synthetic demo order
#1942,Customer0846@example.com,paid,2024-11-05 18:31:08 +0000,2024-11-08,56.89,3,Sample item 05,Customer 0846,555-0146,Pickup,5.00,0.00,0.00,yes,Synthetic demo order
#1941,customer0918@example.com,paid,2024-11-05 17:49:12 +0000,2024-11-07,$24.14,2,Sample item 06,Customer 0918,555-0118,Express,5.00,0.00,0.00,no,Synthetic demo order
#1940,customer0876@example.com,Paid,11/05/2024 16:40,2024-11-07,41.21,1,Sample item 05,Customer 0876,555-0176,Standard,0.00,0.00,0.00,no,Synthetic demo order
#1940,customer0876@example.com,paid,11/05/2024 16:40,2024-11-07,$20.51,3,Sample item 05,Customer 0876,555-0176,Express,5.00,0.00,0.00,yes,Synthetic demo order
#1939,customer0738@example.com,Paid,11/05/2024 16:02,2024-11-09,"24,01",3,Sample item 07,Customer 0738,555-0138,Standard,5.00,0.00,0.00,no,Synthetic demo order
#1938,customer1170@example.com,paid,11/05/2024 08:56,2024-11-07,35.03,3,Sample item 03,Customer 1170,555-0170,Standard,5.00,0.00,0.00,no,Synthetic demo order
#1937,customer0070@example.com,paid,2024-11-05 08:22:06 +0000,2024-11-07,20.67,2,Sample item 07,Customer 0070,555-0170,Standard,5.00,0.00,0.00,no,Synthetic demo order
#1936,customer1025@example.com,paid,2024-11-05 04:16:56 +0000,2024-11-06,44.27,2,Sample item 03,Customer 1025,555-0125,Pickup,5.00,0.00,0.00,yes,Synthetic demo order
#1935,customer0886@example.com,paid,11/05/2024 01:59,2024-11-10,40.83,2,Sample item 01,Customer 0886,555-0186,Express,0.00,0.00,0.00,no,Synthetic demo order
#1935,customer0886@example.com,paid,11/05/2024 01:59,2024-11-10,$5.64,1,Sample item 11,Customer 0886,555-0186,Standard,5.00,0.00,0.00,yes,Synthetic demo order
#1934,customer1121@example.com,refunded,2024-11-05 00:40:16 +0000,2024-11-09,"40,47",1,Sample item 11,Customer 1121,555-0121,Standard,5.00,0.00,0.00,yes,Synthetic demo order
#1933,Customer1005@example.com,paid,"Nov 04, 2024",2024-11-05,41.85,1,Sample item 11,Customer 1005,555-0105,Express,5.00,0.00,0.00,yes,Synthetic demo order
#1932,customer0107@example.com,refunded,2024-11-04 20:20:52 +0000,2024-11-09,43.57,2,Sample item 10,Customer 0107,555-0107,Pickup,5.00,0.00,0.00,yes,Synthetic demo order
#1931,customer0242@example.com,paid,2024-11-04 15:35:15 +0000,2024-11-06,48.58,3,Sample item 08,Customer 0242,555-0142,Pickup,5.00,0.00,0.00,no,Synthetic demo order
#1930,,paid,,2024-11-07,43.85,2,Sample item 10,Customer 0635,555-0135,Pickup,0.00,0.00,0.00,no,Synthetic demo order
#1930,,paid,,2024-11-07,17.81,1,Sample item 10,Customer 0635,555-0135,Express,5.00,0.00,0.00,no,Synthetic demo order
#1929,customer0734@example.com,paid,2024-11-04 13:51:47 +0000,2024-11-08,45.61,2,Sample item 09,Customer 0734,555-0134,Pickup,5.00,0.00,0.00,yes,Synthetic demo order
#1928,customer1310@example.com,paid,04 Nov 2024,2024-11-09,40.18,3,Sample item 11,Customer 1310,555-0110,Express,5.00,0.00,0.00,no,Synthetic demo order
#1927,customer0925@example.com,Paid,11/04/2024 12:10,2024-11-07,47.39,2,Sample item 01,Customer 0925,555-0125,Standard,5.00,0.00,0.00,yes,Synthetic demo order
#1926,customer0675@example.com,paid,"Nov 04, 2024",2024-11-07,61.76,2,Sample item 09,Customer 0675,555-0175,Pickup,5.00,0.00,0.00,yes,Synthetic demo order
#1925,Customer0546@example.com,paid,2024-11-04T09:49:26Z,2024-11-05,32.82,3,Sample item 05,Customer 0546,555-0146,Pickup,0.00,0.00,0.00,yes,Synthetic demo order
#1925,Customer0546@example.com,paid,2024-11-04T09:49:26Z,2024-11-05,7.18,2,Sample item 05,Customer 0546,555-0146,Pickup,5.00,0.00,0.00,no,Synthetic demo order
#1924,customer1191@example.com,paid,2024-11-04 08:13:24 +0000,2024-11-05,11.60,3,Sample item 03,Customer 1191,555-0191,Standard,0.00,0.00,0.00,no,Synthetic demo order
#1924,customer1191@example.com,PAID,2024-11-04 08:13:24 +0000,2024-11-05,81.60,3,Sample item 06,Customer 1191,555-0191,Express,5.00,0.00,0.00,no,Synthetic demo order
#1923,customer1093@example.com,paid,2024-11-04 06:45:34 -0500,2024-11-09,26.94,1,Sample item 08,Customer 1093,555-0193,Pickup,5.00,0.00,0.00,yes,Synthetic demo order
#1922,customer0822@example.com,paid,"Nov 04, 2024",2024-11-07,USD 92.49,3,Sample item 05,Customer 0822,555-0122,Express,5.00,0.00,0.00,no,Synthetic demo order
#1921,customer1425@example.com,paid,03 Nov 2024,2024-11-07,39.46,2,Sample item 10,Customer 1425,555-0125,Standard,5.00,0.00,0.00,yes,Synthetic demo order
#1920,customer1107@example.com,paid,2024-11-03 20:13:25 +0000,2024-11-08,42.29,2,Sample item 06,Customer 1107,555-0107,Express,0.00,0.00,0.00,no,Synthetic demo order
#1920,customer1107@example.com,Paid,2024-11-03 20:13:25 +0000,2024-11-08,$2.12,1,Sample item 10,Customer 1107,555-0107,Standard,5.00,0.00,0.00,yes,Synthetic demo order
#1919,Customer1100@example.com,PAID,2024-11-03 17:18:21 +0000,2024-11-08,40.77,1,Sample item 09,Customer 1100,555-0100,Pickup,5.00,0.00,0.00,yes,Synthetic demo order
#1918,Customer1286@example.com,paid,2024-11-03 17:08:33 +0000,2024-11-07,$44.24,2,Sample item 10,Customer 1286,555-0186,Express,5.00,0.00,0.00,no,Synthetic demo order
#1917,customer0008@example.com,paid,2024-11-03 13:21:58 +0000,2024-11-07,34.59,1,Sample item 09,Customer 0008,555-0108,Pickup,5.00,0.00,0.00,yes,Synthetic demo order
#1916,customer0820@example.com,Paid,2024-11-02 23:37:12 +0000,2024-11-03,37.51,2,Sample item 01,Customer 0820,555-0120,Pickup,5.00,0.00,0.00,yes,Synthetic demo order
#1915,Customer0025@example.com,paid,11/02/2024 23:15,2024-11-05,$101.96,1,Sample item 06,Customer 0025,555-0125,Pickup,5.00,0.00,0.00,no,Synthetic demo order
#1914,Customer0073@example.com,CANCELLED,2024-11-02 18:00:18 +0000,2024-11-03,34.31,3,Sample item 10,Customer 0073,555-0173,Pickup,5.00,0.00,0.00,no,Synthetic demo order
#1913,customer1299@example.com,paid,2024-11-02 02:14:18 UTC,2024-11-07,22.48,1,Sample item 02,Customer 1299,555-0199,Express,5.00,0.00,0.00,no,Synthetic demo order
#1912,customer0532@example.com,Paid,2024-11-02 01:28:14 -0500,2024-11-06,42.24,1,Sample item 06,Customer 0532,555-0132,Express,5.00,0.00,0.00,yes,Synthetic demo order
#1911,customer1046@example.com,Paid,"Nov 01, 2024",2024-11-06,47.32,1,Sample item 10,Customer 1046,555-0146,Pickup,5.00,0.00,0.00,yes,Synthetic demo order
#1910,customer0046@example.com,paid,2024-11-01 17:27:49 UTC,2024-11-06,$39.88,1,Sample item 03,Customer 0046,555-0146,Pickup,5.00,0.00,0.00,no,Synthetic demo order
#1909,customer0260@example.com,paid,2024-11-01 12:23:29 +0000,2024-11-04,"35,56",2,Sample item 07,Customer 0260,555-0160,Pickup,5.00,0.00,0.00,no,Synthetic demo order
#1908,customer1423@example.com,Paid,2024-11-01 10:55:42 UTC,2024-11-03,38.64,3,Sample item 11,Customer 1423,555-0123,Express,5.00,0.00,0.00,no,Synthetic demo order
#1907,customer1213@example.com,paid,2024-10-31 17:07:33 +0000,2024-11-04,46.34,1,Sample item 08,Customer 1213,555-0113,Pickup,5.00,0.00,0.00,no,Synthetic demo order
#1906,customer0699@example.com,pending,10/31/2024 15:37,2024-11-04,"14,98",1,Sample item 08,Customer 0699,555-0199,Pickup,5.00,0.00,0.00,yes,Synthetic demo order
#1905,customer0916@example.com,Paid,2024-10-31 10:27:59 +0000,2024-11-03,40.61,1,Sample item 06,Customer 0916,555-0116,Standard,5.00,0.00,0.00,no,Synthetic demo order
#1904,customer0306@example.com,paid,2024-10-31 06:36:55 UTC,2024-11-03,31.94,1,Sample item 05,Customer 0306,555-0106,Standard,5.00,0.00,0.00,yes,Synthetic demo order
#1903,customer0986@example.com,PAID,31 Oct 2024,2024-11-05,26.18,3,Sample item 06,Customer 0986,555-0186,Pickup,5.00,0.00,0.00,no,Synthetic demo order
#1902,,paid,2024-10-30 22:23:25 +0000,2024-11-04,21.00,3,Sample item 09,Customer 0733,555-0133,Express,5.00,0.00,0.00,yes,Synthetic demo order
#1901,customer0378@example.com,paid,"Oct 30, 2024",2024-11-03,28.43,1,Sample item 08,Customer 0378,555-0178,Pickup,5.00,0.00,0.00,no,Synthetic demo order
#1900,customer0935@example.com,partially_refunded,2024-10-30T09:22:06Z,2024-10-31,$27.55,3,Sample item 07,Customer 0935,555-0135,Standard,5.00,0.00,0.00,no,Synthetic demo order
#1899,customer0756@example.com,paid,2024-10-30 04:42:11 -0800,2024-11-04,USD 21.37,3,Sample item 04,Customer 0756,555-0156,Pickup,0.00,0.00,0.00,no,Synthetic demo order
#1899,customer0756@example.com,paid,2024-10-30 04:42:11 -0800,2024-11-04,13.04,2,Sample item 10,Customer 0756,555-0156,Pickup,5.00,0.00,0.00,yes,Synthetic demo order
#1898,customer0468@example.com,paid,2024-10-30 03:32:03 +0000,2024-11-04,45.91,1,Sample item 07,Customer 0468,555-0168,Standard,0.00,0.00,0.00,no,Synthetic demo order
#1898,customer0468@example.com,paid,2024-10-30 03:32:03 +0000,2024-11-04,19.75,2,Sample item 09,Customer 0468,555-0168,Standard,5.00,0.00,0.00,yes,Synthetic demo order
#1897,customer0801@example.com,paid,2024-10-29 18:40:07 -0500,2024-11-02,24.10,2,Sample item 02,Customer 0801,555-0101,Pickup,5.00,0.00,0.00,yes,Synthetic demo order
#1896,customer0168@example.com,paid,2024-10-29T15:29:44Z,2024-10-31,USD 24.75,1,Sample item 02,Customer 0168,555-0168,Standard,0.00,0.00,0.00,no,Synthetic demo order
#1896,customer0168@example.com,Paid,2024-10-29T15:29:44Z,2024-10-31,$9.48,3,Sample item 10,Customer 0168,555-0168,Standard,5.00,0.00,0.00,yes,Synthetic demo order
#1895,customer0093@example.com,paid,10/28/2024 05:46,2024-10-30,"40,08",2,Sample item 08,Customer 0093,555-0193,Express,5.00,0.00,0.00,yes,Synthetic demo order
#1894,customer1271@example.com,Paid,2024-10-27 12:45:49 +0000,2024-10-28,61.22,2,Sample item 11,Customer 1271,555-0171,Express,5.00,0.00,0.00,yes,Synthetic demo order
#1893,customer0514@example.com,Paid,2024-10-27T02:16:11Z,2024-10-30,USD 31.93,1,Sample item 04,Customer 0514,555-0114,Express,5.00,0.00,0.00,yes,Synthetic demo order
#1892,customer1295@example.com,paid,2024-10-26 23:51:44 UTC,2024-10-27,$13.98,3,Sample item 05,Customer 1295,555-0195,Pickup,0.00,0.00,0.00,no,Synthetic demo order
#1892,customer1295@example.com,Paid,2024-10-26 23:51:44 UTC,2024-10-27,"25,06",2,Sample item 10,Customer 1295,555-0195,Pickup,5.00,0.00,0.00,no,Synthetic demo order
#1891,customer1459@example.com,paid,"Oct 26, 2024",2024-10-30,51.46,3,Sample item 08,Customer 1459,555-0159,Express,5.00,0.00,0.00,yes,Synthetic demo order
#1890,customer0316@example.com,pending,26 Oct 2024,2024-10-31,25.75,2,Sample item 07,Customer 0316,555-0116,Pickup,5.00,0.00,0.00,no,Synthetic demo order
#1889,customer0952@example.com,paid,2024-10-26 12:23:51 +0000,2024-10-29,$8.11,3,Sample item 07,Customer 0952,555-0152,Standard,0.00,0.00,0.00,no,Synthetic demo order
#1889,customer0952@example.com,paid,2024-10-26 12:23:51 +0000,2024-10-29,USD 21.29,3,Sample item 07,Customer 0952,555-0152,Standard,5.00,0.00,0.00,no,Synthetic demo order
#1888,customer0858@example.com,paid,2024-10-26 07:48:34 +0000,2024-10-27,"37,79",1,Sample item 05,Customer 0858,555-0158,Standard,5.00,0.00,0.00,yes,Synthetic demo order
#1887,Customer0873@example.com,paid,2024-10-25 11:24:01 +0000,2024-10-26,86.23,3,Sample item 10,Customer 0873,555-0173,Standard,5.00,0.00,0.00,no,Synthetic demo order
#1886,Customer0885@example.com,pending,"Oct 25, 2024",2024-10-28,$74.10,1,Sample item 03,Customer 0885,555-0185,Pickup,5.00,0.00,0.00,no,Synthetic demo order
#1885,customer0384@example.com,paid,2024-10-24T19:09:22Z,2024-10-27,30.70,3,Sample item 01,Customer 0384,555-0184,Pickup,5.00,0.00,0.00,yes,Synthetic demo order
#1884,customer1361@example.com,paid,2024-10-24 18:49:59 -0800,2024-10-28,96.18,2,Sample item 03,Customer 1361,555-0161,Pickup,5.00,0.00,0.00,no,Synthetic demo order
#1883,customer0107@example.com,paid,2024-10-24T04:43:22Z,2024-10-27,41.94,2,Sample item 09,Customer 0107,555-0107,Express,5.00,0.00,0.00,yes,Synthetic demo order
#1882,customer1339@example.com,pending,2024-10-23 12:03:37 UTC,2024-10-28,$32.60,2,Sample item 11,Customer 1339,555-0139,Standard,5.00,0.00,0.00,yes,Synthetic demo order
#1881,Customer0186@example.com,paid,10/22/2024 18:22,2024-10-24,50.93,3,Sample item 06,Customer 0186,555-0186,Pickup,5.00,0.00,0.00,yes,Synthetic demo order
#1880,customer0263@example.com,Paid,2024-10-22 14:01:42 -0800,2024-10-23,$45.84,1,Sample item 06,Customer 0263,555-0163,Standard,5.00,0.00,0.00,yes,Synthetic demo order
#1879,customer0287@example.com,pending,2024-10-22 04:48:48 +0000,2024-10-26,$53.65,1,Sample item 10,Customer 0287,555-0187,Standard,5.00,0.00,0.00,yes,Synthetic demo order
#1878,,paid,2024-10-22 03:22:04 UTC,2024-10-24,$0.00,1,Sample item 05,Customer 0248,555-0148,Pickup,5.00,0.00,0.00,yes,Synthetic demo order
#1877,customer1326@example.com,paid,10/21/2024 20:24,2024-10-24,59.85,3,Sample item 05,Customer 1326,555-0126,Express,5.00,0.00,0.00,yes,Synthetic demo order
#1876,Customer0633@example.com,paid,2024-10-21 18:15:00 UTC,2024-10-24,33.71,1,Sample item 02,Customer 0633,555-0133,Express,5.00,0.00,0.00,no,Synthetic demo order
#1875,Customer0521@example.com,Paid,10/21/2024 07:58,2024-10-23,12.56,3,Sample item 04,Customer 0521,555-0121,Pickup,0.00,0.00,0.00,yes,Synthetic demo order
#1875,Customer0521@example.com,paid,10/21/2024 07:58,2024-10-23,44.77,3,Sample item 05,Customer 0521,555-0121,Pickup,5.00,0.00,0.00,yes,Synthetic demo order
#1874,customer0242@example.com,paid,20 Oct 2024,2024-10-24,14.39,3,Sample item 08,Customer 0242,555-0142,Express,0.00,0.00,0.00,yes,Synthetic demo order
#1874,customer0242@example.com,paid,20 Oct 2024,2024-10-24,42.66,2,Sample item 06,Customer 0242,555-0142,Standard,5.00,0.00,0.00,no,Synthetic demo order
#1873,customer0890@example.com,Paid,2024-10-20T13:19:44Z,2024-10-23,$31.49,2,Sample item 05,Customer 0890,555-0190,Express,5.00,0.00,0.00,no,Synthetic demo order
#1872,customer0165@example.com,Pending,20 Oct 2024,2024-10-21,23.88,2,Sample item 09,Customer 0165,555-0165,Express,5.00,0.00,0.00,yes,Synthetic demo order
#1871,,voided,2024-10-20 08:51:50 -0800,2024-10-23,28.70,2,Sample item 05,Customer 0010,555-0110,Express,5.00,0.00,0.00,no,Synthetic demo order
#1870,customer0657@example.com,paid,2024-10-20T08:48:59Z,2024-10-21,USD 73.51,3,Sample item 05,Customer 0657,555-0157,Pickup,5.00,0.00,0.00,yes,Synthetic demo order
#1869,customer1057@example.com,refunded,2024-10-20 02:08:56 +0000,2024-10-25,25.62,1,Sample item 01,Customer 1057,555-0157,Pickup,5.00,0.00,0.00,yes,Synthetic demo order
#1868,customer0931@example.com,paid,2024-10-20 01:48:01 UTC,2024-10-23,43.97,2,Sample item 11,Customer 0931,555-0131,Standard,0.00,0.00,0.00,no,Synthetic demo order
#1868,customer0931@example.com,paid,2024-10-20 01:48:01 UTC,2024-10-23,$30.20,3,Sample item 09,Customer 0931,555-0131,Standard,5.00,0.00,0.00,no,Synthetic demo order
#1867,customer0047@example.com,Paid,2024-10-19 11:54:00 +0000,2024-10-22,USD 42.10,3,Sample item 01,Customer 0047,555-0147,Express,5.00,0.00,0.00,no,Synthetic demo order
#1866,customer1347@example.com,Paid,2024-10-19 03:38:35 UTC,2024-10-24,$24.17,2,Sample item 10,Customer 1347,555-0147,Pickup,5.00,0.00,0.00,yes,Synthetic demo order
#1865,customer0033@example.com,paid,2024-10-19T02:39:26Z,2024-10-20,51.79,1,Sample item 05,Customer 0033,555-0133,Standard,5.00,0.00,0.00,yes,Synthetic demo order
#1864,customer0475@example.com,paid,2024-10-18 14:29:18 +0200,2024-10-20,$32.78,2,Sample item 06,Customer 0475,555-0175,Standard,5.00,0.00,0.00,no,Synthetic demo order
#1863,customer1177@example.com,paid,"Oct 17, 2024",2024-10-19,49.20,2,Sample item 05,Customer 1177,555-0177,Express,5.00,0.00,0.00,no,Synthetic demo order
#1862,customer0094@example.com,paid,2024-10-17 10:42:07 UTC,2024-10-21,11.01,3,Sample item 05,Customer 0094,555-0194,Pickup,0.00,0.00,0.00,no,Synthetic demo order
#1862,customer0094@example.com,Paid,2024-10-17 10:42:07 UTC,2024-10-21,59.31,1,Sample item 01,Customer 0094,555-0194,Standard,5.00,0.00,0.00,yes,Synthetic demo order
#1861,customer0313@example.com,PAID,2024-10-17 05:23:33 +0000,2024-10-22,$25.65,2,Sample item 08,Customer 0313,555-0113,Pickup,5.00,0.00,0.00,yes,Synthetic demo order
#1860,customer0568@example.com,paid,10/16/2024 18:07,2024-10-20,58.26,2,Sample item 06,Customer 0568,555-0168,Pickup,5.00,0.00,0.00,no,Synthetic demo order
#1859,Customer1027@example.com,paid,2024-10-16 10:35:09 +0000,2024-10-18,$38.77,2,Sample item 04,Customer 1027,555-0127,Pickup,5.00,0.00,0.00,yes,Synthetic demo order
#1858,customer0314@example.com,paid,2024-10-16 09:40:08 UTC,2024-10-21,47.87,3,Sample item 01,Customer 0314,555-0114,Express,5.00,0.00,0.00,no,Synthetic demo order
#1857,Customer0529@example.com,paid,10/16/2024 00:30,2024-10-17,37.93,3,Sample item 09,Customer 0529,555-0129,Express,5.00,0.00,0.00,no,Synthetic demo order
#1856,customer0025@example.com,PAID,2024-10-15T19:25:38Z,2024-10-16,USD 65.45,2,Sample item 11,Customer 0025,555-0125,Pickup,5.00,0.00,0.00,no,Synthetic demo order
#1855,customer0679@example.com,paid,2024-10-15 17:36:11 -0500,2024-10-19,USD 24.94,3,Sample item 03,Customer 0679,555-0179,Pickup,5.00,0.00,0.00,yes,Synthetic demo order
#1854,customer1385@example.com,paid,15 Oct 2024,2024-10-19,31.31,2,Sample item 01,Customer 1385,555-0185,Express,5.00,0.00,0.00,no,Synthetic demo order
#1853,Customer0525@example.com,paid,2024-10-15 05:04:57 UTC,2024-10-16,$39.87,3,Sample item 06,Customer 0525,555-0125,Standard,5.00,0.00,0.00,yes,Synthetic demo order
#1852,customer0372@example.com,paid,10/14/2024 07:24,2024-10-18,$32.62,3,Sample item 05,Customer 0372,555-0172,Pickup,5.00,0.00,0.00,yes,Synthetic demo order
#1851,customer1064@example.com,paid,2024-10-14T00:47:30Z,2024-10-19,23.26,3,Sample item 05,Customer 1064,555-0164,Express,5.00,0.00,0.00,yes,Synthetic demo order
#1850,customer0253@example.com,pending,14 Oct 2024,2024-10-17,71.67,2,Sample item 10,Customer 0253,555-0153,Express,5.00,0.00,0.00,no,Synthetic demo order
#1849,customer0070@example.com,Paid,10/13/2024 18:46,2024-10-17,36.70,3,Sample item 11,Customer 0070,555-0170,Pickup,5.00,0.00,0.00,yes,Synthetic demo order
#1848,customer0096@example.com,Paid,2024-10-13 04:11:32 +0000,2024-10-18,120.61,3,Sample item 11,Customer 0096,555-0196,Standard,5.00,0.00,0.00,no,Synthetic demo order
#1847,customer0461@example.com,paid,10/13/2024 02:31,2024-10-15,31.59,1,Sample item 07,Customer 0461,555-0161,Standard,5.00,0.00,0.00,no,Synthetic demo order
#1846,customer1242@example.com,paid,2024-10-12 19:47:18 UTC,2024-10-16,42.15,3,Sample item 08,Customer 1242,555-0142,Express,5.00,0.00,0.00,no,Synthetic demo order
#1845,customer1252@example.com,Paid,2024-10-12 16:04:40 +0000,2024-10-13,$20.46,2,Sample item 10,Customer 1252,555-0152,Pickup,0.00,0.00,0.00,no,Synthetic demo order
#1845,customer1252@example.com,paid,2024-10-12 16:04:40 +0000,2024-10-13,$10.01,1,Sample item 04,Customer 1252,555-0152,Standard,5.00,0.00,0.00,yes,Synthetic demo order
#1844,customer0514@example.com,cancelled,2024-10-12 14:29:09 +0000,2024-10-16,26.66,3,Sample item 07,Customer 0514,555-0114,Standard,5.00,0.00,0.00,yes,Synthetic demo order
#1843,customer0785@example.com,paid,10/12/2024 13:17,2024-10-17,62.25,2,Sample item 04,Customer 0785,555-0185,Express,5.00,0.00,0.00,no,Synthetic demo order
#1842,customer1424@example.com,paid,2024-10-12 07:32:50 +0200,2024-10-17,$18.53,1,Sample item 06,Customer 1424,555-0124,Standard,0.00,0.00,0.00,no,Synthetic demo order
#1842,customer1424@example.com,paid,2024-10-12 07:32:50 +0200,2024-10-17,39.77,2,Sample item 03,Customer 1424,555-0124,Standard,5.00,0.00,0.00,no,Synthetic demo order
#1841,customer0498@example.com,partially_refunded,2024-10-12 02:57:16 UTC,2024-10-16,27.03,3,Sample item 11,Customer 0498,555-0198,Standard,5.00,0.00,0.00,yes,Synthetic demo order
#1840,customer1449@example.com,paid,2024-10-11 22:48:11 +0000,2024-10-12,1.50,1,Sample item 10,Customer 1449,555-0149,Standard,0.00,0.00,0.00,yes,Synthetic demo order
#1840,customer1449@example.com,paid,2024-10-11 22:48:11 +0000,2024-10-12,USD 76.40,2,Sample item 06,Customer 1449,555-0149,Standard,5.00,0.00,0.00,yes,Synthetic demo order
#1839,customer0552@example.com,paid,2024-10-11T05:32:11Z,2024-10-13,$33.46,3,Sample item 07,Customer 0552,555-0152,Pickup,5.00,0.00,0.00,no,Synthetic demo order
#1838,customer0970@example.com,paid,11 Oct 2024,2024-10-16,$36.65,3,Sample item 06,Customer 0970,555-0170,Standard,5.00,0.00,0.00,no,Synthetic demo order
#1837,customer1184@example.com,paid,2024-10-10 20:41:49 -0800,2024-10-13,30.25,1,Sample item 10,Customer 1184,555-0184,Express,5.00,0.00,0.00,yes,Synthetic demo order
#1836,customer1280@example.com,paid,2024-10-10 11:29:39 +0000,2024-10-12,46.31,1,Sample item 11,Customer 1280,555-0180,Pickup,0.00,0.00,0.00,yes,Synthetic demo order
#1836,customer1280@example.com,paid,2024-10-10 11:29:39 +0000,2024-10-12,15.17,3,Sample item 04,Customer 1280,555-0180,Standard,5.00,0.00,0.00,no,Synthetic demo order
#1835,,PAID,2024-10-10 00:01:09 +0000,2024-10-12,34.31,2,Sample item 04,Customer 1405,555-0105,Express,5.00,0.00,0.00,yes,Synthetic demo order
#1834,customer1244@example.com,paid,2024-10-09 08:27:17 +0000,2024-10-13,$38.24,3,Sample item 10,Customer 1244,555-0144,Express,5.00,0.00,0.00,no,Synthetic demo order
#1833,customer0309@example.com,paid,2024-10-08 19:52:25 +0000,2024-10-13,$53.67,1,Sample item 04,Customer 0309,555-0109,Pickup,5.00,0.00,0.00,yes,Synthetic demo order
#1832,customer0263@example.com,paid,2024-10-08 00:03:55 UTC,2024-10-11,$45.62,2,Sample item 10,Customer 0263,555-0163,Standard,5.00,0.00,0.00,yes,Synthetic demo order
#1831,customer0468@example.com,paid,2024-10-07 13:08:31 +0000,2024-10-09,54.61,2,Sample item 06,Customer 0468,555-0168,Express,5.00,0.00,0.00,no,Synthetic demo order
#1830,customer0493@example.com,refunded,07 Oct 2024,2024-10-08,27.99,3,Sample item 06,Customer 0493,555-0193,Standard,5.00,0.00,0.00,yes,Synthetic demo order
#1829,customer1049@example.com,paid,2024-10-07 08:09:10 +0000,2024-10-12,30.09,3,Sample item 01,Customer 1049,555-0149,Express,5.00,0.00,0.00,yes,Synthetic demo order
#1828,customer0021@example.com,Paid,2024-10-07 03:08:51 +0000,2024-10-10,61.02,3,Sample item 08,Customer 0021,555-0121,Pickup,5.00,0.00,0.00,no,Synthetic demo order
#1827,customer1140@example.com,paid,"Oct 06, 2024",2024-10-09,$43.82,2,Sample item 02,Customer 1140,555-0140,Pickup,5.00,0.00,0.00,yes,Synthetic demo order
#1826,customer1054@example.com,paid,2024-10-06 00:41:28 UTC,2024-10-11,USD 22.43,1,Sample item 07,Customer 1054,555-0154,Standard,5.00,0.00,0.00,no,Synthetic demo order
#1825,customer1329@example.com,Cancelled,05 Oct 2024,2024-10-08,4.56,1,Sample item 04,Customer 1329,555-0129,Express,0.00,0.00,0.00,no,Synthetic demo order
#1825,customer1329@example.com,cancelled,05 Oct 2024,2024-10-08,"28,26",3,Sample item 09,Customer 1329,555-0129,Standard,5.00,0.00,0.00,yes,Synthetic demo order
#1824,customer0893@example.com,voided,2024-10-05 14:35:11 -0500,2024-10-09,USD 27.49,2,Sample item 02,Customer 0893,555-0193,Express,5.00,0.00,0.00,yes,Synthetic demo order
#1823,customer0183@example.com,paid,2024-10-05 12:07:11 +0000,2024-10-06,$16.67,2,Sample item 02,Customer 0183,555-0183,Pickup,5.00,0.00,0.00,yes,Synthetic demo order
#1822,customer1178@example.com,paid,2024-10-05 06:02:03 UTC,2024-10-08,49.58,1,Sample item 05,Customer 1178,555-0178,Standard,5.00,0.00,0.00,yes,Synthetic demo order
#1821,customer0098@example.com,paid,2024-10-04T20:18:34Z,2024-10-08,26.65,1,Sample item 05,Customer 0098,555-0198,Standard,5.00,0.00,0.00,no,Synthetic demo order
#1820,Customer1100@example.com,paid,2024-10-04 12:32:16 +0000,2024-10-08,38.54,2,Sample item 09,Customer 1100,555-0100,Standard,5.00,0.00,0.00,no,Synthetic demo order
#1819,customer0925@example.com,paid,2024-10-03 22:34:08 -0500,2024-10-04,$44.37,3,Sample item 05,Customer 0925,555-0125,Standard,5.00,0.00,0.00,yes,Synthetic demo order
#1818,customer0283@example.com,refunded,2024-10-03 10:16:32 +0000,2024-10-07,29.70,2,Sample item 06,Customer 0283,555-0183,Standard,5.00,0.00,0.00,yes,Synthetic demo order
#1817,customer0967@example.com,paid,2024-10-03 06:45:54 UTC,2024-10-08,USD 33.96,1,Sample item 06,Customer 0967,555-0167,Express,5.00,0.00,0.00,yes,Synthetic demo order
#1816,Customer0787@example.com,paid,2024-10-03 05:41:24 UTC,2024-10-06,50.89,3,Sample item 03,Customer 0787,555-0187,Standard,5.00,0.00,0.00,yes,Synthetic demo order
#1815,customer1153@example.com,paid,"Oct 03, 2024",2024-10-07,37.71,3,Sample item 04,Customer 1153,555-0153,Standard,5.00,0.00,0.00,yes,Synthetic demo order
#1814,customer0734@example.com,paid,2024-10-02 23:00:28 +0000,2024-10-03,$38.49,2,Sample item 02,Customer 0734,555-0134,Pickup,5.00,0.00,0.00,yes,Synthetic demo order
#1813,customer1454@example.com,paid,2024-10-02 14:41:53 -0800,2024-10-07,$18.14,2,Sample item 11,Customer 1454,555-0154,Pickup,5.00,0.00,0.00,no,Synthetic demo order
#1812,,paid,2024-10-02 11:33:29 +0000,2024-10-03,18.89,3,Sample item 06,Customer 0655,555-0155,Express,0.00,0.00,0.00,no,Synthetic demo order
#1812,,paid,2024-10-02 11:33:29 +0000,2024-10-03,26.39,2,Sample item 09,Customer 0655,555-0155,Express,5.00,0.00,0.00,yes,Synthetic demo order
#1811,customer0334@example.com,paid,2024-10-02 05:03:18 +0200,2024-10-04,USD 62.11,3,Sample item 04,Customer 0334,555-0134,Pickup,5.00,0.00,0.00,no,Synthetic demo order
#1810,customer1498@example.com,paid,2024-10-01 05:52:02 +0000,2024-10-04,$67.56,1,Sample item 08,Customer 1498,555-0198,Pickup,5.00,0.00,0.00,no,Synthetic demo order
#1809,customer0133@example.com,paid,2024-10-01T01:56:51Z,2024-10-05,$70.97,3,Sample item 08,Customer 0133,555-0133,Standard,5.00,0.00,0.00,no,Synthetic demo order
#1808,customer1294@example.com,paid,2024-09-30 22:14:58 +0000,2024-10-04,27.91,2,Sample item 08,Customer 1294,555-0194,Pickup,0.00,0.00,0.00,no,Synthetic demo order
#1808,customer1294@example.com,paid,2024-09-30 22:14:58 +0000,2024-10-04,7.09,1,Sample item 02,Customer 1294,555-0194,Standard,5.00,0.00,0.00,no,Synthetic demo order
#1807,customer0617@example.com,paid,09/30/2024 09:49,2024-10-03,$29.32,3,Sample item 04,Customer 0617,555-0117,Standard,5.00,0.00,0.00,no,Synthetic demo order
#1806,customer0795@example.com,paid,2024-09-30T06:36:02Z,2024-10-04,45.10,2,Sample item 02,Customer 0795,555-0195,Standard,5.00,0.00,0.00,yes,Synthetic demo order
#1805,Customer0266@example.com,PAID,2024-09-30 01:25:08 +0000,2024-10-04,61.26,1,Sample item 04,Customer 0266,555-0166,Express,5.00,0.00,0.00,no,Synthetic demo order
#1804,customer0015@example.com,paid,2024-09-29T16:10:49Z,2024-10-01,13.29,2,Sample item 09,Customer 0015,555-0115,Pickup,0.00,0.00,0.00,no,Synthetic demo order
#1804,customer0015@example.com,paid,2024-09-29T16:10:49Z,2024-10-01,45.60,2,Sample item 06,Customer 0015,555-0115,Standard,5.00,0.00,0.00,no,Synthetic demo order
#1803,customer1369@example.com,paid,2024-09-29T12:38:06Z,2024-10-01,16.76,2,Sample item 03,Customer 1369,555-0169,Express,0.00,0.00,0.00,no,Synthetic demo order
#1803,customer1369@example.com,paid,2024-09-29T12:38:06Z,2024-10-01,19.67,3,Sample item 09,Customer 1369,555-0169,Pickup,5.00,0.00,0.00,no,Synthetic demo order
#1802,Customer0685@example.com,refunded,2024-09-28 03:42:10 +0000,2024-10-03,33.79,1,Sample item 04,Customer 0685,555-0185,Express,5.00,0.00,0.00,no,Synthetic demo order
#1801,customer1036@example.com,PAID,2024-09-27 16:26:58 +0000,2024-09-29,22.12,2,Sample item 11,Customer 1036,555-0136,Express,5.00,0.00,0.00,no,Synthetic demo order
#1800,customer0664@example.com,paid,27 Sep 2024,2024-09-29,USD 168.27,3,Sample item 06,Customer 0664,555-0164,Express,5.00,0.00,0.00,no,Synthetic demo order
#1799,customer0988@example.com,paid,2024-09-27 09:57:49 +0000,2024-09-29,$29.93,3,Sample item 04,Customer 0988,555-0188,Standard,5.00,0.00,0.00,yes,Synthetic demo order
#1798,customer1014@example.com,paid,2024-09-27 06:47:15 +0000,2024-10-01,"7,90",3,Sample item 01,Customer 1014,555-0114,Standard,0.00,0.00,0.00,no,Synthetic demo order
#1798,customer1014@example.com,paid,2024-09-27 06:47:15 +0000,2024-10-01,$20.59,2,Sample item 10,Customer 1014,555-0114,Pickup,5.00,0.00,0.00,yes,Synthetic demo order
#1797,Customer0767@example.com,paid,2024-09-27T02:22:20Z,2024-09-30,$85.30,2,Sample item 07,Customer 0767,555-0167,Express,5.00,0.00,0.00,no,Synthetic demo order
#1796,customer1090@example.com,paid,"Sep 26, 2024",2024-09-30,53.89,2,Sample item 07,Customer 1090,555-0190,Standard,5.00,0.00,0.00,yes,Synthetic demo order
#1795,customer0986@example.com,PAID,2024-09-26 07:26:34 +0000,2024-09-27,$4.26,1,Sample item 01,Customer 0986,555-0186,Standard,0.00,0.00,0.00,yes,Synthetic demo order
#1795,customer0986@example.com,paid,2024-09-26 07:26:34 +0000,2024-09-27,USD 18.22,1,Sample item 06,Customer 0986,555-0186,Pickup,5.00,0.00,0.00,no,Synthetic demo order
#1794,customer0579@example.com,Paid,09/26/2024 01:51,2024-09-27,25.77,3,Sample item 04,Customer 0579,555-0179,Pickup,0.00,0.00,0.00,no,Synthetic demo order
#1794,customer0579@example.com,paid,09/26/2024 01:51,2024-09-27,"14,23",1,Sample item 11,Customer 0579,555-0179,Express,5.00,0.00,0.00,no,Synthetic demo order
#1793,customer0890@example.com,Paid,2024-09-25T13:37:04Z,2024-09-29,$24.99,2,Sample item 07,Customer 0890,555-0190,Pickup,5.00,0.00,0.00,no,Synthetic demo order
#1792,customer0276@example.com,paid,2024-09-25T04:32:14Z,2024-09-26,11.65,3,Sample item 10,Customer 0276,555-0176,Pickup,5.00,0.00,0.00,no,Synthetic demo order
#1791,customer0949@example.com,paid,25 Sep 2024,2024-09-26,"38,68",1,Sample item 09,Customer 0949,555-0149,Pickup,5.00,0.00,0.00,no,Synthetic demo order
#1790,customer1121@example.com,paid,25 Sep 2024,2024-09-30,$48.01,3,Sample item 05,Customer 1121,555-0121,Standard,5.00,0.00,0.00,yes,Synthetic demo order
#1789,customer0570@example.com,paid,09/24/2024 19:11,2024-09-28,12.61,2,Sample item 09,Customer 0570,555-0170,Standard,0.00,0.00,0.00,no,Synthetic demo order
#1789,customer0570@example.com,paid,09/24/2024 19:11,2024-09-28,$30.71,2,Sample item 06,Customer 0570,555-0170,Pickup,5.00,0.00,0.00,yes,Synthetic demo order
#1788,customer0587@example.com,paid,2024-09-24 16:32:01 +0200,2024-09-28,USD 64.79,1,Sample item 08,Customer 0587,555-0187,Express,5.00,0.00,0.00,yes,Synthetic demo order
#1787,customer1052@example.com,paid,2024-09-24 12:15:56 +0200,2024-09-26,22.33,2,Sample item 06,Customer 1052,555-0152,Pickup,5.00,0.00,0.00,yes,Synthetic demo order
#1786,customer0552@example.com,paid,2024-09-24T05:11:22Z,2024-09-25,USD 34.25,3,Sample item 02,Customer 0552,555-0152,Pickup,5.00,0.00,0.00,no,Synthetic demo order
#1785,customer0098@example.com,paid,09/23/2024 05:05,2024-09-24,23.54,2,Sample item 04,Customer 0098,555-0198,Standard,5.00,0.00,0.00,yes,Synthetic demo order
#1784,customer1101@example.com,Paid,2024-09-22 23:42:12 +0000,2024-09-27,$35.82,3,Sample item 03,Customer 1101,555-0101,Standard,5.00,0.00,0.00,no,Synthetic demo order
#1783,customer0047@example.com,paid,2024-09-22 22:39:28 +0000,2024-09-26,31.04,3,Sample item 04,Customer 0047,555-0147,Express,5.00,0.00,0.00,no,Synthetic demo order
#1782,customer0555@example.com,paid,2024-09-22 13:25:56 +0000,2024-09-26,49.60,2,Sample item 07,Customer 0555,555-0155,Pickup,5.00,0.00,0.00,no,Synthetic demo order
#1781,,paid,2024-09-22 06:01:15 UTC,2024-09-26,$52.67,2,Sample item 05,Customer 0734,555-0134,Pickup,5.00,0.00,0.00,yes,Synthetic demo order
#1780,customer1079@example.com,paid,2024-09-21 18:19:56 +0000,2024-09-23,36.62,1,Sample item 11,Customer 1079,555-0179,Express,5.00,0.00,0.00,no,Synthetic demo order
#1779,customer0514@example.com,paid,2024-09-21 06:18:52 +0000,2024-09-24,$29.16,1,Sample item 01,Customer 0514,555-0114,Express,5.00,0.00,0.00,yes,Synthetic demo order
#1778,customer0309@example.com,paid,"Sep 21, 2024",2024-09-24,20.94,2,Sample item 02,Customer 0309,555-0109,Express,0.00,0.00,0.00,yes,Synthetic demo order
#1778,customer0309@example.com,Paid,"Sep 21, 2024",2024-09-24,$22.06,3,Sample item 05,Customer 0309,555-0109,Standard,5.00,0.00,0.00,yes,Synthetic demo order
#1777,customer0746@example.com,paid,2024-09-20 10:46:31 +0000,2024-09-22,"46,02",2,Sample item 07,Customer 0746,555-0146,Pickup,5.00,0.00,0.00,no,Synthetic demo order
#1776,customer0368@example.com,paid,2024-09-20T10:09:59Z,2024-09-23,48.84,3,Sample item 11,Customer 0368,555-0168,Express,5.00,0.00,0.00,no,Synthetic demo order
#1775,Customer0035@example.com,partially_refunded,2024-09-20 04:53:23 +0000,2024-09-23,25.42,3,Sample item 06,Customer 0035,555-0135,Express,5.00,0.00,0.00,no,Synthetic demo order
#1774,customer0897@example.com,Paid,09/19/2024 23:51,2024-09-20,44.04,1,Sample item 02,Customer 0897,555-0197,Pickup,5.00,0.00,0.00,yes,Synthetic demo order
#1773,customer0657@example.com,paid,2024-09-19 21:32:16 +0000,2024-09-20,"35,24",1,Sample item 01,Customer 0657,555-0157,Express,5.00,0.00,0.00,no,Synthetic demo order
#1772,customer0916@example.com,paid,2024-09-19 17:43:56 +0000,2024-09-20,$25.58,2,Sample item 08,Customer 0916,555-0116,Express,5.00,0.00,0.00,yes,Synthetic demo order
#1771,customer0146@example.com,PAID,2024-09-19T15:25:13Z,2024-09-20,35.69,3,Sample item 01,Customer 0146,555-0146,Express,5.00,0.00,0.00,no,Synthetic demo order
#1770,customer1324@example.com,paid,2024-09-18T23:18:31Z,2024-09-23,$45.65,1,Sample item 04,Customer 1324,555-0124,Pickup,5.00,0.00,0.00,yes,Synthetic demo order
#1769,customer0756@example.com,paid,09/18/2024 15:17,2024-09-21,36.21,1,Sample item 10,Customer 0756,555-0156,Standard,0.00,0.00,0.00,yes,Synthetic demo order
#1769,customer0756@example.com,paid,09/18/2024 15:17,2024-09-21,15.78,1,Sample item 06,Customer 0756,555-0156,Standard,5.00,0.00,0.00,yes,Synthetic demo order
#1768,customer0126@example.com,paid,2024-09-17 19:58:38 +0000,2024-09-18,41.27,3,Sample item 02,Customer 0126,555-0126,Pickup,5.00,0.00,0.00,yes,Synthetic demo order
#1767,customer1287@example.com,paid,2024-09-17T19:21:12Z,2024-09-22,USD 39.36,1,Sample item 08,Customer 1287,555-0187,Express,5.00,0.00,0.00,yes,Synthetic demo order
#1766,customer0453@example.com,paid,"Sep 17, 2024",2024-09-18,69.95,3,Sample item 01,Customer 0453,555-0153,Pickup,5.00,0.00,0.00,yes,Synthetic demo order
#1765,customer0561@example.com,paid,"Sep 17, 2024",2024-09-21,56.85,3,Sample item 02,Customer 0561,555-0161,Standard,5.00,0.00,0.00,yes,Synthetic demo order
#1764,customer0979@example.com,paid,2024-09-17T11:16:50Z,2024-09-19,59.40,2,Sample item 10,Customer 0979,555-0179,Standard,5.00,0.00,0.00,yes,Synthetic demo order
#1763,customer0028@example.com,voided,09/17/2024 06:07,2024-09-22,"30,85",3,Sample item 06,Customer 0028,555-0128,Pickup,5.00,0.00,0.00,yes,Synthetic demo order
#1762,Customer0681@example.com,paid,2024-09-17 02:30:50 +0000,2024-09-22,0.00,1,Sample item 04,Customer 0681,555-0181,Pickup,5.00,0.00,0.00,yes,Synthetic demo order
#1761,customer0322@example.com,paid,2024-09-16 18:52:43 +0000,2024-09-21,$27.86,1,Sample item 06,Customer 0322,555-0122,Express,5.00,0.00,0.00,no,Synthetic demo order
#1760,customer0918@example.com,paid,2024-09-16 00:26:06 +0000,2024-09-18,30.85,1,Sample item 04,Customer 0918,555-0118,Express,5.00,0.00,0.00,no,Synthetic demo order
#1759,customer1121@example.com,Paid,2024-09-16 00:01:56 +0000,2024-09-18,46.21,2,Sample item 03,Customer 1121,555-0121,Standard,5.00,0.00,0.00,no,Synthetic demo order
#1758,customer0315@example.com,paid,2024-09-15T20:19:12Z,2024-09-19,"72,11",2,Sample item 08,Customer 0315,555-0115,Pickup,5.00,0.00,0.00,no,Synthetic demo order
#1757,customer1329@example.com,paid,2024-09-15 16:06:16 +0000,2024-09-18,$20.59,1,Sample item 03,Customer 1329,555-0129,Standard,0.00,0.00,0.00,yes,Synthetic demo order
#1757,customer1329@example.com,paid,2024-09-15 16:06:16 +0000,2024-09-18,25.89,1,Sample item 06,Customer 1329,555-0129,Standard,5.00,0.00,0.00,yes,Synthetic demo order
#1756,customer0662@example.com,Paid,2024-09-15 13:37:10 +0000,2024-09-19,21.59,2,Sample item 02,Customer 0662,555-0162,Express,5.00,0.00,0.00,yes,Synthetic demo order
#1755,customer1234@example.com,paid,2024-09-15T02:42:36Z,2024-09-20,USD 1.61,2,Sample item 10,Customer 1234,555-0134,Standard,0.00,0.00,0.00,yes,Synthetic demo order
#1755,customer1234@example.com,paid,2024-09-15T02:42:36Z,2024-09-20,37.19,3,Sample item 08,Customer 1234,555-0134,Express,5.00,0.00,0.00,no,Synthetic demo order
#1754,customer1045@example.com,paid,2024-09-15 00:19:50 +0000,2024-09-19,49.20,1,Sample item 10,Customer 1045,555-0145,Express,5.00,0.00,0.00,yes,Synthetic demo order
#1753,Customer0032@example.com,pending,2024-09-14 13:31:02 +0000,2024-09-15,$39.93,2,Sample item 10,Customer 0032,555-0132,Standard,5.00,0.00,0.00,yes,Synthetic demo order
#1752,customer0693@example.com,paid,2024-09-14 07:49:46 +0000,2024-09-15,21.09,3,Sample item 03,Customer 0693,555-0193,Pickup,0.00,0.00,0.00,yes,Synthetic demo order
#1752,customer0693@example.com,paid,2024-09-14 07:49:46 +0000,2024-09-15,9.43,3,Sample item 05,Customer 0693,555-0193,Express,5.00,0.00,0.00,yes,Synthetic demo order
#1751,customer1440@example.com,paid,"Sep 14, 2024",2024-09-19,$31.47,2,Sample item 09,Customer 1440,555-0140,Express,5.00,0.00,0.00,no,Synthetic demo order
#1750,customer0901@example.com,Paid,2024-09-13 12:18:42 +0200,2024-09-18,42.71,2,Sample item 01,Customer 0901,555-0101,Standard,5.00,0.00,0.00,no,Synthetic demo order
#1749,customer0726@example.com,paid,09/13/2024 11:07,2024-09-15,60.47,2,Sample item 03,Customer 0726,555-0126,Standard,5.00,0.00,0.00,yes,Synthetic demo order
#1748,Customer1262@example.com,paid,2024-09-13 06:59:44 +0000,2024-09-16,USD 24.67,3,Sample item 07,Customer 1262,555-0162,Pickup,5.00,0.00,0.00,yes,Synthetic demo order
#1747,,paid,2024-09-13T03:09:17Z,2024-09-18,$34.78,3,Sample item 07,Customer 0145,555-0145,Express,5.00,0.00,0.00,no,Synthetic demo order
#1746,customer1100@example.com,Paid,2024-09-13T01:26:13Z,2024-09-17,63.86,2,Sample item 07,Customer 1100,555-0100,Express,5.00,0.00,0.00,no,Synthetic demo order
#1745,customer0111@example.com,Paid,2024-09-12 11:57:33 -0500,2024-09-16,5.11,2,Sample item 11,Customer 0111,555-0111,Pickup,0.00,0.00,0.00,no,Synthetic demo order
#1745,customer0111@example.com,paid,2024-09-12 11:57:33 -0500,2024-09-16,$9.44,3,Sample item 10,Customer 0111,555-0111,Standard,0.00,0.00,0.00,yes,Synthetic demo order
#1745,customer0111@example.com,paid,2024-09-12 11:57:33 -0500,2024-09-16,10.69,1,Sample item 11,Customer 0111,555-0111,Pickup,5.00,0.00,0.00,no,Synthetic demo order
#1744,customer0751@example.com,paid,2024-09-11T19:09:45Z,2024-09-15,$53.27,1,Sample item 11,Customer 0751,555-0151,Pickup,5.00,0.00,0.00,yes,Synthetic demo order
#1743,customer0455@example.com,paid,2024-09-11T16:27:15Z,2024-09-12,30.41,2,Sample item 06,Customer 0455,555-0155,Standard,5.00,0.00,0.00,yes,Synthetic demo order
#1742,customer0174@example.com,paid,11 Sep 2024,2024-09-15,55.90,2,Sample item 11,Customer 0174,555-0174,Standard,5.00,0.00,0.00,no,Synthetic demo order
#1741,customer1145@example.com,paid,2024-09-11 06:42:27 UTC,2024-09-14,39.14,1,Sample item 09,Customer 1145,555-0145,Pickup,0.00,0.00,0.00,no,Synthetic demo order
#1741,customer1145@example.com,paid,2024-09-11 06:42:27 UTC,2024-09-14,29.59,2,Sample item 11,Customer 1145,555-0145,Standard,5.00,0.00,0.00,no,Synthetic demo order
#1740,Customer0701@example.com,paid,2024-09-11 05:32:10 +0000,2024-09-15,35.74,3,Sample item 09,Customer 0701,555-0101,Express,5.00,0.00,0.00,no,Synthetic demo order
#1739,customer0038@example.com,PAID,not available,2024-09-15,$84.58,2,Sample item 10,Customer 0038,555-0138,Standard,5.00,0.00,0.00,no,Synthetic demo order
#1738,customer0974@example.com,paid,2024-09-11 02:16:50 -0800,2024-09-15,22.28,2,Sample item 07,Customer 0974,555-0174,Express,0.00,0.00,0.00,no,Synthetic demo order
#1738,customer0974@example.com,paid,2024-09-11 02:16:50 -0800,2024-09-15,USD 14.93,1,Sample item 10,Customer 0974,555-0174,Express,5.00,0.00,0.00,no,Synthetic demo order
#1737,customer1075@example.com,paid,2024-09-11 00:32:04 +0000,2024-09-14,$39.52,1,Sample item 08,Customer 1075,555-0175,Pickup,5.00,0.00,0.00,no,Synthetic demo order
#1736,Customer1275@example.com,paid,"Sep 10, 2024",2024-09-13,0.00,1,Sample item 08,Customer 1275,555-0175,Standard,5.00,0.00,0.00,no,Synthetic demo order
#1735,customer1064@example.com,refunded,2024-09-10 18:09:21 +0000,2024-09-12,"29,18",1,Sample item 05,Customer 1064,555-0164,Express,5.00,0.00,0.00,no,Synthetic demo order
#1734,customer1463@example.com,Paid,09/10/2024 15:43,2024-09-14,$16.15,3,Sample item 09,Customer 1463,555-0163,Standard,0.00,0.00,0.00,yes,Synthetic demo order
#1734,customer1463@example.com,paid,09/10/2024 15:43,2024-09-14,96.02,3,Sample item 01,Customer 1463,555-0163,Express,5.00,0.00,0.00,yes,Synthetic demo order
#1733,Customer0820@example.com,paid,10 Sep 2024,2024-09-14,$42.12,1,Sample item 06,Customer 0820,555-0120,Standard,5.00,0.00,0.00,no,Synthetic demo order
#1732,customer1080@example.com,paid,2024-09-10 11:23:23 UTC,2024-09-13,68.44,2,Sample item 01,Customer 1080,555-0180,Pickup,5.00,0.00,0.00,no,Synthetic demo order
#1731,customer0008@example.com,paid,2024-09-10 10:33:50 +0000,2024-09-15,USD 23.53,3,Sample item 10,Customer 0008,555-0108,Express,0.00,0.00,0.00,no,Synthetic demo order
#1731,customer0008@example.com,PAID,2024-09-10 10:33:50 +0000,2024-09-15,17.24,2,Sample item 03,Customer 0008,555-0108,Express,5.00,0.00,0.00,no,Synthetic demo order
#1730,customer1241@example.com,refunded,2024-09-10T06:34:25Z,2024-09-11,$7.38,3,Sample item 10,Customer 1241,555-0141,Pickup,0.00,0.00,0.00,yes,Synthetic demo order
#1730,customer1241@example.com,refunded,2024-09-10T06:34:25Z,2024-09-11,26.61,2,Sample item 05,Customer 1241,555-0141,Pickup,5.00,0.00,0.00,yes,Synthetic demo order
#1729,customer1293@example.com,paid,2024-09-10 02:15:51 +0200,2024-09-12,$50.21,3,Sample item 03,Customer 1293,555-0193,Pickup,5.00,0.00,0.00,no,Synthetic demo order
#1728,,paid,2024-09-09T22:25:22Z,2024-09-14,$32.07,1,Sample item 07,Customer 0283,555-0183,Express,5.00,0.00,0.00,yes,Synthetic demo order
#1727,customer0334@example.com,Paid,"Sep 09, 2024",2024-09-12,80.98,1,Sample item 01,Customer 0334,555-0134,Pickup,5.00,0.00,0.00,yes,Synthetic demo order
#1726,customer0614@example.com,paid,2024-09-09T16:39:12Z,2024-09-11,59.53,2,Sample item 08,Customer 0614,555-0114,Pickup,5.00,0.00,0.00,yes,Synthetic demo order
#1725,customer1007@example.com,paid,2024-09-09 15:37:08 +0000,2024-09-13,50.11,3,Sample item 09,Customer 1007,555-0107,Standard,5.00,0.00,0.00,yes,Synthetic demo order
#1724,customer0877@example.com,PAID,09/09/2024 05:53,2024-09-14,USD 19.44,2,Sample item 09,Customer 0877,555-0177,Express,0.00,0.00,0.00,yes,Synthetic demo order
#1724,customer0877@example.com,paid,09/09/2024 05:53,2024-09-14,25.16,3,Sample item 02,Customer 0877,555-0177,Pickup,5.00,0.00,0.00,no,Synthetic demo order
#1723,customer1135@example.com,voided,2024-09-08 23:18:26 +0200,2024-09-13,33.76,1,Sample item 06,Customer 1135,555-0135,Express,5.00,0.00,0.00,no,Synthetic demo order
#1722,customer0070@example.com,paid,09/08/2024 10:06,2024-09-13,24.45,1,Sample item 07,Customer 0070,555-0170,Express,0.00,0.00,0.00,yes,Synthetic demo order
#1722,customer0070@example.com,paid,09/08/2024 10:06,2024-09-13,10.82,2,Sample item 05,Customer 0070,555-0170,Standard,5.00,0.00,0.00,yes,Synthetic demo order
#1721,customer0792@example.com,paid,2024-09-08 06:07:34 +0200,2024-09-13,40.75,2,Sample item 11,Customer 0792,555-0192,Express,5.00,0.00,0.00,no,Synthetic demo order
#1720,customer0869@example.com,paid,2024-09-08 05:30:27 +0000,2024-09-12,$66.54,3,Sample item 08,Customer 0869,555-0169,Standard,5.00,0.00,0.00,no,Synthetic demo order
#1719,customer0276@example.com,paid,09/08/2024 01:43,2024-09-13,"15,47",1,Sample item 01,Customer 0276,555-0176,Standard,5.00,0.00,0.00,yes,Synthetic demo order
#1718,customer0242@example.com,paid,2024-09-08 01:37:31 -0800,2024-09-10,63.76,1,Sample item 09,Customer 0242,555-0142,Standard,5.00,0.00,0.00,yes,Synthetic demo order
#1717,customer0787@example.com,paid,2024-09-08 00:30:27 +0000,2024-09-12,"47,78",2,Sample item 03,Customer 0787,555-0187,Express,5.00,0.00,0.00,no,Synthetic demo order
#1716,customer0168@example.com,paid,09/07/2024 19:43,2024-09-10,59.75,3,Sample item 06,Customer 0168,555-0168,Pickup,5.00,0.00,0.00,no,Synthetic demo order
#1715,customer0801@example.com,PAID,09/07/2024 13:57,2024-09-10,21.83,3,Sample item 02,Customer 0801,555-0101,Express,5.00,0.00,0.00,yes,Synthetic demo order
#1714,,cancelled,2024-09-07 09:32:53 +0000,2024-09-12,34.47,1,Sample item 07,Customer 0552,555-0152,Standard,5.00,0.00,0.00,no,Synthetic demo order
#1713,customer0483@example.com,pending,2024-09-07 05:32:16 +0000,2024-09-08,$22.78,2,Sample item 08,Customer 0483,555-0183,Express,5.00,0.00,0.00,no,Synthetic demo order
#1712,customer0493@example.com,paid,2024-09-06 17:51:21 +0000,2024-09-10,40.40,1,Sample item 10,Customer 0493,555-0193,Standard,5.00,0.00,0.00,yes,Synthetic demo order
#1711,customer0819@example.com,Paid,2024-09-06T10:44:10Z,2024-09-08,29.24,2,Sample item 04,Customer 0819,555-0119,Express,5.00,0.00,0.00,yes,Synthetic demo order
#1710,customer1188@example.com,paid,2024-09-06T02:20:17Z,2024-09-11,$41.43,3,Sample item 05,Customer 1188,555-0188,Pickup,5.00,0.00,0.00,yes,Synthetic demo order
#1709,customer0183@example.com,paid,2024-09-06 01:23:26 +0000,2024-09-10,26.23,2,Sample item 04,Customer 0183,555-0183,Express,5.00,0.00,0.00,no,Synthetic demo order
#1708,customer0506@example.com,paid,2024-09-05 20:05:33 +0000,2024-09-10,4.89,3,Sample item 07,Customer 0506,555-0106,Express,0.00,0.00,0.00,no,Synthetic demo order
#1708,customer0506@example.com,paid,2024-09-05 20:05:33 +0000,2024-09-10,$30.75,1,Sample item 04,Customer 0506,555-0106,Standard,5.00,0.00,0.00,no,Synthetic demo order
#1707,customer0925@example.com,paid,2024-09-05T13:05:22Z,2024-09-07,USD 37.18,2,Sample item 06,Customer 0925,555-0125,Standard,5.00,0.00,0.00,no,Synthetic demo order
#1706,customer0373@example.com,paid,09/05/2024 12:04,2024-09-06,$61.22,2,Sample item 07,Customer 0373,555-0173,Standard,5.00,0.00,0.00,yes,Synthetic demo order
#1705,customer1216@example.com,paid,2024-09-05 11:43:38 +0000,2024-09-06,$38.51,1,Sample item 02,Customer 1216,555-0116,Standard,5.00,0.00,0.00,yes,Synthetic demo order
#1704,customer0516@example.com,CANCELLED,"Sep 05, 2024",2024-09-06,80.62,1,Sample item 07,Customer 0516,555-0116,Express,5.00,0.00,0.00,no,Synthetic demo order
#1703,customer1252@example.com,paid,2024-09-05 02:50:58 UTC,2024-09-06,26.74,1,Sample item 04,Customer 1252,555-0152,Express,5.00,0.00,0.00,no,Synthetic demo order
#1702,customer0730@example.com,PAID,2024-09-04T17:19:18Z,2024-09-06,"19,14",3,Sample item 08,Customer 0730,555-0130,Express,5.00,0.00,0.00,yes,Synthetic demo order
#1701,customer0043@example.com,paid,2024-09-03 12:42:19 -0800,2024-09-06,USD 33.35,3,Sample item 03,Customer 0043,555-0143,Pickup,5.00,0.00,0.00,yes,Synthetic demo order
#1700,customer1403@example.com,paid,2024-09-02T22:29:21Z,2024-09-04,48.61,1,Sample item 11,Customer 1403,555-0103,Standard,5.00,0.00,0.00,no,Synthetic demo order
#1699,customer0967@example.com,paid,2024-09-02 21:22:16 +0000,2024-09-05,$48.57,3,Sample item 06,Customer 0967,555-0167,Pickup,5.00,0.00,0.00,no,Synthetic demo order
#1698,customer0262@example.com,paid,"Sep 02, 2024",2024-09-05,$37.67,1,Sample item 11,Customer 0262,555-0162,Standard,5.00,0.00,0.00,no,Synthetic demo order
#1697,customer0199@example.com,paid,TBD,2024-09-04,$52.95,2,Sample item 06,Customer 0199,555-0199,Pickup,5.00,0.00,0.00,yes,Synthetic demo order
#1696,customer0529@example.com,paid,2024-09-02 02:52:57 +0000,2024-09-04,32.56,2,Sample item 10,Customer 0529,555-0129,Express,5.00,0.00,0.00,yes,Synthetic demo order
#1695,customer1368@example.com,Partially_Refunded,2024-09-02 00:10:58 +0000,2024-09-07,41.96,3,Sample item 02,Customer 1368,555-0168,Pickup,5.00,0.00,0.00,no,Synthetic demo order
#1694,customer0893@example.com,paid,2024-09-01T18:36:45Z,2024-09-04,31.07,3,Sample item 05,Customer 0893,555-0193,Express,5.00,0.00,0.00,no,Synthetic demo order
#1693,customer0592@example.com,Paid,2024-08-31T23:38:13Z,2024-09-01,$29.49,1,Sample item 05,Customer 0592,555-0192,Pickup,5.00,0.00,0.00,yes,Synthetic demo order
#1692,customer0804@example.com,partially_refunded,2024-08-31 19:28:37 +0000,2024-09-03,26.09,3,Sample item 07,Customer 0804,555-0104,Standard,0.00,0.00,0.00,yes,Synthetic demo order
#1692,customer0804@example.com,partially_refunded,2024-08-31 19:28:37 +0000,2024-09-03,$65.59,2,Sample item 07,Customer 0804,555-0104,Express,5.00,0.00,0.00,yes,Synthetic demo order
#1691,Customer0952@example.com,Paid,2024-08-31T13:34:25Z,2024-09-01,35.88,1,Sample item 09,Customer 0952,555-0152,Pickup,5.00,0.00,0.00,no,Synthetic demo order
#1690,customer1049@example.com,paid,2024-08-31T04:14:51Z,2024-09-05,62.69,2,Sample item 10,Customer 1049,555-0149,Express,5.00,0.00,0.00,yes,Synthetic demo order
#1689,,paid,2024-08-30T07:04:44Z,2024-08-31,USD 28.19,2,Sample item 09,Customer 0935,555-0135,Express,5.00,0.00,0.00,no,Synthetic demo order
#1688,customer1329@example.com,PAID,2024-08-30 00:51:08 +0000,2024-09-03,43.05,1,Sample item 09,Customer 1329,555-0129,Standard,5.00,0.00,0.00,yes,Synthetic demo order
#1687,customer0112@example.com,paid,"Aug 29, 2024",2024-08-30,8.67,1,Sample item 02,Customer 0112,555-0112,Pickup,0.00,0.00,0.00,no,Synthetic demo order
#1687,customer0112@example.com,paid,"Aug 29, 2024",2024-08-30,20.00,1,Sample item 08,Customer 0112,555-0112,Express,5.00,0.00,0.00,yes,Synthetic demo order
#1686,customer0067@example.com,Paid,"Aug 28, 2024",2024-09-01,33.94,3,Sample item 04,Customer 0067,555-0167,Standard,5.00,0.00,0.00,yes,Synthetic demo order
#1685,customer1353@example.com,paid,2024-08-28T09:55:18Z,2024-08-30,37.52,3,Sample item 09,Customer 1353,555-0153,Pickup,5.00,0.00,0.00,no,Synthetic demo order
#1684,customer0475@example.com,paid,2024-08-28T05:10:55Z,2024-08-30,41.52,1,Sample item 11,Customer 0475,555-0175,Pickup,5.00,0.00,0.00,no,Synthetic demo order
#1683,customer0918@example.com,paid,2024-08-28 01:27:00 -0800,2024-09-01,55.11,1,Sample item 08,Customer 0918,555-0118,Pickup,5.00,0.00,0.00,yes,Synthetic demo order
#1682,customer1109@example.com,paid,2024-08-27T19:53:06Z,2024-08-29,30.21,1,Sample item 10,Customer 1109,555-0109,Standard,0.00,0.00,0.00,no,Synthetic demo order
#1682,customer1109@example.com,Paid,2024-08-27T19:53:06Z,2024-08-29,USD 32.41,1,Sample item 08,Customer 1109,555-0109,Pickup,5.00,0.00,0.00,no,Synthetic demo order
#1681,,paid,2024-08-27 16:35:27 +0000,2024-09-01,"24,53",1,Sample item 03,Customer 1057,555-0157,Express,5.00,0.00,0.00,yes,Synthetic demo order
#1680,Customer1208@example.com,paid,2024-08-27T10:57:02Z,2024-08-28,45.26,1,Sample item 06,Customer 1208,555-0108,Express,5.00,0.00,0.00,yes,Synthetic demo order
#1679,Customer1025@example.com,refunded,27 Aug 2024,2024-08-31,2719.62,3,Sample item 08,Customer 1025,555-0125,Express,5.00,0.00,0.00,yes,Synthetic demo order
#1678,Customer0094@example.com,paid,2024-08-26T21:50:14Z,2024-08-28,32.81,1,Sample item 09,Customer 0094,555-0194,Standard,5.00,0.00,0.00,yes,Synthetic demo order
#1677,customer0400@example.com,paid,2024-08-26 19:32:26 +0000,2024-08-31,26.34,3,Sample item 10,Customer 0400,555-0100,Express,5.00,0.00,0.00,yes,Synthetic demo order
#1676,customer0737@example.com,paid,2024-08-26 12:41:06 +0000,2024-08-28,48.74,1,Sample item 11,Customer 0737,555-0137,Standard,5.00,0.00,0.00,yes,Synthetic demo order
#1675,customer1387@example.com,partially_refunded,2024-08-26 01:24:44 +0000,2024-08-28,14.18,1,Sample item 10,Customer 1387,555-0187,Standard,5.00,0.00,0.00,no,Synthetic demo order
#1674,customer0463@example.com,paid,2024-08-26 01:13:16 UTC,2024-08-29,2.91,1,Sample item 06,Customer 0463,555-0163,Pickup,0.00,0.00,0.00,no,Synthetic demo order
#1674,customer0463@example.com,paid,2024-08-26 01:13:16 UTC,2024-08-29,59.57,2,Sample item 04,Customer 0463,555-0163,Pickup,5.00,0.00,0.00,yes,Synthetic demo order
#1673,customer1121@example.com,paid,2024-08-25T19:29:09Z,2024-08-26,37.69,1,Sample item 08,Customer 1121,555-0121,Standard,5.00,0.00,0.00,no,Synthetic demo order
#1672,customer1184@example.com,Voided,2024-08-25 18:11:07 +0000,2024-08-30,17.18,3,Sample item 01,Customer 1184,555-0184,Express,5.00,0.00,0.00,no,Synthetic demo order
#1671,customer0220@example.com,paid,2024-08-25 16:47:19 +0000,2024-08-28,$36.27,2,Sample item 08,Customer 0220,555-0120,Standard,5.00,0.00,0.00,yes,Synthetic demo order
#1670,customer0015@example.com,Paid,2024-08-25 05:14:22 UTC,2024-08-30,$65.22,1,Sample item 01,Customer 0015,555-0115,Pickup,5.00,0.00,0.00,yes,Synthetic demo order
#1669,customer0657@example.com,paid,"Aug 24, 2024",2024-08-29,22.59,2,Sample item 07,Customer 0657,555-0157,Standard,0.00,0.00,0.00,yes,Synthetic demo order
#1669,customer0657@example.com,paid,"Aug 24, 2024",2024-08-29,USD 19.16,2,Sample item 11,Customer 0657,555-0157,Pickup,5.00,0.00,0.00,yes,Synthetic demo order
#1668,customer0699@example.com,paid,24 Aug 2024,2024-08-27,USD 16.48,1,Sample item 02,Customer 0699,555-0199,Pickup,5.00,0.00,0.00,yes,Synthetic demo order
#1667,Customer0734@example.com,paid,2024-08-24 09:06:57 +0000,2024-08-28,USD 41.13,2,Sample item 09,Customer 0734,555-0134,Express,5.00,0.00,0.00,yes,Synthetic demo order
#1666,customer0916@example.com,paid,2024-08-22 18:04:36 +0000,2024-08-25,$48.46,2,Sample item 03,Customer 0916,555-0116,Express,5.00,0.00,0.00,yes,Synthetic demo order
#1665,customer0930@example.com,paid,08/22/2024 17:00,2024-08-26,28.94,1,Sample item 01,Customer 0930,555-0130,Express,5.00,0.00,0.00,no,Synthetic demo order
#1664,customer0668@example.com,paid,2024-08-22 10:13:24 +0000,2024-08-23,33.19,3,Sample item 05,Customer 0668,555-0168,Express,5.00,0.00,0.00,no,Synthetic demo order
#1663,customer0318@example.com,paid,"Aug 22, 2024",2024-08-24,USD 30.32,2,Sample item 02,Customer 0318,555-0118,Express,5.00,0.00,0.00,yes,Synthetic demo order
#1662,customer0397@example.com,partially_refunded,2024-08-21T23:03:18Z,2024-08-23,$22.79,1,Sample item 01,Customer 0397,555-0197,Standard,5.00,0.00,0.00,yes,Synthetic demo order
#1661,customer0909@example.com,paid,2024-08-21T21:44:29Z,2024-08-25,"30,45",1,Sample item 02,Customer 0909,555-0109,Standard,5.00,0.00,0.00,yes,Synthetic demo order
#1660,customer0887@example.com,paid,2024-08-21 18:03:16 UTC,2024-08-22,27.29,1,Sample item 07,Customer 0887,555-0187,Standard,5.00,0.00,0.00,yes,Synthetic demo order
#1659,customer0822@example.com,paid,08/21/2024 13:09,2024-08-23,69.65,2,Sample item 10,Customer 0822,555-0122,Standard,5.00,0.00,0.00,yes,Synthetic demo order
#1658,customer1440@example.com,paid,08/21/2024 07:35,2024-08-23,"22,13",3,Sample item 07,Customer 1440,555-0140,Pickup,5.00,0.00,0.00,yes,Synthetic demo order
#1657,customer0076@example.com,Paid,2024-08-20T02:36:58Z,2024-08-22,38.40,2,Sample item 09,Customer 0076,555-0176,Pickup,5.00,0.00,0.00,yes,Synthetic demo order
#1656,customer1188@example.com,paid,"Aug 19, 2024",2024-08-20,USD 35.93,3,Sample item 09,Customer 1188,555-0188,Express,5.00,0.00,0.00,yes,Synthetic demo order
#1655,,paid,2024-08-19 10:48:40 +0000,2024-08-24,$25.73,3,Sample item 10,Customer 0098,555-0198,Pickup,5.00,0.00,0.00,no,Synthetic demo order
#1654,customer0263@example.com,paid,2024-08-19 05:50:59 UTC,2024-08-22,35.01,3,Sample item 05,Customer 0263,555-0163,Pickup,5.00,0.00,0.00,no,Synthetic demo order
#1653,customer0908@example.com,paid,2024-08-19 04:55:15 +0000,2024-08-23,29.00,2,Sample item 09,Customer 0908,555-0108,Pickup,5.00,0.00,0.00,yes,Synthetic demo order
#1652,customer0767@example.com,partially_refunded,2024-08-19T03:28:45Z,2024-08-23,83.11,1,Sample item 06,Customer 0767,555-0167,Standard,0.00,0.00,0.00,no,Synthetic demo order
#1652,customer0767@example.com,partially_refunded,2024-08-19T03:28:45Z,2024-08-23,$27.20,1,Sample item 01,Customer 0767,555-0167,Pickup,5.00,0.00,0.00,no,Synthetic demo order
#1651,customer0945@example.com,paid,08/18/2024 21:10,2024-08-22,26.49,2,Sample item 06,Customer 0945,555-0145,Standard,5.00,0.00,0.00,yes,Synthetic demo order
#1650,customer0556@example.com,paid,2024-08-18 16:54:34 +0000,2024-08-19,30.30,2,Sample item 09,Customer 0556,555-0156,Express,5.00,0.00,0.00,yes,Synthetic demo order
#1649,customer0170@example.com,Paid,08/17/2024 15:05,2024-08-19,"50,29",1,Sample item 06,Customer 0170,555-0170,Standard,5.00,0.00,0.00,yes,Synthetic demo order
#1648,customer0025@example.com,paid,"Aug 17, 2024",2024-08-19,70.90,2,Sample item 05,Customer 0025,555-0125,Standard,5.00,0.00,0.00,no,Synthetic demo order
#1647,customer0090@example.com,paid,2024-08-16T23:55:20Z,2024-08-17,71.84,3,Sample item 10,Customer 0090,555-0190,Standard,5.00,0.00,0.00,no,Synthetic demo order
#1646,customer1198@example.com,paid,2024-08-16 22:51:39 +0000,2024-08-19,"16,84",2,Sample item 06,Customer 1198,555-0198,Standard,0.00,0.00,0.00,no,Synthetic demo order
#1646,customer1198@example.com,paid,2024-08-16 22:51:39 +0000,2024-08-19,21.17,2,Sample item 09,Customer 1198,555-0198,Standard,5.00,0.00,0.00,no,Synthetic demo order
#1645,Customer0907@example.com,paid,2024-08-16T15:12:06Z,2024-08-21,$109.14,3,Sample item 04,Customer 0907,555-0107,Standard,5.00,0.00,0.00,no,Synthetic demo order
#1644,,paid,2024-08-16T13:29:03Z,2024-08-17,$16.60,3,Sample item 02,Customer 0619,555-0119,Pickup,0.00,0.00,0.00,yes,Synthetic demo order
#1644,,Paid,2024-08-16T13:29:03Z,2024-08-17,$37.39,3,Sample item 08,Customer 0619,555-0119,Standard,5.00,0.00,0.00,no,Synthetic demo order
#1643,customer1092@example.com,paid,2024-08-16 08:47:41 -0500,2024-08-17,82.81,3,Sample item 05,Customer 1092,555-0192,Pickup,5.00,0.00,0.00,no,Synthetic demo order
#1642,customer0260@example.com,Paid,08/16/2024 06:50,2024-08-18,$31.25,3,Sample item 10,Customer 0260,555-0160,Pickup,5.00,0.00,0.00,yes,Synthetic demo order
#1641,customer0309@example.com,refunded,2024-08-16 05:39:18 +0000,2024-08-20,61.49,2,Sample item 02,Customer 0309,555-0109,Standard,5.00,0.00,0.00,no,Synthetic demo order
#1640,Customer0329@example.com,paid,2024-08-15 22:01:02 +0000,2024-08-17,36.53,3,Sample item 07,Customer 0329,555-0129,Pickup,5.00,0.00,0.00,no,Synthetic demo order
#1639,Customer1049@example.com,paid,2024-08-15 20:39:00 +0000,2024-08-16,57.79,2,Sample item 04,Customer 1049,555-0149,Standard,5.00,0.00,0.00,yes,Synthetic demo order
#1638,customer0047@example.com,paid,2024-08-15 18:15:11 +0200,2024-08-18,43.90,2,Sample item 04,Customer 0047,555-0147,Express,5.00,0.00,0.00,yes,Synthetic demo order
#1637,Customer0614@example.com,paid,2024-08-15 18:01:50 +0000,2024-08-17,34.94,1,Sample item 02,Customer 0614,555-0114,Express,5.00,0.00,0.00,no,Synthetic demo order
#1636,customer0085@example.com,Paid,2024-08-15 15:13:48 +0000,2024-08-18,28.70,1,Sample item 09,Customer 0085,555-0185,Express,5.00,0.00,0.00,no,Synthetic demo order
#1635,customer1003@example.com,paid,2024-08-14T22:11:43Z,2024-08-19,USD 60.00,1,Sample item 05,Customer 1003,555-0103,Pickup,5.00,0.00,0.00,yes,Synthetic demo order
#1634,customer1405@example.com,paid,2024-08-14 21:28:24 +0000,2024-08-18,19.55,1,Sample item 01,Customer 1405,555-0105,Pickup,0.00,0.00,0.00,yes,Synthetic demo order
#1634,customer1405@example.com,paid,2024-08-14 21:28:24 +0000,2024-08-18,10.06,2,Sample item 09,Customer 1405,555-0105,Standard,5.00,0.00,0.00,no,Synthetic demo order
#1633,customer0224@example.com,paid,2024-08-14 14:35:57 +0000,2024-08-15,96.36,1,Sample item 04,Customer 0224,555-0124,Pickup,5.00,0.00,0.00,yes,Synthetic demo order
#1632,customer0266@example.com,paid,"Aug 13, 2024",2024-08-18,56.11,1,Sample item 09,Customer 0266,555-0166,Pickup,5.00,0.00,0.00,yes,Synthetic demo order
#1631,,paid,08/13/2024 13:19,2024-08-14,21.03,2,Sample item 06,Customer 0017,555-0117,Express,5.00,0.00,0.00,yes,Synthetic demo order
#1630,customer0035@example.com,paid,08/13/2024 07:16,2024-08-16,25.00,3,Sample item 02,Customer 0035,555-0135,Standard,5.00,0.00,0.00,yes,Synthetic demo order
#1629,customer1093@example.com,paid,2024-08-12 14:54:05 +0000,2024-08-17,26.86,2,Sample item 04,Customer 1093,555-0193,Pickup,5.00,0.00,0.00,yes,Synthetic demo order
#1628,customer0149@example.com,paid,08/12/2024 14:48,2024-08-15,"31,51",3,Sample item 07,Customer 0149,555-0149,Express,5.00,0.00,0.00,yes,Synthetic demo order
#1627,customer1352@example.com,paid,2024-08-12T13:13:45Z,2024-08-16,50.89,2,Sample item 05,Customer 1352,555-0152,Express,5.00,0.00,0.00,no,Synthetic demo order
#1626,customer0690@example.com,paid,2024-08-12 09:38:27 +0000,2024-08-14,51.22,3,Sample item 04,Customer 0690,555-0190,Standard,5.00,0.00,0.00,yes,Synthetic demo order
#1625,customer0406@example.com,paid,"Aug 12, 2024",2024-08-15,27.48,1,Sample item 11,Customer 0406,555-0106,Pickup,5.00,0.00,0.00,no,Synthetic demo order
#1624,customer0415@example.com,paid,08/12/2024 01:35,2024-08-15,"64,50",2,Sample item 09,Customer 0415,555-0115,Standard,5.00,0.00,0.00,yes,Synthetic demo order
#1623,customer1054@example.com,paid,2024-08-12T00:08:26Z,2024-08-17,31.87,3,Sample item 01,Customer 1054,555-0154,Pickup,5.00,0.00,0.00,yes,Synthetic demo order
#1622,customer0704@example.com,paid,11 Aug 2024,2024-08-15,14.82,1,Sample item 01,Customer 0704,555-0104,Pickup,0.00,0.00,0.00,yes,Synthetic demo order
#1622,customer0704@example.com,Paid,11 Aug 2024,2024-08-15,$6.95,3,Sample item 08,Customer 0704,555-0104,Express,5.00,0.00,0.00,no,Synthetic demo order
#1621,customer1359@example.com,paid,08/11/2024 15:21,2024-08-13,"34,63",3,Sample item 06,Customer 1359,555-0159,Express,5.00,0.00,0.00,yes,Synthetic demo order
#1620,Customer1232@example.com,paid,08/11/2024 03:29,2024-08-14,100.06,1,Sample item 01,Customer 1232,555-0132,Standard,5.00,0.00,0.00,yes,Synthetic demo order
#1619,customer0156@example.com,PAID,2024-08-10 18:29:35 UTC,2024-08-12,70.86,3,Sample item 02,Customer 0156,555-0156,Express,5.00,0.00,0.00,no,Synthetic demo order
#1618,Customer0075@example.com,paid,2024-08-10 17:57:06 +0000,2024-08-15,$17.85,2,Sample item 11,Customer 0075,555-0175,Pickup,0.00,0.00,0.00,yes,Synthetic demo order
#1618,Customer0075@example.com,paid,2024-08-10 17:57:06 +0000,2024-08-15,$13.93,2,Sample item 11,Customer 0075,555-0175,Express,5.00,0.00,0.00,no,Synthetic demo order
#1617,customer0999@example.com,paid,2024-08-10 12:28:54 +0000,2024-08-14,$25.06,3,Sample item 06,Customer 0999,555-0199,Pickup,5.00,0.00,0.00,no,Synthetic demo order
#1616,Customer1100@example.com,paid,08/09/2024 16:39,2024-08-11,40.74,3,Sample item 07,Customer 1100,555-0100,Pickup,5.00,0.00,0.00,no,Synthetic demo order
#1615,,PAID,2024-08-09T07:55:16Z,2024-08-13,USD 19.59,1,Sample item 03,Customer 1252,555-0152,Pickup,5.00,0.00,0.00,no,Synthetic demo order
#1614,customer0513@example.com,Paid,2024-08-09 03:23:04 UTC,2024-08-10,"26,12",1,Sample item 05,Customer 0513,555-0113,Pickup,5.00,0.00,0.00,yes,Synthetic demo order
#1613,customer0916@example.com,paid,2024-08-08 12:19:27 UTC,2024-08-11,41.02,2,Sample item 08,Customer 0916,555-0116,Standard,5.00,0.00,0.00,yes,Synthetic demo order
#1612,customer0902@example.com,paid,2024-08-07 16:03:49 +0000,2024-08-12,$26.56,2,Sample item 09,Customer 0902,555-0102,Standard,5.00,0.00,0.00,yes,Synthetic demo order
#1611,customer0896@example.com,Partially_Refunded,2024-08-07 12:46:56 +0000,2024-08-10,52.84,1,Sample item 08,Customer 0896,555-0196,Express,5.00,0.00,0.00,no,Synthetic demo order
#1610,customer0474@example.com,PAID,2024-08-07 07:09:02 +0000,2024-08-09,25.44,1,Sample item 01,Customer 0474,555-0174,Express,5.00,0.00,0.00,no,Synthetic demo order
#1609,customer0595@example.com,paid,2024-08-07T06:57:21Z,2024-08-09,"2,455.11",2,Sample item 10,Customer 0595,555-0195,Express,5.00,0.00,0.00,yes,Synthetic demo order
#1608,customer0334@example.com,paid,2024-08-06T19:29:34Z,2024-08-08,$100.13,3,Sample item 03,Customer 0334,555-0134,Standard,5.00,0.00,0.00,no,Synthetic demo order
#1607,customer1385@example.com,paid,2024-08-06 13:37:51 -0500,2024-08-07,46.46,1,Sample item 10,Customer 1385,555-0185,Express,5.00,0.00,0.00,yes,Synthetic demo order
#1606,customer1052@example.com,paid,08/05/2024 18:21,2024-08-08,23.65,2,Sample item 06,Customer 1052,555-0152,Standard,5.00,0.00,0.00,yes,Synthetic demo order
#1605,customer0660@example.com,paid,2024-08-05 13:22:38 +0000,2024-08-06,33.55,2,Sample item 03,Customer 0660,555-0160,Pickup,5.00,0.00,0.00,no,Synthetic demo order
#1604,customer0967@example.com,paid,2024-08-05 08:15:30 +0000,2024-08-08,$65.80,2,Sample item 02,Customer 0967,555-0167,Express,5.00,0.00,0.00,no,Synthetic demo order
#1603,,paid,2024-08-04 21:32:00 +0000,2024-08-09,"41,30",2,Sample item 01,Customer 0662,555-0162,Standard,5.00,0.00,0.00,yes,Synthetic demo order
#1602,customer0819@example.com,paid,2024-08-03 21:25:59 -0500,2024-08-05,$10.30,2,Sample item 08,Customer 0819,555-0119,Standard,0.00,0.00,0.00,yes,Synthetic demo order
#1602,customer0819@example.com,Paid,2024-08-03 21:25:59 -0500,2024-08-05,"18,59",2,Sample item 08,Customer 0819,555-0119,Standard,5.00,0.00,0.00,yes,Synthetic demo order
#1601,customer0107@example.com,Refunded,2024-08-03 08:51:45 +0000,2024-08-07,$57.84,3,Sample item 01,Customer 0107,555-0107,Standard,5.00,0.00,0.00,no,Synthetic demo order
#1600,customer0444@example.com,paid,2024-08-02 22:01:43 +0000,2024-08-03,27.16,2,Sample item 08,Customer 0444,555-0144,Standard,5.00,0.00,0.00,yes,Synthetic demo order
#1599,Customer1442@example.com,paid,"Aug 01, 2024",2024-08-03,78.12,2,Sample item 07,Customer 1442,555-0142,Standard,5.00,0.00,0.00,no,Synthetic demo order
#1598,customer1214@example.com,Paid,2024-08-01 16:26:34 +0000,2024-08-04,"1,014.85",3,Sample item 05,Customer 1214,555-0114,Pickup,5.00,0.00,0.00,no,Synthetic demo order
#1597,customer0371@example.com,paid,08/01/2024 05:43,2024-08-04,USD 54.14,2,Sample item 05,Customer 0371,555-0171,Express,0.00,0.00,0.00,no,Synthetic demo order
#1597,customer0371@example.com,paid,08/01/2024 05:43,2024-08-04,1.49,1,Sample item 08,Customer 0371,555-0171,Pickup,5.00,0.00,0.00,no,Synthetic demo order
#1596,customer1118@example.com,Paid,2024-08-01 04:58:46 UTC,2024-08-05,31.55,2,Sample item 11,Customer 1118,555-0118,Express,5.00,0.00,0.00,no,Synthetic demo order
#1595,customer1328@example.com,paid,2024-08-01 01:09:31 UTC,2024-08-02,36.74,1,Sample item 04,Customer 1328,555-0128,Pickup,5.00,0.00,0.00,yes,Synthetic demo order
#1594,Customer0098@example.com,Paid,2024-07-30 18:02:14 +0000,2024-07-31,"13,11",1,Sample item 01,Customer 0098,555-0198,Express,0.00,0.00,0.00,yes,Synthetic demo order
#1594,Customer0098@example.com,paid,2024-07-30 18:02:14 +0000,2024-07-31,5.99,3,Sample item 06,Customer 0098,555-0198,Express,5.00,0.00,0.00,yes,Synthetic demo order
#1593,customer0752@example.com,paid,2024-07-30 16:43:57 +0000,2024-08-04,66.39,2,Sample item 03,Customer 0752,555-0152,Express,5.00,0.00,0.00,yes,Synthetic demo order
#1592,customer0008@example.com,paid,2024-07-30 16:11:34 +0000,2024-08-04,47.71,1,Sample item 09,Customer 0008,555-0108,Express,5.00,0.00,0.00,yes,Synthetic demo order
#1591,Customer0145@example.com,cancelled,07/30/2024 13:15,2024-08-01,57.04,3,Sample item 04,Customer 0145,555-0145,Pickup,5.00,0.00,0.00,yes,Synthetic demo order
#1590,customer0643@example.com,PAID,2024-07-30 11:18:59 +0000,2024-08-03,$41.06,3,Sample item 09,Customer 0643,555-0143,Express,5.00,0.00,0.00,yes,Synthetic demo order
#1589,customer0212@example.com,paid,07/29/2024 08:44,2024-07-30,35.83,3,Sample item 10,Customer 0212,555-0112,Standard,5.00,0.00,0.00,no,Synthetic demo order
#1588,Customer0308@example.com,refunded,2024-07-29 00:33:59 UTC,2024-08-03,$49.09,1,Sample item 06,Customer 0308,555-0108,Standard,0.00,0.00,0.00,no,Synthetic demo order
#1588,Customer0308@example.com,REFUNDED,2024-07-29 00:33:59 UTC,2024-08-03,26.66,3,Sample item 03,Customer 0308,555-0108,Standard,5.00,0.00,0.00,no,Synthetic demo order
#1587,customer0102@example.com,paid,29 Jul 2024,2024-07-30,63.41,1,Sample item 04,Customer 0102,555-0102,Express,5.00,0.00,0.00,yes,Synthetic demo order
#1586,customer0940@example.com,paid,2024-07-28 13:04:25 UTC,2024-07-30,18.96,1,Sample item 01,Customer 0940,555-0140,Pickup,0.00,0.00,0.00,no,Synthetic demo order
#1586,customer0940@example.com,paid,2024-07-28 13:04:25 UTC,2024-07-30,29.42,1,Sample item 10,Customer 0940,555-0140,Pickup,5.00,0.00,0.00,no,Synthetic demo order
#1585,customer1252@example.com,paid,"Jul 28, 2024",2024-07-30,$32.24,3,Sample item 04,Customer 1252,555-0152,Standard,5.00,0.00,0.00,yes,Synthetic demo order
#1584,customer1245@example.com,paid,2024-07-28 06:42:16 +0000,2024-08-02,18.27,2,Sample item 06,Customer 1245,555-0145,Pickup,0.00,0.00,0.00,yes,Synthetic demo order
#1584,customer1245@example.com,Paid,2024-07-28 06:42:16 +0000,2024-08-02,"7,14",2,Sample item 07,Customer 1245,555-0145,Standard,5.00,0.00,0.00,yes,Synthetic demo order
#1583,Customer0282@example.com,Paid,"Jul 27, 2024",2024-07-31,$24.64,3,Sample item 04,Customer 0282,555-0182,Express,5.00,0.00,0.00,yes,Synthetic demo order
#1582,,Paid,2024-07-27 17:51:04 UTC,2024-07-28,19.09,2,Sample item 09,Customer 0734,555-0134,Standard,0.00,0.00,0.00,yes,Synthetic demo order
#1582,,paid,2024-07-27 17:51:04 UTC,2024-07-28,22.48,1,Sample item 08,Customer 0734,555-0134,Express,5.00,0.00,0.00,no,Synthetic demo order
#1581,customer0935@example.com,Paid,07/27/2024 15:10,2024-07-29,34.16,3,Sample item 07,Customer 0935,555-0135,Standard,5.00,0.00,0.00,yes,Synthetic demo order
#1580,customer0189@example.com,paid,2024-07-26T20:01:08Z,2024-07-29,35.78,3,Sample item 08,Customer 0189,555-0189,Express,5.00,0.00,0.00,yes,Synthetic demo order
#1579,Customer0848@example.com,Paid,07/26/2024 05:22,2024-07-29,15.98,3,Sample item 05,Customer 0848,555-0148,Express,0.00,0.00,0.00,no,Synthetic demo order
#1579,Customer0848@example.com,paid,07/26/2024 05:22,2024-07-29,47.04,1,Sample item 01,Customer 0848,555-0148,Pickup,5.00,0.00,0.00,no,Synthetic demo order
#1578,customer0967@example.com,PAID,2024-07-26 04:12:23 UTC,2024-07-27,USD 43.40,3,Sample item 07,Customer 0967,555-0167,Pickup,5.00,0.00,0.00,yes,Synthetic demo order
#1577,Customer0901@example.com,paid,07/24/2024 22:50,2024-07-27,2790.84,3,Sample item 02,Customer 0901,555-0101,Express,5.00,0.00,0.00,yes,Synthetic demo order
#1576,customer0035@example.com,Voided,07/24/2024 20:36,2024-07-26,25.09,1,Sample item 05,Customer 0035,555-0135,Pickup,5.00,0.00,0.00,no,Synthetic demo order
#1575,customer1329@example.com,paid,2024-07-24 17:22:19 +0000,2024-07-25,28.28,2,Sample item 08,Customer 1329,555-0129,Standard,5.00,0.00,0.00,no,Synthetic demo order
#1574,customer0750@example.com,paid,2024-07-24 13:57:50 UTC,2024-07-25,$6.62,3,Sample item 10,Customer 0750,555-0150,Express,0.00,0.00,0.00,yes,Synthetic demo order
#1574,customer0750@example.com,paid,2024-07-24 13:57:50 UTC,2024-07-25,11.81,2,Sample item 01,Customer 0750,555-0150,Pickup,5.00,0.00,0.00,no,Synthetic demo order
#1573,customer1184@example.com,paid,2024-07-24 08:34:34 +0000,2024-07-28,19.14,1,Sample item 05,Customer 1184,555-0184,Express,5.00,0.00,0.00,no,Synthetic demo order
#1572,customer0893@example.com,paid,2024-07-24T06:41:53Z,2024-07-27,38.16,3,Sample item 07,Customer 0893,555-0193,Standard,5.00,0.00,0.00,yes,Synthetic demo order
#1571,customer1208@example.com,Paid,"Jul 24, 2024",2024-07-25,48.00,1,Sample item 06,Customer 1208,555-0108,Standard,5.00,0.00,0.00,yes,Synthetic demo order
#1570,customer1276@example.com,paid,2024-07-24 04:08:22 +0000,2024-07-25,"$1,187.87",2,Sample item 01,Customer 1276,555-0176,Standard,5.00,0.00,0.00,yes,Synthetic demo order
#1569,Customer1483@example.com,paid,2024-07-23 18:41:39 +0000,2024-07-28,45.70,2,Sample item 06,Customer 1483,555-0183,Standard,0.00,0.00,0.00,yes,Synthetic demo order
#1569,Customer1483@example.com,paid,2024-07-23 18:41:39 +0000,2024-07-28,$23.74,1,Sample item 02,Customer 1483,555-0183,Express,5.00,0.00,0.00,yes,Synthetic demo order
#1568,customer1172@example.com,paid,07/22/2024 12:09,2024-07-25,34.78,1,Sample item 05,Customer 1172,555-0172,Express,5.00,0.00,0.00,yes,Synthetic demo order
#1567,customer1093@example.com,paid,2024-07-22T10:40:42Z,2024-07-25,15.64,1,Sample item 05,Customer 1093,555-0193,Pickup,5.00,0.00,0.00,yes,Synthetic demo order
#1566,customer0242@example.com,paid,22 Jul 2024,2024-07-27,$44.42,2,Sample item 04,Customer 0242,555-0142,Express,5.00,0.00,0.00,no,Synthetic demo order
#1565,customer1169@example.com,paid,2024-07-22T05:32:08Z,2024-07-26,38.94,1,Sample item 07,Customer 1169,555-0169,Pickup,5.00,0.00,0.00,yes,Synthetic demo order
#1564,customer0552@example.com,paid,2024-07-22 03:45:10 +0000,2024-07-25,40.97,2,Sample item 11,Customer 0552,555-0152,Express,5.00,0.00,0.00,yes,Synthetic demo order
#1563,customer1303@example.com,paid,07/22/2024 00:49,2024-07-27,$85.90,2,Sample item 04,Customer 1303,555-0103,Express,5.00,0.00,0.00,no,Synthetic demo order
#1562,customer0820@example.com,refunded,2024-07-21 18:53:34 +0200,2024-07-26,$55.17,1,Sample item 01,Customer 0820,555-0120,Standard,5.00,0.00,0.00,yes,Synthetic demo order
#1561,Customer0375@example.com,paid,2024-07-21T18:08:18Z,2024-07-22,$40.99,3,Sample item 11,Customer 0375,555-0175,Pickup,0.00,0.00,0.00,no,Synthetic demo order
#1561,Customer0375@example.com,PAID,2024-07-21T18:08:18Z,2024-07-22,15.49,1,Sample item 06,Customer 0375,555-0175,Standard,5.00,0.00,0.00,no,Synthetic demo order
#1560,customer0028@example.com,paid,2024-07-21 11:45:32 +0200,2024-07-22,USD 52.30,1,Sample item 09,Customer 0028,555-0128,Express,5.00,0.00,0.00,yes,Synthetic demo order
#1559,,voided,07/21/2024 10:21,2024-07-22,$24.25,2,Sample item 06,Customer 0172,555-0172,Standard,0.00,0.00,0.00,no,Synthetic demo order
#1559,,voided,07/21/2024 10:21,2024-07-22,$10.58,1,Sample item 05,Customer 0172,555-0172,Pickup,5.00,0.00,0.00,no,Synthetic demo order
#1558,customer0869@example.com,paid,2024-07-21 06:21:04 +0000,2024-07-23,32.32,2,Sample item 09,Customer 0869,555-0169,Standard,0.00,0.00,0.00,no,Synthetic demo order
#1558,customer0869@example.com,Paid,2024-07-21 06:21:04 +0000,2024-07-23,"9,08",1,Sample item 06,Customer 0869,555-0169,Standard,5.00,0.00,0.00,no,Synthetic demo order
#1557,customer0979@example.com,Paid,07/20/2024 20:59,2024-07-25,58.97,3,Sample item 06,Customer 0979,555-0179,Express,5.00,0.00,0.00,yes,Synthetic demo order
#1556,customer1062@example.com,Paid,2024-07-20 15:10:41 +0000,2024-07-23,55.89,2,Sample item 11,Customer 1062,555-0162,Pickup,5.00,0.00,0.00,yes,Synthetic demo order
#1555,customer0925@example.com,partially_refunded,07/19/2024 13:43,2024-07-20,$74.42,3,Sample item 07,Customer 0925,555-0125,Standard,5.00,0.00,0.00,no,Synthetic demo order
#1554,Customer0970@example.com,paid,2024-07-19 11:27:32 +0000,2024-07-23,19.13,2,Sample item 06,Customer 0970,555-0170,Pickup,5.00,0.00,0.00,no,Synthetic demo order
#1553,customer0829@example.com,paid,2024-07-19 03:36:03 -0500,2024-07-20,$35.52,3,Sample item 02,Customer 0829,555-0129,Standard,5.00,0.00,0.00,no,Synthetic demo order
#1552,customer0347@example.com,paid,2024-07-19 03:04:44 +0000,2024-07-20,"31,32",1,Sample item 05,Customer 0347,555-0147,Express,0.00,0.00,0.00,no,Synthetic demo order
#1552,customer0347@example.com,PAID,2024-07-19 03:04:44 +0000,2024-07-20,USD 7.26,1,Sample item 10,Customer 0347,555-0147,Express,5.00,0.00,0.00,no,Synthetic demo order
#1551,customer0780@example.com,PAID,2024-07-19 01:21:06 +0000,2024-07-23,17.10,3,Sample item 07,Customer 0780,555-0180,Pickup,5.00,0.00,0.00,no,Synthetic demo order
#1550,customer0908@example.com,PAID,2024-07-18 04:42:31 -0500,2024-07-22,29.06,3,Sample item 03,Customer 0908,555-0108,Standard,5.00,0.00,0.00,yes,Synthetic demo order
#1549,customer1121@example.com,paid,2024-07-18T03:24:13Z,2024-07-21,38.31,3,Sample item 09,Customer 1121,555-0121,Express,5.00,0.00,0.00,no,Synthetic demo order
#1548,customer1053@example.com,paid,2024-07-17 20:13:47 UTC,2024-07-18,34.10,1,Sample item 05,Customer 1053,555-0153,Standard,5.00,0.00,0.00,no,Synthetic demo order
#1547,Customer0309@example.com,paid,2024-07-17 14:37:50 UTC,2024-07-18,48.98,3,Sample item 07,Customer 0309,555-0109,Pickup,5.00,0.00,0.00,no,Synthetic demo order
#1546,customer0435@example.com,paid,07/16/2024 22:09,2024-07-19,66.53,1,Sample item 04,Customer 0435,555-0135,Pickup,5.00,0.00,0.00,yes,Synthetic demo order
#1545,Customer0283@example.com,paid,2024-07-16 02:20:48 +0000,2024-07-19,43.52,2,Sample item 02,Customer 0283,555-0183,Standard,5.00,0.00,0.00,yes,Synthetic demo order
#1544,customer0951@example.com,refunded,15 Jul 2024,2024-07-19,29.14,3,Sample item 02,Customer 0951,555-0151,Express,5.00,0.00,0.00,no,Synthetic demo order
#1543,customer0727@example.com,Paid,2024-07-14 20:22:46 +0000,2024-07-19,52.60,3,Sample item 01,Customer 0727,555-0127,Pickup,5.00,0.00,0.00,no,Synthetic demo order
#1542,customer0586@example.com,paid,2024-07-14 15:47:57 +0000,2024-07-17,39.88,3,Sample item 07,Customer 0586,555-0186,Express,0.00,0.00,0.00,yes,Synthetic demo order
#1542,customer0586@example.com,paid,2024-07-14 15:47:57 +0000,2024-07-17,$0.68,2,Sample item 03,Customer 0586,555-0186,Pickup,5.00,0.00,0.00,no,Synthetic demo order
#1541,customer1049@example.com,paid,2024-07-14 10:57:25 +0000,2024-07-19,$50.22,2,Sample item 04,Customer 1049,555-0149,Express,5.00,0.00,0.00,yes,Synthetic demo order
#1540,customer0253@example.com,paid,2024-07-14 08:55:01 +0000,2024-07-16,$12.70,1,Sample item 07,Customer 0253,555-0153,Pickup,0.00,0.00,0.00,no,Synthetic demo order
#1540,customer0253@example.com,paid,2024-07-14 08:55:01 +0000,2024-07-16,61.61,3,Sample item 03,Customer 0253,555-0153,Pickup,5.00,0.00,0.00,no,Synthetic demo order
#1539,Customer0388@example.com,Paid,07/13/2024 08:28,2024-07-14,37.87,1,Sample item 11,Customer 0388,555-0188,Pickup,5.00,0.00,0.00,yes,Synthetic demo order
#1538,customer0257@example.com,paid,2024-07-13 03:25:46 +0000,2024-07-15,$16.30,3,Sample item 01,Customer 0257,555-0157,Standard,5.00,0.00,0.00,yes,Synthetic demo order
#1537,customer0726@example.com,paid,2024-07-13 02:37:28 +0000,2024-07-17,USD 30.49,2,Sample item 08,Customer 0726,555-0126,Pickup,5.00,0.00,0.00,no,Synthetic demo order
#1536,customer1080@example.com,paid,2024-07-12T21:41:36Z,2024-07-17,USD 69.74,2,Sample item 07,Customer 1080,555-0180,Express,5.00,0.00,0.00,yes,Synthetic demo order
#1535,customer1442@example.com,paid,07/12/2024 20:29,2024-07-13,112.23,2,Sample item 01,Customer 1442,555-0142,Pickup,5.00,0.00,0.00,no,Synthetic demo order
#1534,customer0945@example.com,Paid,2024-07-12 17:35:41 +0000,2024-07-14,"3,91",2,Sample item 03,Customer 0945,555-0145,Standard,0.00,0.00,0.00,yes,Synthetic demo order
#1534,customer0945@example.com,paid,2024-07-12 17:35:41 +0000,2024-07-14,23.13,1,Sample item 05,Customer 0945,555-0145,Pickup,5.00,0.00,0.00,yes,Synthetic demo order
#1533,customer0952@example.com,PAID,2024-07-12 17:28:38 UTC,2024-07-15,25.53,2,Sample item 01,Customer 0952,555-0152,Pickup,5.00,0.00,0.00,yes,Synthetic demo order
#1532,customer0984@example.com,VOIDED,"Jul 11, 2024",2024-07-13,36.93,2,Sample item 04,Customer 0984,555-0184,Standard,5.00,0.00,0.00,yes,Synthetic demo order
#1531,customer0349@example.com,paid,2024-07-11 19:01:18 +0000,2024-07-14,$35.48,3,Sample item 05,Customer 0349,555-0149,Pickup,5.00,0.00,0.00,yes,Synthetic demo order
#1530,customer0286@example.com,paid,2024-07-11 15:59:42 UTC,2024-07-15,24.32,2,Sample item 04,Customer 0286,555-0186,Express,5.00,0.00,0.00,no,Synthetic demo order
#1529,customer0892@example.com,paid,11 Jul 2024,2024-07-15,38.94,1,Sample item 05,Customer 0892,555-0192,Pickup,5.00,0.00,0.00,no,Synthetic demo order
#1528,customer1389@example.com,paid,2024-07-11 04:17:29 -0500,2024-07-14,$38.25,2,Sample item 03,Customer 1389,555-0189,Express,5.00,0.00,0.00,no,Synthetic demo order
#1527,customer0561@example.com,paid,2024-07-11 04:04:23 +0000,2024-07-15,33.49,3,Sample item 04,Customer 0561,555-0161,Pickup,0.00,0.00,0.00,yes,Synthetic demo order
#1527,customer0561@example.com,paid,2024-07-11 04:04:23 +0000,2024-07-15,26.29,2,Sample item 02,Customer 0561,555-0161,Express,5.00,0.00,0.00,yes,Synthetic demo order
#1526,customer0752@example.com,paid,2024-07-10T23:03:11Z,2024-07-13,$54.35,2,Sample item 04,Customer 0752,555-0152,Pickup,5.00,0.00,0.00,no,Synthetic demo order
#1525,customer1385@example.com,paid,2024-07-10 15:55:23 +0000,2024-07-14,29.76,3,Sample item 11,Customer 1385,555-0185,Express,5.00,0.00,0.00,yes,Synthetic demo order
#1524,customer0770@example.com,paid,07/10/2024 10:10,2024-07-12,USD 25.38,1,Sample item 11,Customer 0770,555-0170,Standard,5.00,0.00,0.00,no,Synthetic demo order
#1523,customer0309@example.com,paid,2024-07-10T00:25:33Z,2024-07-15,"33,74",2,Sample item 04,Customer 0309,555-0109,Pickup,5.00,0.00,0.00,no,Synthetic demo order
#1522,customer0191@example.com,Cancelled,2024-07-09T16:21:06Z,2024-07-13,73.60,3,Sample item 05,Customer 0191,555-0191,Express,5.00,0.00,0.00,no,Synthetic demo order
#1521,Guest,cancelled,07/09/2024 11:01,2024-07-13,28.83,1,Sample item 06,Customer 0098,555-0198,Express,5.00,0.00,0.00,no,Synthetic demo order
#1520,customer0415@example.com,paid,2024-07-09 09:53:49 +0000,2024-07-11,27.40,2,Sample item 06,Customer 0415,555-0115,Express,0.00,0.00,0.00,no,Synthetic demo order
#1520,customer0415@example.com,paid,2024-07-09 09:53:49 +0000,2024-07-11,62.39,2,Sample item 05,Customer 0415,555-0115,Standard,5.00,0.00,0.00,yes,Synthetic demo order
#1519,customer0700@example.com,paid,2024-07-09 03:40:22 +0000,2024-07-12,37.13,3,Sample item 01,Customer 0700,555-0100,Pickup,0.00,0.00,0.00,no,Synthetic demo order
#1519,customer0700@example.com,Paid,2024-07-09 03:40:22 +0000,2024-07-12,11.97,1,Sample item 06,Customer 0700,555-0100,Standard,5.00,0.00,0.00,yes,Synthetic demo order
#1518,customer1462@example.com,paid,2024-07-08 23:10:32 UTC,2024-07-10,20.19,2,Sample item 06,Customer 1462,555-0162,Express,0.00,0.00,0.00,yes,Synthetic demo order
#1518,customer1462@example.com,Paid,2024-07-08 23:10:32 UTC,2024-07-10,$10.21,2,Sample item 03,Customer 1462,555-0162,Pickup,5.00,0.00,0.00,no,Synthetic demo order
#1517,Customer0418@example.com,Voided,2024-07-08 19:51:16 UTC,2024-07-12,9.17,3,Sample item 06,Customer 0418,555-0118,Standard,0.00,0.00,0.00,yes,Synthetic demo order
#1517,Customer0418@example.com,voided,2024-07-08 19:51:16 UTC,2024-07-12,26.06,2,Sample item 04,Customer 0418,555-0118,Standard,5.00,0.00,0.00,no,Synthetic demo order
#1516,customer1090@example.com,refunded,2024-07-08 17:41:27 +0000,2024-07-12,8.55,2,Sample item 08,Customer 1090,555-0190,Express,0.00,0.00,0.00,no,Synthetic demo order
#1516,customer1090@example.com,refunded,2024-07-08 17:41:27 +0000,2024-07-12,$20.84,1,Sample item 01,Customer 1090,555-0190,Express,5.00,0.00,0.00,yes,Synthetic demo order
#1515,customer0793@example.com,paid,2024-07-07 22:10:06 UTC,2024-07-12,33.85,3,Sample item 04,Customer 0793,555-0193,Standard,0.00,0.00,0.00,yes,Synthetic demo order
#1515,customer0793@example.com,paid,2024-07-07 22:10:06 UTC,2024-07-12,0.38,2,Sample item 03,Customer 0793,555-0193,Pickup,5.00,0.00,0.00,yes,Synthetic demo order
#1514,customer0767@example.com,Paid,2024-07-07T21:48:41Z,2024-07-12,28.68,1,Sample item 08,Customer 0767,555-0167,Pickup,0.00,0.00,0.00,no,Synthetic demo order
#1514,customer0767@example.com,Paid,2024-07-07T21:48:41Z,2024-07-12,41.00,1,Sample item 08,Customer 0767,555-0167,Express,5.00,0.00,0.00,yes,Synthetic demo order
#1513,customer0426@example.com,Paid,2024-07-07 11:31:16 +0000,2024-07-10,46.39,1,Sample item 03,Customer 0426,555-0126,Standard,5.00,0.00,0.00,no,Synthetic demo order
#1512,customer0282@example.com,Paid,2024-07-06 23:16:05 +0000,2024-07-08,USD 31.01,1,Sample item 10,Customer 0282,555-0182,Standard,5.00,0.00,0.00,no,Synthetic demo order
#1511,customer0588@example.com,paid,2024-07-06 15:23:24 +0000,2024-07-09,24.29,1,Sample item 02,Customer 0588,555-0188,Express,5.00,0.00,0.00,no,Synthetic demo order
#1510,Customer0653@example.com,paid,2024-07-06 12:22:35 +0000,2024-07-09,26.68,3,Sample item 05,Customer 0653,555-0153,Pickup,5.00,0.00,0.00,no,Synthetic demo order
#1509,customer0254@example.com,paid,2024-07-06 05:40:40 UTC,2024-07-09,$33.96,3,Sample item 02,Customer 0254,555-0154,Standard,5.00,0.00,0.00,yes,Synthetic demo order
#1508,customer1221@example.com,paid,"Jul 05, 2024",2024-07-09,26.12,3,Sample item 10,Customer 1221,555-0121,Standard,5.00,0.00,0.00,no,Synthetic demo order
#1507,customer0537@example.com,Paid,"Jul 05, 2024",2024-07-08,38.15,3,Sample item 01,Customer 0537,555-0137,Pickup,5.00,0.00,0.00,no,Synthetic demo order
#1506,customer1440@example.com,paid,2024-07-05 07:49:45 +0000,2024-07-06,23.01,1,Sample item 06,Customer 1440,555-0140,Pickup,0.00,0.00,0.00,no,Synthetic demo order
#1506,customer1440@example.com,paid,2024-07-05 07:49:45 +0000,2024-07-06,"5,95",2,Sample item 08,Customer 1440,555-0140,Standard,5.00,0.00,0.00,yes,Synthetic demo order
#1505,customer0111@example.com,paid,07/04/2024 16:48,2024-07-08,66.03,1,Sample item 01,Customer 0111,555-0111,Pickup,5.00,0.00,0.00,yes,Synthetic demo order
#1504,customer0643@example.com,paid,2024-07-04 11:48:12 UTC,2024-07-07,34.38,1,Sample item 02,Customer 0643,555-0143,Standard,5.00,0.00,0.00,yes,Synthetic demo order
#1503,customer1401@example.com,paid,not available,2024-07-05,$28.97,2,Sample item 04,Customer 1401,555-0101,Standard,5.00,0.00,0.00,no,Synthetic demo order
#1502,customer0692@example.com,Paid,07/04/2024 04:41,2024-07-06,46.77,2,Sample item 02,Customer 0692,555-0192,Express,5.00,0.00,0.00,yes,Synthetic demo order
#1501,customer0025@example.com,Paid,2024-07-04T03:03:59Z,2024-07-07,USD 79.35,2,Sample item 01,Customer 0025,555-0125,Express,5.00,0.00,0.00,yes,Synthetic demo order
#1500,customer0073@example.com,REFUNDED,2024-07-03 18:46:23 +0200,2024-07-08,USD 26.22,2,Sample item 07,Customer 0073,555-0173,Standard,5.00,0.00,0.00,no,Synthetic demo order
#1499,customer0555@example.com,Paid,03 Jul 2024,2024-07-07,43.39,3,Sample item 10,Customer 0555,555-0155,Pickup,5.00,0.00,0.00,no,Synthetic demo order
#1498,Customer0312@example.com,PAID,2024-07-02 22:19:07 UTC,2024-07-05,35.56,2,Sample item 11,Customer 0312,555-0112,Express,5.00,0.00,0.00,yes,Synthetic demo order
#1497,customer0242@example.com,paid,2024-07-02 21:32:29 +0000,2024-07-05,USD 67.61,2,Sample item 03,Customer 0242,555-0142,Pickup,5.00,0.00,0.00,no,Synthetic demo order
#1496,customer0827@example.com,Paid,2024-07-01 13:11:16 +0000,2024-07-04,49.59,3,Sample item 04,Customer 0827,555-0127,Standard,5.00,0.00,0.00,yes,Synthetic demo order
#1495,Customer0632@example.com,cancelled,2024-07-01 11:00:40 +0000,2024-07-02,43.19,3,Sample item 09,Customer 0632,555-0132,Express,5.00,0.00,0.00,no,Synthetic demo order
#1494,customer0205@example.com,partially_refunded,30 Jun 2024,2024-07-01,42.71,1,Sample item 03,Customer 0205,555-0105,Express,5.00,0.00,0.00,yes,Synthetic demo order
#1493,customer0403@example.com,paid,06/30/2024 13:09,2024-07-02,22.98,1,Sample item 11,Customer 0403,555-0103,Pickup,5.00,0.00,0.00,yes,Synthetic demo order
#1492,customer0293@example.com,refunded,2024-06-30 07:25:05 +0000,2024-07-01,"29,94",1,Sample item 03,Customer 0293,555-0193,Express,5.00,0.00,0.00,yes,Synthetic demo order
#1491,Customer0162@example.com,paid,2024-06-30 03:50:52 +0000,2024-07-02,55.23,1,Sample item 11,Customer 0162,555-0162,Pickup,5.00,0.00,0.00,no,Synthetic demo order
#1490,customer0552@example.com,paid,2024-06-30T02:24:55Z,2024-07-02,23.10,3,Sample item 01,Customer 0552,555-0152,Pickup,5.00,0.00,0.00,no,Synthetic demo order
#1489,,paid,2024-06-29T22:47:47Z,2024-07-03,74.62,2,Sample item 08,Customer 1467,555-0167,Pickup,5.00,0.00,0.00,no,Synthetic demo order
#1488,customer1359@example.com,paid,2024-06-29 17:16:06 +0200,2024-07-01,$33.66,3,Sample item 05,Customer 1359,555-0159,Pickup,5.00,0.00,0.00,yes,Synthetic demo order
#1487,customer1100@example.com,paid,2024-06-29T11:09:59Z,2024-07-03,41.59,1,Sample item 10,Customer 1100,555-0100,Pickup,5.00,0.00,0.00,yes,Synthetic demo order
#1486,customer0755@example.com,voided,2024-06-29 07:42:01 +0000,2024-07-04,$21.05,1,Sample item 03,Customer 0755,555-0155,Pickup,0.00,0.00,0.00,no,Synthetic demo order
#1486,customer0755@example.com,voided,2024-06-29 07:42:01 +0000,2024-07-04,3.21,2,Sample item 01,Customer 0755,555-0155,Express,5.00,0.00,0.00,yes,Synthetic demo order
#1485,customer1483@example.com,paid,2024-06-29 01:27:18 +0000,2024-06-30,50.25,3,Sample item 08,Customer 1483,555-0183,Pickup,5.00,0.00,0.00,yes,Synthetic demo order
#1484,Customer1188@example.com,paid,2024-06-28 19:49:26 +0000,2024-06-30,34.01,3,Sample item 11,Customer 1188,555-0188,Express,5.00,0.00,0.00,no,Synthetic demo order
#1483,customer0194@example.com,paid,28 Jun 2024,2024-07-01,74.08,2,Sample item 03,Customer 0194,555-0194,Standard,5.00,0.00,0.00,yes,Synthetic demo order
#1482,customer0015@example.com,paid,"Jun 28, 2024",2024-07-02,60.59,2,Sample item 02,Customer 0015,555-0115,Pickup,5.00,0.00,0.00,no,Synthetic demo order
#1481,customer0767@example.com,Paid,2024-06-28 07:00:48 +0000,2024-07-02,87.76,1,Sample item 05,Customer 0767,555-0167,Pickup,5.00,0.00,0.00,no,Synthetic demo order
#1480,customer0038@example.com,Paid,2024-06-28 06:47:04 UTC,2024-06-29,USD 59.39,1,Sample item 09,Customer 0038,555-0138,Standard,5.00,0.00,0.00,no,Synthetic demo order
#1479,customer0487@example.com,paid,2024-06-27T23:00:15Z,2024-06-29,8.74,3,Sample item 10,Customer 0487,555-0187,Standard,0.00,0.00,0.00,no,Synthetic demo order
#1479,customer0487@example.com,paid,2024-06-27T23:00:15Z,2024-06-29,56.66,3,Sample item 05,Customer 0487,555-0187,Pickup,5.00,0.00,0.00,yes,Synthetic demo order
#1478,customer0127@example.com,paid,06/27/2024 18:39,2024-06-30,USD 69.98,3,Sample item 01,Customer 0127,555-0127,Pickup,5.00,0.00,0.00,yes,Synthetic demo order
#1477,customer1456@example.com,Refunded,2024-06-27 14:11:07 +0000,2024-06-28,$129.02,3,Sample item 11,Customer 1456,555-0156,Standard,5.00,0.00,0.00,yes,Synthetic demo order
#1476,customer0935@example.com,paid,06/27/2024 09:07,2024-06-29,"28,56",1,Sample item 08,Customer 0935,555-0135,Standard,5.00,0.00,0.00,no,Synthetic demo order
#1475,Customer1252@example.com,paid,2024-06-25 21:37:52 +0000,2024-06-26,$20.41,1,Sample item 07,Customer 1252,555-0152,Express,5.00,0.00,0.00,yes,Synthetic demo order
#1474,customer1053@example.com,paid,2024-06-25 18:17:31 UTC,2024-06-30,38.12,3,Sample item 04,Customer 1053,555-0153,Standard,5.00,0.00,0.00,yes,Synthetic demo order
#1473,Customer0618@example.com,Paid,2024-06-25 08:50:53 -0500,2024-06-26,18.46,3,Sample item 04,Customer 0618,555-0118,Pickup,5.00,0.00,0.00,yes,Synthetic demo order
#1472,customer0732@example.com,paid,2024-06-24 18:36:24 +0000,2024-06-27,$23.54,2,Sample item 03,Customer 0732,555-0132,Standard,5.00,0.00,0.00,no,Synthetic demo order
#1471,customer0820@example.com,paid,06/24/2024 05:58,2024-06-25,44.09,2,Sample item 03,Customer 0820,555-0120,Pickup,5.00,0.00,0.00,no,Synthetic demo order
#1470,customer0962@example.com,paid,2024-06-23 22:21:37 +0200,2024-06-26,$76.53,2,Sample item 01,Customer 0962,555-0162,Standard,5.00,0.00,0.00,yes,Synthetic demo order
#1469,customer0734@example.com,paid,2024-06-23 20:14:02 +0000,2024-06-24,37.08,3,Sample item 02,Customer 0734,555-0134,Pickup,5.00,0.00,0.00,yes,Synthetic demo order
#1468,customer1196@example.com,Paid,2024-06-23 13:16:57 +0000,2024-06-25,46.23,3,Sample item 01,Customer 1196,555-0196,Express,5.00,0.00,0.00,yes,Synthetic demo order
#1467,customer0871@example.com,Paid,2024-06-23 09:27:39 +0000,2024-06-26,USD 37.29,2,Sample item 11,Customer 0871,555-0171,Pickup,5.00,0.00,0.00,no,Synthetic demo order
#1466,customer1096@example.com,refunded,2024-06-22 12:52:04 +0000,2024-06-26,76.83,3,Sample item 04,Customer 1096,555-0196,Standard,5.00,0.00,0.00,yes,Synthetic demo order
#1465,customer1178@example.com,paid,2024-06-22 11:02:44 -0500,2024-06-23,51.91,2,Sample item 03,Customer 1178,555-0178,Express,5.00,0.00,0.00,no,Synthetic demo order
#1464,customer0887@example.com,paid,"Jun 22, 2024",2024-06-25,42.59,3,Sample item 04,Customer 0887,555-0187,Express,5.00,0.00,0.00,no,Synthetic demo order
#1463,Customer0334@example.com,voided,2024-06-22 05:05:48 +0000,2024-06-24,69.60,2,Sample item 06,Customer 0334,555-0134,Pickup,5.00,0.00,0.00,yes,Synthetic demo order
#1462,customer1184@example.com,PAID,2024-06-21T23:37:36Z,2024-06-24,$20.21,1,Sample item 11,Customer 1184,555-0184,Express,5.00,0.00,0.00,yes,Synthetic demo order
#1461,customer0035@example.com,paid,2024-06-21 22:53:11 +0000,2024-06-23,$45.15,3,Sample item 02,Customer 0035,555-0135,Pickup,5.00,0.00,0.00,yes,Synthetic demo order
#1460,Customer1436@example.com,paid,06/21/2024 15:42,2024-06-24,USD 0.00,2,Sample item 07,Customer 1436,555-0136,Standard,5.00,0.00,0.00,yes,Synthetic demo order
#1459,customer0481@example.com,Paid,2024-06-21 05:53:48 -0500,2024-06-25,16.01,1,Sample item 04,Customer 0481,555-0181,Pickup,0.00,0.00,0.00,no,Synthetic demo order
#1459,customer0481@example.com,paid,2024-06-21 05:53:48 -0500,2024-06-25,USD 29.33,1,Sample item 10,Customer 0481,555-0181,Standard,5.00,0.00,0.00,yes,Synthetic demo order
#1458,customer0114@example.com,paid,2024-06-20 18:15:31 +0000,2024-06-24,18.62,1,Sample item 04,Customer 0114,555-0114,Express,0.00,0.00,0.00,no,Synthetic demo order
#1458,customer0114@example.com,paid,2024-06-20 18:15:31 +0000,2024-06-24,23.25,2,Sample item 04,Customer 0114,555-0114,Express,5.00,0.00,0.00,no,Synthetic demo order
#1457,customer0790@example.com,paid,06/20/2024 02:41,2024-06-24,$24.18,3,Sample item 09,Customer 0790,555-0190,Pickup,5.00,0.00,0.00,yes,Synthetic demo order
#1456,Customer0204@example.com,Paid,2024-06-19 09:27:34 +0000,2024-06-23,$56.06,1,Sample item 01,Customer 0204,555-0104,Pickup,5.00,0.00,0.00,yes,Synthetic demo order
#1455,customer1230@example.com,paid,06/19/2024 01:45,2024-06-21,10.46,2,Sample item 06,Customer 1230,555-0130,Standard,5.00,0.00,0.00,yes,Synthetic demo order
#1454,customer0257@example.com,paid,2024-06-18T20:19:19Z,2024-06-19,18.65,1,Sample item 02,Customer 0257,555-0157,Standard,5.00,0.00,0.00,no,Synthetic demo order
#1453,customer0070@example.com,Paid,2024-06-18 10:08:50 +0000,2024-06-20,25.37,1,Sample item 05,Customer 0070,555-0170,Express,5.00,0.00,0.00,yes,Synthetic demo order
#1452,Customer0967@example.com,PAID,2024-06-18T09:03:08Z,2024-06-23,48.94,3,Sample item 06,Customer 0967,555-0167,Pickup,5.00,0.00,0.00,yes,Synthetic demo order
#1451,customer1300@example.com,refunded,2024-06-18 06:38:15 -0500,2024-06-20,36.17,3,Sample item 02,Customer 1300,555-0100,Pickup,5.00,0.00,0.00,no,Synthetic demo order
#1450,customer1234@example.com,Paid,2024-06-18T06:12:41Z,2024-06-20,$46.48,2,Sample item 03,Customer 1234,555-0134,Pickup,5.00,0.00,0.00,no,Synthetic demo order
#1449,customer1366@example.com,paid,18 Jun 2024,2024-06-19,$27.28,1,Sample item 08,Customer 1366,555-0166,Pickup,5.00,0.00,0.00,no,Synthetic demo order
#1448,customer0152@example.com,Paid,2024-06-17 17:22:57 +0000,2024-06-21,$26.35,2,Sample item 11,Customer 0152,555-0152,Pickup,5.00,0.00,0.00,yes,Synthetic demo order
#1447,customer0229@example.com,paid,2024-06-17 09:13:52 +0200,2024-06-22,29.08,3,Sample item 06,Customer 0229,555-0129,Pickup,5.00,0.00,0.00,no,Synthetic demo order
#1446,customer1221@example.com,paid,2024-06-16 12:27:36 +0000,2024-06-21,16.89,3,Sample item 11,Customer 1221,555-0121,Express,5.00,0.00,0.00,yes,Synthetic demo order
#1445,customer0854@example.com,paid,"Jun 16, 2024",2024-06-19,$60.42,2,Sample item 09,Customer 0854,555-0154,Express,0.00,0.00,0.00,no,Synthetic demo order
#1445,customer0854@example.com,paid,"Jun 16, 2024",2024-06-19,$0.89,1,Sample item 05,Customer 0854,555-0154,Express,5.00,0.00,0.00,no,Synthetic demo order
#1444,customer0993@example.com,paid,2024-06-16T06:50:34Z,2024-06-17,53.49,3,Sample item 11,Customer 0993,555-0193,Standard,5.00,0.00,0.00,yes,Synthetic demo order
#1443,customer0702@example.com,paid,2024-06-15 08:35:58 UTC,2024-06-18,USD 65.54,3,Sample item 06,Customer 0702,555-0102,Pickup,5.00,0.00,0.00,yes,Synthetic demo order
#1442,customer0436@example.com,voided,TBD,2024-06-16,USD 44.42,3,Sample item 08,Customer 0436,555-0136,Express,5.00,0.00,0.00,yes,Synthetic demo order
#1441,customer0848@example.com,Paid,2024-06-14 22:56:09 +0000,2024-06-15,USD 43.27,3,Sample item 03,Customer 0848,555-0148,Standard,5.00,0.00,0.00,yes,Synthetic demo order
#1440,customer1322@example.com,paid,2024-06-14 12:12:12 +0000,2024-06-19,13.37,3,Sample item 03,Customer 1322,555-0122,Pickup,0.00,0.00,0.00,yes,Synthetic demo order
#1440,customer1322@example.com,Paid,2024-06-14 12:12:12 +0000,2024-06-19,8.69,2,Sample item 08,Customer 1322,555-0122,Express,5.00,0.00,0.00,no,Synthetic demo order
#1439,customer0535@example.com,Paid,2024-06-14 01:46:38 UTC,2024-06-19,USD 43.66,1,Sample item 05,Customer 0535,555-0135,Standard,5.00,0.00,0.00,yes,Synthetic demo order
#1438,customer0766@example.com,paid,2024-06-13 21:23:24 +0000,2024-06-15,USD 19.92,2,Sample item 06,Customer 0766,555-0166,Express,5.00,0.00,0.00,no,Synthetic demo order
#1437,customer0969@example.com,paid,2024-06-13 14:50:52 UTC,2024-06-15,42.74,1,Sample item 06,Customer 0969,555-0169,Pickup,5.00,0.00,0.00,no,Synthetic demo order
#1436,customer1179@example.com,paid,2024-06-13 11:11:46 +0000,2024-06-15,49.25,3,Sample item 09,Customer 1179,555-0179,Pickup,5.00,0.00,0.00,no,Synthetic demo order
#1435,customer1236@example.com,paid,2024-06-12T22:40:28Z,2024-06-16,"85,56",3,Sample item 11,Customer 1236,555-0136,Pickup,5.00,0.00,0.00,yes,Synthetic demo order
#1434,Customer0935@example.com,paid,2024-06-12 20:22:31 +0000,2024-06-15,$23.21,1,Sample item 04,Customer 0935,555-0135,Pickup,5.00,0.00,0.00,yes,Synthetic demo order
#1433,customer0736@example.com,partially_refunded,06/12/2024 09:05,2024-06-13,24.43,2,Sample item 01,Customer 0736,555-0136,Express,5.00,0.00,0.00,yes,Synthetic demo order
#1432,customer0804@example.com,paid,2024-06-11 17:23:16 UTC,2024-06-16,92.61,3,Sample item 07,Customer 0804,555-0104,Express,0.00,0.00,0.00,yes,Synthetic demo order
#1432,customer0804@example.com,paid,2024-06-11 17:23:16 UTC,2024-06-16,$14.47,1,Sample item 07,Customer 0804,555-0104,Pickup,5.00,0.00,0.00,yes,Synthetic demo order
#1431,customer1434@example.com,paid,2024-06-11 14:01:38 +0000,2024-06-16,$37.47,3,Sample item 06,Customer 1434,555-0134,Standard,0.00,0.00,0.00,yes,Synthetic demo order
#1431,customer1434@example.com,paid,2024-06-11 14:01:38 +0000,2024-06-16,"8,96",3,Sample item 10,Customer 1434,555-0134,Pickup,5.00,0.00,0.00,yes,Synthetic demo order
#1430,customer1247@example.com,PAID,2024-06-11T04:37:50Z,2024-06-16,"46,83",1,Sample item 04,Customer 1247,555-0147,Standard,5.00,0.00,0.00,yes,Synthetic demo order
#1429,customer0869@example.com,Paid,2024-06-10 17:04:51 UTC,2024-06-14,42.24,3,Sample item 06,Customer 0869,555-0169,Express,5.00,0.00,0.00,yes,Synthetic demo order
#1428,Customer0362@example.com,paid,"Jun 10, 2024",2024-06-14,$84.50,2,Sample item 07,Customer 0362,555-0162,Express,5.00,0.00,0.00,yes,Synthetic demo order
#1427,customer0907@example.com,paid,2024-06-10 06:37:22 +0200,2024-06-14,73.22,3,Sample item 07,Customer 0907,555-0107,Standard,5.00,0.00,0.00,yes,Synthetic demo order
#1426,customer0331@example.com,paid,"Jun 09, 2024",2024-06-10,19.99,2,Sample item 11,Customer 0331,555-0131,Standard,5.00,0.00,0.00,yes,Synthetic demo order
#1425,,paid,2024-06-09 18:27:59 -0800,2024-06-13,33.28,3,Sample item 03,Customer 0902,555-0102,Standard,5.00,0.00,0.00,yes,Synthetic demo order
#1424,customer1385@example.com,Paid,2024-06-09 14:48:11 -0800,2024-06-11,19.10,2,Sample item 09,Customer 1385,555-0185,Standard,5.00,0.00,0.00,no,Synthetic demo order
#1423,customer1057@example.com,paid,2024-06-09 12:43:50 +0000,2024-06-12,27.39,3,Sample item 08,Customer 1057,555-0157,Pickup,5.00,0.00,0.00,yes,Synthetic demo order
#1422,customer1449@example.com,paid,2024-06-08T21:33:39Z,2024-06-13,$27.75,1,Sample item 08,Customer 1449,555-0149,Express,0.00,0.00,0.00,no,Synthetic demo order
#1422,customer1449@example.com,paid,2024-06-08T21:33:39Z,2024-06-13,22.19,1,Sample item 10,Customer 1449,555-0149,Standard,5.00,0.00,0.00,yes,Synthetic demo order
#1421,customer0111@example.com,paid,2024-06-08T18:18:56Z,2024-06-09,$33.71,1,Sample item 03,Customer 0111,555-0111,Pickup,5.00,0.00,0.00,no,Synthetic demo order
#1420,customer0435@example.com,paid,2024-06-08 14:33:09 +0000,2024-06-11,$57.91,1,Sample item 10,Customer 0435,555-0135,Standard,0.00,0.00,0.00,yes,Synthetic demo order
#1420,customer0435@example.com,paid,2024-06-08 14:33:09 +0000,2024-06-11,$2.09,3,Sample item 10,Customer 0435,555-0135,Pickup,5.00,0.00,0.00,no,Synthetic demo order
#1419,customer0149@example.com,paid,2024-06-08 09:10:35 +0000,2024-06-10,24.23,1,Sample item 09,Customer 0149,555-0149,Express,5.00,0.00,0.00,no,Synthetic demo order
#1418,Customer0681@example.com,paid,06/08/2024 00:46,2024-06-12,$63.59,1,Sample item 03,Customer 0681,555-0181,Express,5.00,0.00,0.00,no,Synthetic demo order
#1417,customer0897@example.com,paid,2024-06-08 00:25:43 +0000,2024-06-11,$44.11,2,Sample item 11,Customer 0897,555-0197,Standard,5.00,0.00,0.00,yes,Synthetic demo order
#1416,customer0050@example.com,paid,2024-06-07 20:04:11 +0000,2024-06-11,54.37,2,Sample item 10,Customer 0050,555-0150,Standard,5.00,0.00,0.00,yes,Synthetic demo order
#1415,customer0008@example.com,paid,06 Jun 2024,2024-06-11,$42.57,3,Sample item 04,Customer 0008,555-0108,Standard,5.00,0.00,0.00,no,Synthetic demo order
#1414,customer0212@example.com,Paid,2024-06-06 08:12:47 +0000,2024-06-08,$45.52,3,Sample item 02,Customer 0212,555-0112,Standard,5.00,0.00,0.00,yes,Synthetic demo order
#1413,customer0851@example.com,paid,06 Jun 2024,2024-06-08,58.33,1,Sample item 08,Customer 0851,555-0151,Express,5.00,0.00,0.00,yes,Synthetic demo order
#1412,customer0619@example.com,PAID,06/05/2024 14:09,2024-06-06,$28.63,2,Sample item 01,Customer 0619,555-0119,Pickup,5.00,0.00,0.00,no,Synthetic demo order
#1411,customer1046@example.com,Paid,06/05/2024 10:51,2024-06-09,39.68,1,Sample item 06,Customer 1046,555-0146,Express,5.00,0.00,0.00,no,Synthetic demo order
#1410,customer0418@example.com,Paid,06/05/2024 02:20,2024-06-09,USD 22.68,1,Sample item 04,Customer 0418,555-0118,Standard,5.00,0.00,0.00,no,Synthetic demo order
#1409,customer0198@example.com,PARTIALLY_REFUNDED,2024-06-04 23:29:56 +0000,2024-06-08,USD 21.25,3,Sample item 04,Customer 0198,555-0198,Express,5.00,0.00,0.00,no,Synthetic demo order
#1408,customer0884@example.com,paid,2024-06-04 03:53:47 +0000,2024-06-06,$63.35,2,Sample item 06,Customer 0884,555-0184,Pickup,5.00,0.00,0.00,yes,Synthetic demo order
#1407,customer1444@example.com,paid,2024-06-03 17:41:53 +0000,2024-06-07,"34,56",2,Sample item 08,Customer 1444,555-0144,Express,0.00,0.00,0.00,no,Synthetic demo order
#1407,customer1444@example.com,PAID,2024-06-03 17:41:53 +0000,2024-06-07,$5.50,3,Sample item 03,Customer 1444,555-0144,Express,5.00,0.00,0.00,yes,Synthetic demo order
#1406,Customer1232@example.com,paid,2024-06-03 14:31:23 +0000,2024-06-05,$75.18,1,Sample item 05,Customer 1232,555-0132,Standard,5.00,0.00,0.00,no,Synthetic demo order
#1405,Customer0025@example.com,paid,2024-06-02 15:02:37 +0000,2024-06-03,82.91,2,Sample item 01,Customer 0025,555-0125,Standard,5.00,0.00,0.00,no,Synthetic demo order
#1404,customer0263@example.com,Paid,2024-06-02 05:13:39 +0000,2024-06-06,21.25,3,Sample item 02,Customer 0263,555-0163,Standard,0.00,0.00,0.00,no,Synthetic demo order
#1404,customer0263@example.com,Paid,2024-06-02 05:13:39 +0000,2024-06-06,$0.52,2,Sample item 09,Customer 0263,555-0163,Pickup,5.00,0.00,0.00,no,Synthetic demo order
#1403,Customer0068@example.com,paid,2024-06-01 20:28:01 +0000,2024-06-02,34.10,2,Sample item 04,Customer 0068,555-0168,Standard,5.00,0.00,0.00,yes,Synthetic demo order
#1402,customer1195@example.com,paid,2024-06-01T11:52:13Z,2024-06-03,USD 34.90,3,Sample item 06,Customer 1195,555-0195,Standard,5.00,0.00,0.00,no,Synthetic demo order
#1401,customer0217@example.com,PAID,2024-06-01 10:21:00 +0000,2024-06-02,51.49,1,Sample item 08,Customer 0217,555-0117,Standard,5.00,0.00,0.00,yes,Synthetic demo order
#1400,customer1109@example.com,paid,"Jun 01, 2024",2024-06-02,45.98,1,Sample item 03,Customer 1109,555-0109,Pickup,5.00,0.00,0.00,no,Synthetic demo order
#1399,Customer0443@example.com,pending,06/01/2024 05:17,2024-06-04,53.15,1,Sample item 05,Customer 0443,555-0143,Standard,5.00,0.00,0.00,yes,Synthetic demo order
#1398,customer1276@example.com,paid,2024-06-01 01:37:55 +0000,2024-06-04,$17.64,2,Sample item 06,Customer 1276,555-0176,Express,5.00,0.00,0.00,yes,Synthetic demo order
#1397,customer0588@example.com,paid,31 May 2024,2024-06-03,21.97,1,Sample item 09,Customer 0588,555-0188,Pickup,5.00,0.00,0.00,no,Synthetic demo order
#1396,customer0238@example.com,paid,2024-05-31 15:12:43 +0000,2024-06-02,"90,72",3,Sample item 08,Customer 0238,555-0138,Pickup,5.00,0.00,0.00,no,Synthetic demo order
#1395,customer0309@example.com,paid,2024-05-30T18:38:49Z,2024-06-04,$75.02,2,Sample item 11,Customer 0309,555-0109,Pickup,5.00,0.00,0.00,no,Synthetic demo order
#1394,customer0953@example.com,Refunded,05/30/2024 05:53,2024-06-04,$9.23,2,Sample item 02,Customer 0953,555-0153,Express,0.00,0.00,0.00,yes,Synthetic demo order
#1394,customer0953@example.com,refunded,05/30/2024 05:53,2024-06-04,26.86,3,Sample item 08,Customer 0953,555-0153,Standard,5.00,0.00,0.00,no,Synthetic demo order
#1393,customer0035@example.com,Paid,2024-05-29 22:56:42 +0000,2024-06-01,23.22,3,Sample item 07,Customer 0035,555-0135,Standard,5.00,0.00,0.00,yes,Synthetic demo order
#1392,customer1239@example.com,partially_refunded,05/29/2024 21:22,2024-05-30,USD 38.60,1,Sample item 05,Customer 1239,555-0139,Pickup,5.00,0.00,0.00,yes,Synthetic demo order
#1391,customer1404@example.com,paid,2024-05-29 06:16:10 +0000,2024-06-02,17.10,1,Sample item 11,Customer 1404,555-0104,Standard,5.00,0.00,0.00,yes,Synthetic demo order
#1390,customer0662@example.com,paid,2024-05-28 23:14:05 +0000,2024-06-02,$38.47,3,Sample item 08,Customer 0662,555-0162,Pickup,5.00,0.00,0.00,no,Synthetic demo order
#1389,customer1368@example.com,Paid,2024-05-28 22:14:16 +0000,2024-06-01,$56.66,1,Sample item 05,Customer 1368,555-0168,Standard,5.00,0.00,0.00,no,Synthetic demo order
#1388,customer1188@example.com,Paid,2024-05-28 22:05:14 +0000,2024-05-30,25.00,1,Sample item 03,Customer 1188,555-0188,Standard,5.00,0.00,0.00,yes,Synthetic demo order
#1387,customer1471@example.com,paid,2024-05-28 21:01:49 +0000,2024-05-31,24.35,1,Sample item 11,Customer 1471,555-0171,Express,5.00,0.00,0.00,yes,Synthetic demo order
#1386,customer1336@example.com,Paid,05/28/2024 18:10,2024-06-01,57.70,3,Sample item 11,Customer 1336,555-0136,Pickup,5.00,0.00,0.00,yes,Synthetic demo order
#1385,customer0766@example.com,Paid,05/28/2024 16:17,2024-05-31,26.49,1,Sample item 07,Customer 0766,555-0166,Express,5.00,0.00,0.00,no,Synthetic demo order
#1384,customer0979@example.com,paid,05/28/2024 03:36,2024-06-02,68.60,3,Sample item 01,Customer 0979,555-0179,Express,5.00,0.00,0.00,yes,Synthetic demo order
#1383,customer0734@example.com,paid,2024-05-27 00:49:41 -0800,2024-06-01,$45.66,1,Sample item 06,Customer 0734,555-0134,Express,5.00,0.00,0.00,no,Synthetic demo order
#1382,customer0051@example.com,PENDING,"May 26, 2024",2024-05-28,USD 54.71,3,Sample item 10,Customer 0051,555-0151,Pickup,5.00,0.00,0.00,no,Synthetic demo order
#1381,customer0898@example.com,paid,2024-05-26 07:17:13 +0000,2024-05-28,$27.71,3,Sample item 04,Customer 0898,555-0198,Pickup,5.00,0.00,0.00,yes,Synthetic demo order
#1380,customer0715@example.com,refunded,05/26/2024 06:53,2024-05-30,$44.32,1,Sample item 02,Customer 0715,555-0115,Pickup,5.00,0.00,0.00,no,Synthetic demo order
#1379,customer0455@example.com,paid,2024-05-25 20:45:44 +0000,2024-05-29,USD 43.89,3,Sample item 02,Customer 0455,555-0155,Standard,5.00,0.00,0.00,yes,Synthetic demo order
#1378,customer1462@example.com,paid,05/24/2024 14:07,2024-05-25,$22.87,3,Sample item 09,Customer 1462,555-0162,Pickup,5.00,0.00,0.00,yes,Synthetic demo order
#1377,customer0761@example.com,paid,2024-05-24T04:23:31Z,2024-05-25,39.73,1,Sample item 01,Customer 0761,555-0161,Standard,0.00,0.00,0.00,no,Synthetic demo order
#1377,customer0761@example.com,Paid,2024-05-24T04:23:31Z,2024-05-25,13.86,3,Sample item 01,Customer 0761,555-0161,Standard,5.00,0.00,0.00,yes,Synthetic demo order
#1376,customer0484@example.com,paid,2024-05-24 01:00:43 +0000,2024-05-27,20.70,2,Sample item 09,Customer 0484,555-0184,Standard,5.00,0.00,0.00,no,Synthetic demo order
#1375,customer1150@example.com,paid,2024-05-24 00:39:08 +0000,2024-05-27,50.03,3,Sample item 05,Customer 1150,555-0150,Standard,5.00,0.00,0.00,yes,Synthetic demo order
#1374,,paid,2024-05-23 22:31:52 UTC,2024-05-26,$47.46,3,Sample item 10,Customer 0552,555-0152,Pickup,5.00,0.00,0.00,yes,Synthetic demo order
#1373,Customer0281@example.com,refunded,2024-05-23 18:06:35 UTC,2024-05-25,40.27,3,Sample item 10,Customer 0281,555-0181,Standard,5.00,0.00,0.00,yes,Synthetic demo order
#1372,customer1100@example.com,paid,22 May 2024,2024-05-26,58.54,3,Sample item 09,Customer 1100,555-0100,Standard,5.00,0.00,0.00,yes,Synthetic demo order
#1371,customer0942@example.com,paid,2024-05-21 22:16:08 +0000,2024-05-24,USD 18.87,3,Sample item 06,Customer 0942,555-0142,Express,0.00,0.00,0.00,no,Synthetic demo order
#1371,customer0942@example.com,paid,2024-05-21 22:16:08 +0000,2024-05-24,$12.99,3,Sample item 11,Customer 0942,555-0142,Standard,5.00,0.00,0.00,no,Synthetic demo order
#1370,customer0850@example.com,paid,2024-05-21 17:36:39 +0000,2024-05-22,"36,94",1,Sample item 11,Customer 0850,555-0150,Pickup,5.00,0.00,0.00,no,Synthetic demo order
#1369,customer0195@example.com,paid,05/21/2024 04:12,2024-05-24,38.94,3,Sample item 09,Customer 0195,555-0195,Express,5.00,0.00,0.00,yes,Synthetic demo order
#1368,customer0586@example.com,paid,2024-05-20 10:51:28 +0000,2024-05-23,36.52,2,Sample item 02,Customer 0586,555-0186,Pickup,5.00,0.00,0.00,no,Synthetic demo order
#1367,Customer0108@example.com,paid,2024-05-20 09:07:47 +0000,2024-05-25,$50.73,1,Sample item 09,Customer 0108,555-0108,Express,5.00,0.00,0.00,no,Synthetic demo order
#1366,customer0916@example.com,PAID,2024-05-20T08:40:12Z,2024-05-21,30.95,2,Sample item 02,Customer 0916,555-0116,Standard,5.00,0.00,0.00,yes,Synthetic demo order
#1365,customer1015@example.com,paid,2024-05-20T03:23:57Z,2024-05-23,$73.08,2,Sample item 06,Customer 1015,555-0115,Standard,5.00,0.00,0.00,no,Synthetic demo order
#1364,customer1183@example.com,paid,2024-05-19T20:27:46Z,2024-05-22,$89.00,1,Sample item 07,Customer 1183,555-0183,Standard,5.00,0.00,0.00,no,Synthetic demo order
#1363,customer0893@example.com,Paid,2024-05-19 20:00:47 +0000,2024-05-20,$24.32,1,Sample item 07,Customer 0893,555-0193,Standard,5.00,0.00,0.00,yes,Synthetic demo order
#1362,customer1238@example.com,paid,2024-05-19 18:13:37 UTC,2024-05-22,30.79,2,Sample item 03,Customer 1238,555-0138,Pickup,0.00,0.00,0.00,yes,Synthetic demo order
#1362,customer1238@example.com,paid,2024-05-19 18:13:37 UTC,2024-05-22,17.18,1,Sample item 08,Customer 1238,555-0138,Standard,5.00,0.00,0.00,yes,Synthetic demo order
#1361,customer0114@example.com,paid,2024-05-19T08:45:32Z,2024-05-20,24.77,3,Sample item 01,Customer 0114,555-0114,Pickup,0.00,0.00,0.00,yes,Synthetic demo order
#1361,customer0114@example.com,paid,2024-05-19T08:45:32Z,2024-05-20,14.32,2,Sample item 06,Customer 0114,555-0114,Express,5.00,0.00,0.00,yes,Synthetic demo order
#1360,customer1123@example.com,paid,2024-05-19T06:22:45Z,2024-05-20,31.04,3,Sample item 03,Customer 1123,555-0123,Standard,5.00,0.00,0.00,yes,Synthetic demo order
#1359,customer0271@example.com,paid,2024-05-18 09:53:03 -0800,2024-05-22,USD 37.84,3,Sample item 07,Customer 0271,555-0171,Standard,5.00,0.00,0.00,yes,Synthetic demo order
#1358,customer1184@example.com,Paid,2024-05-18 01:20:12 +0000,2024-05-19,$12.48,1,Sample item 02,Customer 1184,555-0184,Standard,5.00,0.00,0.00,yes,Synthetic demo order
#1357,customer0515@example.com,paid,2024-05-16 23:20:10 +0000,2024-05-17,21.87,3,Sample item 09,Customer 0515,555-0115,Standard,5.00,0.00,0.00,yes,Synthetic demo order
#1356,customer0453@example.com,paid,2024-05-16 08:21:31 -0800,2024-05-19,$73.98,1,Sample item 07,Customer 0453,555-0153,Standard,5.00,0.00,0.00,no,Synthetic demo order
#1355,customer0807@example.com,paid,05/16/2024 03:43,2024-05-20,15.54,2,Sample item 06,Customer 0807,555-0107,Pickup,0.00,0.00,0.00,no,Synthetic demo order
#1355,customer0807@example.com,paid,05/16/2024 03:43,2024-05-20,"39,61",1,Sample item 06,Customer 0807,555-0107,Standard,5.00,0.00,0.00,no,Synthetic demo order
#1354,customer0351@example.com,PAID,2024-05-15 22:31:27 +0000,2024-05-19,$73.72,3,Sample item 04,Customer 0351,555-0151,Pickup,5.00,0.00,0.00,no,Synthetic demo order
#1353,customer1224@example.com,partially_refunded,2024-05-15 18:45:58 +0200,2024-05-18,33.02,3,Sample item 03,Customer 1224,555-0124,Express,5.00,0.00,0.00,yes,Synthetic demo order
#1352,customer0130@example.com,refunded,2024-05-14T08:36:39Z,2024-05-17,32.70,3,Sample item 08,Customer 0130,555-0130,Express,0.00,0.00,0.00,yes,Synthetic demo order
#1352,customer0130@example.com,Refunded,2024-05-14T08:36:39Z,2024-05-17,32.39,3,Sample item 10,Customer 0130,555-0130,Pickup,5.00,0.00,0.00,yes,Synthetic demo order
#1351,customer1266@example.com,Paid,05/14/2024 08:25,2024-05-15,11.84,2,Sample item 10,Customer 1266,555-0166,Express,0.00,0.00,0.00,no,Synthetic demo order
#1351,customer1266@example.com,Paid,05/14/2024 08:25,2024-05-15,$60.68,3,Sample item 09,Customer 1266,555-0166,Pickup,5.00,0.00,0.00,no,Synthetic demo order
#1350,customer1469@example.com,Paid,05/13/2024 17:57,2024-05-14,51.86,3,Sample item 08,Customer 1469,555-0169,Express,5.00,0.00,0.00,yes,Synthetic demo order
#1349,customer1099@example.com,paid,2024-05-12 08:04:15 -0500,2024-05-16,"27,02",1,Sample item 11,Customer 1099,555-0199,Pickup,5.00,0.00,0.00,no,Synthetic demo order
#1348,customer1163@example.com,Paid,2024-05-12 04:48:15 UTC,2024-05-14,28.18,3,Sample item 06,Customer 1163,555-0163,Pickup,5.00,0.00,0.00,no,Synthetic demo order
#1347,customer0441@example.com,paid,2024-05-12 03:42:42 +0000,2024-05-17,78.08,1,Sample item 06,Customer 0441,555-0141,Standard,5.00,0.00,0.00,yes,Synthetic demo order
#1346,customer1297@example.com,Paid,2024-05-11 18:28:55 -0500,2024-05-16,46.62,3,Sample item 10,Customer 1297,555-0197,Pickup,5.00,0.00,0.00,no,Synthetic demo order
#1345,customer0538@example.com,paid,2024-05-11 12:40:12 +0000,2024-05-15,$39.25,2,Sample item 10,Customer 0538,555-0138,Pickup,0.00,0.00,0.00,yes,Synthetic demo order
#1345,customer0538@example.com,Paid,2024-05-11 12:40:12 +0000,2024-05-15,13.51,3,Sample item 09,Customer 0538,555-0138,Express,5.00,0.00,0.00,no,Synthetic demo order
#1344,customer0887@example.com,paid,05/11/2024 12:30,2024-05-16,$31.37,2,Sample item 11,Customer 0887,555-0187,Express,5.00,0.00,0.00,yes,Synthetic demo order
#1343,customer0083@example.com,paid,05/11/2024 05:46,2024-05-12,"70,78",1,Sample item 01,Customer 0083,555-0183,Pickup,5.00,0.00,0.00,yes,Synthetic demo order
#1342,customer0174@example.com,paid,2024-05-10T23:52:09Z,2024-05-15,"50,62",3,Sample item 09,Customer 0174,555-0174,Express,5.00,0.00,0.00,yes,Synthetic demo order
#1341,customer0192@example.com,PAID,"May 10, 2024",2024-05-14,$39.66,2,Sample item 02,Customer 0192,555-0192,Standard,5.00,0.00,0.00,yes,Synthetic demo order
#1340,customer0265@example.com,voided,10 May 2024,2024-05-13,60.68,2,Sample item 01,Customer 0265,555-0165,Express,5.00,0.00,0.00,no,Synthetic demo order
#1339,customer0924@example.com,refunded,2024-05-10 15:18:57 +0000,2024-05-15,$51.37,1,Sample item 08,Customer 0924,555-0124,Express,5.00,0.00,0.00,yes,Synthetic demo order
#1338,customer0085@example.com,paid,2024-05-10 03:58:32 +0000,2024-05-11,0.05,3,Sample item 09,Customer 0085,555-0185,Pickup,0.00,0.00,0.00,yes,Synthetic demo order
#1338,customer0085@example.com,paid,2024-05-10 03:58:32 +0000,2024-05-11,36.96,2,Sample item 02,Customer 0085,555-0185,Standard,5.00,0.00,0.00,yes,Synthetic demo order
#1337,customer0797@example.com,paid,05/10/2024 01:33,2024-05-12,19.19,3,Sample item 03,Customer 0797,555-0197,Standard,5.00,0.00,0.00,no,Synthetic demo order
#1336,customer1359@example.com,paid,2024-05-09 23:16:28 +0000,2024-05-13,9.82,1,Sample item 11,Customer 1359,555-0159,Express,0.00,0.00,0.00,no,Synthetic demo order
#1336,customer1359@example.com,paid,2024-05-09 23:16:28 +0000,2024-05-13,31.45,1,Sample item 10,Customer 1359,555-0159,Standard,5.00,0.00,0.00,no,Synthetic demo order
#1335,customer0967@example.com,paid,2024-05-09 05:48:02 +0000,2024-05-11,52.93,2,Sample item 05,Customer 0967,555-0167,Pickup,5.00,0.00,0.00,no,Synthetic demo order
#1334,customer0537@example.com,Paid,2024-05-09 03:10:51 +0000,2024-05-13,$49.55,3,Sample item 06,Customer 0537,555-0137,Express,5.00,0.00,0.00,no,Synthetic demo order
#1333,Customer0263@example.com,paid,05/08/2024 22:01,2024-05-12,$3.05,3,Sample item 06,Customer 0263,555-0163,Pickup,0.00,0.00,0.00,no,Synthetic demo order
#1333,Customer0263@example.com,paid,05/08/2024 22:01,2024-05-12,23.98,1,Sample item 05,Customer 0263,555-0163,Pickup,5.00,0.00,0.00,no,Synthetic demo order
#1332,customer0777@example.com,paid,05/08/2024 20:24,2024-05-10,$17.29,2,Sample item 11,Customer 0777,555-0177,Standard,5.00,0.00,0.00,no,Synthetic demo order
#1331,customer0765@example.com,partially_refunded,"May 08, 2024",2024-05-11,USD 34.11,2,Sample item 11,Customer 0765,555-0165,Standard,0.00,0.00,0.00,yes,Synthetic demo order
#1331,customer0765@example.com,partially_refunded,"May 08, 2024",2024-05-11,57.98,2,Sample item 06,Customer 0765,555-0165,Express,5.00,0.00,0.00,yes,Synthetic demo order
#1330,customer0334@example.com,Paid,08 May 2024,2024-05-11,"58,60",1,Sample item 05,Customer 0334,555-0134,Pickup,5.00,0.00,0.00,no,Synthetic demo order
#1329,customer0727@example.com,paid,2024-05-08T07:30:51Z,2024-05-13,$70.35,3,Sample item 11,Customer 0727,555-0127,Express,5.00,0.00,0.00,no,Synthetic demo order
#1328,customer0888@example.com,paid,2024-05-08 03:21:09 +0000,2024-05-11,62.32,1,Sample item 07,Customer 0888,555-0188,Express,5.00,0.00,0.00,no,Synthetic demo order
#1327,customer0953@example.com,cancelled,"May 07, 2024",2024-05-09,$38.37,2,Sample item 10,Customer 0953,555-0153,Standard,5.00,0.00,0.00,no,Synthetic demo order
#1326,Customer0088@example.com,paid,07 May 2024,2024-05-08,47.80,3,Sample item 06,Customer 0088,555-0188,Pickup,5.00,0.00,0.00,yes,Synthetic demo order
#1325,customer1329@example.com,Paid,2024-05-06 21:06:21 -0800,2024-05-08,USD 22.63,3,Sample item 05,Customer 1329,555-0129,Pickup,5.00,0.00,0.00,yes,Synthetic demo order
#1324,customer0920@example.com,paid,2024-05-06T15:37:08Z,2024-05-08,$64.31,3,Sample item 01,Customer 0920,555-0120,Standard,5.00,0.00,0.00,no,Synthetic demo order
#1323,customer0926@example.com,Paid,2024-05-06 12:02:32 +0000,2024-05-10,$29.35,1,Sample item 09,Customer 0926,555-0126,Express,0.00,0.00,0.00,yes,Synthetic demo order
#1323,customer0926@example.com,paid,2024-05-06 12:02:32 +0000,2024-05-10,5.46,2,Sample item 05,Customer 0926,555-0126,Pickup,5.00,0.00,0.00,no,Synthetic demo order
#1322,customer0893@example.com,paid,2024-05-05 15:25:34 UTC,2024-05-07,$52.80,2,Sample item 07,Customer 0893,555-0193,Standard,5.00,0.00,0.00,no,Synthetic demo order
#1321,customer0269@example.com,paid,2024-05-05 00:11:31 UTC,2024-05-07,80.85,3,Sample item 06,Customer 0269,555-0169,Pickup,5.00,0.00,0.00,yes,Synthetic demo order
#1320,customer0374@example.com,paid,05/04/2024 16:08,2024-05-07,41.43,2,Sample item 04,Customer 0374,555-0174,Pickup,5.00,0.00,0.00,no,Synthetic demo order
#1319,customer1370@example.com,paid,2024-05-04 15:00:14 UTC,2024-05-07,$17.95,2,Sample item 10,Customer 1370,555-0170,Standard,5.00,0.00,0.00,yes,Synthetic demo order
#1318,customer0216@example.com,paid,"May 04, 2024",2024-05-06,65.54,3,Sample item 05,Customer 0216,555-0116,Express,5.00,0.00,0.00,no,Synthetic demo order
#1317,customer1433@example.com,paid,2024-05-04 02:44:11 +0000,2024-05-08,USD 38.99,2,Sample item 03,Customer 1433,555-0133,Express,5.00,0.00,0.00,yes,Synthetic demo order
#1316,customer0619@example.com,paid,05/03/2024 18:38,2024-05-06,34.01,3,Sample item 06,Customer 0619,555-0119,Standard,5.00,0.00,0.00,no,Synthetic demo order
#1315,customer1395@example.com,paid,2024-05-03 12:17:37 +0000,2024-05-06,$27.03,3,Sample item 08,Customer 1395,555-0195,Pickup,5.00,0.00,0.00,no,Synthetic demo order
#1314,,Paid,05/03/2024 09:14,2024-05-05,67.72,2,Sample item 05,Customer 0972,555-0172,Express,5.00,0.00,0.00,no,Synthetic demo order
#1313,customer1188@example.com,Paid,05/03/2024 00:29,2024-05-07,$41.88,1,Sample item 07,Customer 1188,555-0188,Pickup,5.00,0.00,0.00,no,Synthetic demo order
#1312,Customer0239@example.com,PAID,2024-05-02 23:19:43 +0000,2024-05-05,47.06,3,Sample item 10,Customer 0239,555-0139,Standard,5.00,0.00,0.00,yes,Synthetic demo order
#1311,customer0524@example.com,paid,02 May 2024,2024-05-03,$21.72,3,Sample item 03,Customer 0524,555-0124,Pickup,5.00,0.00,0.00,yes,Synthetic demo order
#1310,customer1150@example.com,Paid,2024-05-02 10:40:53 +0000,2024-05-06,30.55,1,Sample item 11,Customer 1150,555-0150,Standard,0.00,0.00,0.00,no,Synthetic demo order
#1310,customer1150@example.com,paid,2024-05-02 10:40:53 +0000,2024-05-06,$12.23,1,Sample item 05,Customer 1150,555-0150,Standard,5.00,0.00,0.00,no,Synthetic demo order
#1309,customer0702@example.com,paid,2024-05-02T05:59:59Z,2024-05-04,$57.35,3,Sample item 01,Customer 0702,555-0102,Standard,5.00,0.00,0.00,no,Synthetic demo order
#1308,customer0441@example.com,Paid,2024-05-02 00:35:12 +0000,2024-05-06,71.97,2,Sample item 01,Customer 0441,555-0141,Express,5.00,0.00,0.00,no,Synthetic demo order
#1307,customer1153@example.com,paid,01 May 2024,2024-05-04,36.96,3,Sample item 07,Customer 1153,555-0153,Standard,5.00,0.00,0.00,yes,Synthetic demo order
#1306,customer0522@example.com,paid,2024-05-01 19:52:10 +0000,2024-05-03,$39.86,1,Sample item 11,Customer 0522,555-0122,Standard,5.00,0.00,0.00,yes,Synthetic demo order
#1305,customer0194@example.com,cancelled,2024-05-01 17:45:24 +0200,2024-05-02,$65.43,2,Sample item 02,Customer 0194,555-0194,Standard,5.00,0.00,0.00,yes,Synthetic demo order
#1304,Customer0267@example.com,paid,2024-05-01 16:34:10 UTC,2024-05-04,$130.48,3,Sample item 02,Customer 0267,555-0167,Pickup,5.00,0.00,0.00,yes,Synthetic demo order
#1303,customer1442@example.com,Paid,01 May 2024,2024-05-05,"90,16",2,Sample item 10,Customer 1442,555-0142,Standard,5.00,0.00,0.00,yes,Synthetic demo order
#1302,Customer0028@example.com,cancelled,05/01/2024 05:23,2024-05-06,66.43,2,Sample item 03,Customer 0028,555-0128,Express,5.00,0.00,0.00,no,Synthetic demo order
#1301,customer1110@example.com,paid,2024-05-01 00:04:32 -0500,2024-05-05,$56.00,2,Sample item 04,Customer 1110,555-0110,Express,5.00,0.00,0.00,yes,Synthetic demo order
#1300,customer0762@example.com,Paid,"Apr 30, 2024",2024-05-04,0.67,3,Sample item 08,Customer 0762,555-0162,Standard,0.00,0.00,0.00,yes,Synthetic demo order
#1300,customer0762@example.com,Paid,"Apr 30, 2024",2024-05-04,31.21,3,Sample item 06,Customer 0762,555-0162,Standard,5.00,0.00,0.00,yes,Synthetic demo order
#1299,customer0984@example.com,paid,2024-04-30 20:35:01 +0200,2024-05-04,$63.67,3,Sample item 02,Customer 0984,555-0184,Standard,5.00,0.00,0.00,no,Synthetic demo order
#1298,Customer1003@example.com,Paid,"Apr 30, 2024",2024-05-04,46.48,2,Sample item 10,Customer 1003,555-0103,Standard,5.00,0.00,0.00,no,Synthetic demo order
#1297,customer0090@example.com,paid,30 Apr 2024,2024-05-05,44.16,2,Sample item 10,Customer 0090,555-0190,Express,5.00,0.00,0.00,yes,Synthetic demo order
#1296,customer0551@example.com,paid,2024-04-29 12:31:51 +0000,2024-05-02,$41.64,3,Sample item 11,Customer 0551,555-0151,Pickup,5.00,0.00,0.00,no,Synthetic demo order
#1295,customer0848@example.com,cancelled,2024-04-28 17:46:12 +0000,2024-05-02,"59,75",1,Sample item 09,Customer 0848,555-0148,Express,5.00,0.00,0.00,no,Synthetic demo order
#1294,customer1250@example.com,Voided,2024-04-28 13:14:49 +0000,2024-04-29,16.88,3,Sample item 06,Customer 1250,555-0150,Standard,5.00,0.00,0.00,no,Synthetic demo order
#1293,customer0761@example.com,paid,2024-04-28 12:07:55 +0000,2024-05-02,36.93,2,Sample item 01,Customer 0761,555-0161,Pickup,5.00,0.00,0.00,yes,Synthetic demo order
#1292,,refunded,2024-04-27 22:17:09 +0000,2024-05-01,$30.49,2,Sample item 10,Customer 1363,555-0163,Standard,5.00,0.00,0.00,yes,Synthetic demo order
#1291,Customer0468@example.com,paid,2024-04-27 12:35:40 UTC,2024-04-30,$49.41,3,Sample item 09,Customer 0468,555-0168,Express,5.00,0.00,0.00,yes,Synthetic demo order
#1290,Customer0349@example.com,Refunded,2024-04-27 01:43:13 -0800,2024-04-28,$9.68,3,Sample item 02,Customer 0349,555-0149,Standard,0.00,0.00,0.00,yes,Synthetic demo order
#1290,Customer0349@example.com,refunded,2024-04-27 01:43:13 -0800,2024-04-28,18.20,3,Sample item 06,Customer 0349,555-0149,Standard,5.00,0.00,0.00,yes,Synthetic demo order
#1289,customer0258@example.com,Paid,"Apr 26, 2024",2024-04-29,57.22,3,Sample item 03,Customer 0258,555-0158,Express,5.00,0.00,0.00,no,Synthetic demo order
#1288,customer1164@example.com,Paid,2024-04-26 17:08:41 +0200,2024-05-01,"2,994.61",1,Sample item 07,Customer 1164,555-0164,Pickup,5.00,0.00,0.00,yes,Synthetic demo order
#1287,customer0375@example.com,paid,2024-04-26T12:07:35Z,2024-05-01,63.19,3,Sample item 06,Customer 0375,555-0175,Standard,5.00,0.00,0.00,yes,Synthetic demo order
#1286,customer0260@example.com,PAID,2024-04-25 10:26:48 +0000,2024-04-28,35.36,2,Sample item 11,Customer 0260,555-0160,Pickup,5.00,0.00,0.00,yes,Synthetic demo order
#1285,customer0461@example.com,paid,04/24/2024 22:41,2024-04-29,30.75,3,Sample item 01,Customer 0461,555-0161,Pickup,0.00,0.00,0.00,no,Synthetic demo order
#1285,customer0461@example.com,paid,04/24/2024 22:41,2024-04-29,0.28,1,Sample item 06,Customer 0461,555-0161,Express,5.00,0.00,0.00,no,Synthetic demo order
#1284,customer0127@example.com,paid,2024-04-24 21:48:23 +0000,2024-04-26,75.14,1,Sample item 11,Customer 0127,555-0127,Pickup,5.00,0.00,0.00,yes,Synthetic demo order
#1283,customer0263@example.com,refunded,"Apr 23, 2024",2024-04-24,$36.86,2,Sample item 10,Customer 0263,555-0163,Express,5.00,0.00,0.00,no,Synthetic demo order
#1282,customer0805@example.com,Paid,2024-04-23T20:22:15Z,2024-04-24,$42.15,2,Sample item 08,Customer 0805,555-0105,Standard,5.00,0.00,0.00,yes,Synthetic demo order
#1281,customer0416@example.com,paid,2024-04-23T14:46:25Z,2024-04-25,76.72,3,Sample item 08,Customer 0416,555-0116,Express,5.00,0.00,0.00,yes,Synthetic demo order
#1280,customer1150@example.com,paid,23 Apr 2024,2024-04-28,69.80,2,Sample item 01,Customer 1150,555-0150,Standard,5.00,0.00,0.00,no,Synthetic demo order
#1279,customer0293@example.com,paid,04/23/2024 06:39,2024-04-26,$40.13,1,Sample item 11,Customer 0293,555-0193,Pickup,5.00,0.00,0.00,yes,Synthetic demo order
#1278,Customer0868@example.com,Paid,23 Apr 2024,2024-04-25,28.63,2,Sample item 06,Customer 0868,555-0168,Standard,0.00,0.00,0.00,no,Synthetic demo order
#1278,Customer0868@example.com,paid,23 Apr 2024,2024-04-25,$37.04,3,Sample item 08,Customer 0868,555-0168,Standard,5.00,0.00,0.00,yes,Synthetic demo order
#1277,customer0203@example.com,Paid,04/23/2024 03:21,2024-04-24,$27.03,1,Sample item 11,Customer 0203,555-0103,Express,5.00,0.00,0.00,no,Synthetic demo order
#1276,Customer0732@example.com,paid,04/22/2024 14:35,2024-04-23,$21.95,2,Sample item 07,Customer 0732,555-0132,Pickup,5.00,0.00,0.00,no,Synthetic demo order
#1275,customer1040@example.com,paid,2024-04-22 12:56:50 +0000,2024-04-23,25.55,1,Sample item 01,Customer 1040,555-0140,Express,5.00,0.00,0.00,no,Synthetic demo order
#1274,customer0916@example.com,pending,04/21/2024 02:03,2024-04-26,28.64,2,Sample item 01,Customer 0916,555-0116,Standard,5.00,0.00,0.00,no,Synthetic demo order
#1273,Customer0582@example.com,partially_refunded,2024-04-21 01:57:03 +0000,2024-04-24,12.95,2,Sample item 05,Customer 0582,555-0182,Pickup,0.00,0.00,0.00,no,Synthetic demo order
#1273,Customer0582@example.com,Partially_Refunded,2024-04-21 01:57:03 +0000,2024-04-24,$24.75,3,Sample item 06,Customer 0582,555-0182,Pickup,5.00,0.00,0.00,yes,Synthetic demo order
#1272,customer0544@example.com,paid,2024-04-21 00:53:38 +0000,2024-04-22,USD 22.50,2,Sample item 09,Customer 0544,555-0144,Pickup,5.00,0.00,0.00,yes,Synthetic demo order
#1271,Customer0309@example.com,REFUNDED,2024-04-20 22:39:04 UTC,2024-04-21,USD 53.14,1,Sample item 07,Customer 0309,555-0109,Standard,5.00,0.00,0.00,no,Synthetic demo order
#1270,customer0230@example.com,Paid,2024-04-20T20:11:07Z,2024-04-21,44.08,1,Sample item 03,Customer 0230,555-0130,Express,5.00,0.00,0.00,yes,Synthetic demo order
#1269,,Paid,2024-04-20 16:59:44 +0000,2024-04-21,61.00,3,Sample item 08,Customer 0049,555-0149,Pickup,5.00,0.00,0.00,no,Synthetic demo order
#1268,customer0058@example.com,paid,2024-04-20 09:20:16 +0000,2024-04-23,57.29,2,Sample item 04,Customer 0058,555-0158,Express,5.00,0.00,0.00,no,Synthetic demo order
#1267,customer0820@example.com,Paid,2024-04-20 08:36:01 +0000,2024-04-22,74.84,1,Sample item 07,Customer 0820,555-0120,Pickup,5.00,0.00,0.00,yes,Synthetic demo order
#1266,customer0152@example.com,paid,2024-04-20 04:43:21 UTC,2024-04-21,26.78,2,Sample item 02,Customer 0152,555-0152,Pickup,5.00,0.00,0.00,no,Synthetic demo order
#1265,customer1367@example.com,paid,04/20/2024 03:24,2024-04-23,33.42,3,Sample item 03,Customer 1367,555-0167,Express,5.00,0.00,0.00,no,Synthetic demo order
#1264,customer1053@example.com,paid,2024-04-19 19:26:50 +0000,2024-04-24,$65.30,1,Sample item 05,Customer 1053,555-0153,Pickup,5.00,0.00,0.00,no,Synthetic demo order
#1263,customer0763@example.com,paid,2024-04-19 15:16:48 UTC,2024-04-24,75.31,3,Sample item 01,Customer 0763,555-0163,Pickup,5.00,0.00,0.00,yes,Synthetic demo order
#1262,customer1235@example.com,Paid,04/19/2024 12:12,2024-04-23,36.10,3,Sample item 08,Customer 1235,555-0135,Standard,5.00,0.00,0.00,yes,Synthetic demo order
#1261,Customer0098@example.com,paid,2024-04-19 11:54:20 +0000,2024-04-22,11.97,2,Sample item 09,Customer 0098,555-0198,Pickup,0.00,0.00,0.00,no,Synthetic demo order
#1261,Customer0098@example.com,paid,2024-04-19 11:54:20 +0000,2024-04-22,$5.85,2,Sample item 10,Customer 0098,555-0198,Pickup,5.00,0.00,0.00,yes,Synthetic demo order
#1260,customer1104@example.com,paid,04/19/2024 01:52,2024-04-23,40.57,3,Sample item 01,Customer 1104,555-0104,Pickup,5.00,0.00,0.00,yes,Synthetic demo order
#1259,customer1116@example.com,Paid,2024-04-19 00:26:48 +0000,2024-04-23,24.03,1,Sample item 09,Customer 1116,555-0116,Pickup,5.00,0.00,0.00,yes,Synthetic demo order
#1258,customer0917@example.com,Paid,2024-04-18 20:23:41 +0000,2024-04-19,65.00,2,Sample item 05,Customer 0917,555-0117,Express,5.00,0.00,0.00,no,Synthetic demo order
#1257,customer0340@example.com,paid,2024-04-18T12:59:42Z,2024-04-22,37.42,1,Sample item 05,Customer 0340,555-0140,Express,5.00,0.00,0.00,yes,Synthetic demo order
#1256,,paid,2024-04-18T04:12:37Z,2024-04-20,43.25,1,Sample item 08,Customer 0589,555-0189,Pickup,5.00,0.00,0.00,yes,Synthetic demo order
#1255,customer0670@example.com,paid,2024-04-18 03:27:25 +0000,2024-04-19,41.84,1,Sample item 09,Customer 0670,555-0170,Express,5.00,0.00,0.00,no,Synthetic demo order
#1254,customer1188@example.com,pending,2024-04-18 01:00:25 -0500,2024-04-21,15.17,1,Sample item 06,Customer 1188,555-0188,Express,0.00,0.00,0.00,no,Synthetic demo order
#1254,customer1188@example.com,pending,2024-04-18 01:00:25 -0500,2024-04-21,31.69,1,Sample item 06,Customer 1188,555-0188,Standard,0.00,0.00,0.00,no,Synthetic demo order
#1254,customer1188@example.com,pending,2024-04-18 01:00:25 -0500,2024-04-21,1.84,2,Sample item 04,Customer 1188,555-0188,Standard,5.00,0.00,0.00,no,Synthetic demo order
#1253,customer1385@example.com,refunded,2024-04-17 22:39:23 +0000,2024-04-22,33.73,2,Sample item 04,Customer 1385,555-0185,Pickup,5.00,0.00,0.00,yes,Synthetic demo order
#1252,customer0473@example.com,Paid,2024-04-16T21:15:24Z,2024-04-20,66.75,1,Sample item 10,Customer 0473,555-0173,Express,5.00,0.00,0.00,yes,Synthetic demo order
#1251,customer0678@example.com,paid,2024-04-16 12:55:47 +0000,2024-04-18,39.07,3,Sample item 02,Customer 0678,555-0178,Standard,5.00,0.00,0.00,no,Synthetic demo order
#1250,customer0301@example.com,paid,2024-04-16T06:23:05Z,2024-04-21,45.66,3,Sample item 06,Customer 0301,555-0101,Standard,5.00,0.00,0.00,yes,Synthetic demo order
#1249,customer1239@example.com,paid,2024-04-16 05:45:57 UTC,2024-04-21,53.43,3,Sample item 10,Customer 1239,555-0139,Pickup,5.00,0.00,0.00,yes,Synthetic demo order
#1248,customer1100@example.com,paid,2024-04-15 01:31:47 +0200,2024-04-18,47.38,2,Sample item 09,Customer 1100,555-0100,Pickup,5.00,0.00,0.00,no,Synthetic demo order
#1247,customer0206@example.com,voided,2024-04-14 23:58:52 -0800,2024-04-16,$0.00,2,Sample item 10,Customer 0206,555-0106,Standard,5.00,0.00,0.00,no,Synthetic demo order
#1246,customer0962@example.com,Partially_Refunded,2024-04-14 15:45:36 +0000,2024-04-16,USD 59.31,2,Sample item 08,Customer 0962,555-0162,Standard,5.00,0.00,0.00,yes,Synthetic demo order
#1245,Customer0334@example.com,cancelled,2024-04-14 01:44:22 +0000,2024-04-15,$62.49,1,Sample item 08,Customer 0334,555-0134,Standard,5.00,0.00,0.00,yes,Synthetic demo order
#1244,Customer0767@example.com,paid,"Apr 13, 2024",2024-04-18,77.28,1,Sample item 02,Customer 0767,555-0167,Express,5.00,0.00,0.00,no,Synthetic demo order
#1243,customer0887@example.com,Paid,2024-04-13 04:14:24 +0000,2024-04-15,"21,03",3,Sample item 08,Customer 0887,555-0187,Standard,0.00,0.00,0.00,yes,Synthetic demo order
#1243,customer0887@example.com,PAID,2024-04-13 04:14:24 +0000,2024-04-15,$5.55,3,Sample item 01,Customer 0887,555-0187,Standard,5.00,0.00,0.00,yes,Synthetic demo order
#1242,customer0216@example.com,paid,2024-04-13 00:07:41 +0000,2024-04-17,36.14,1,Sample item 08,Customer 0216,555-0116,Pickup,5.00,0.00,0.00,yes,Synthetic demo order
#1241,customer0036@example.com,paid,2024-04-12 19:15:30 +0000,2024-04-17,$57.00,3,Sample item 04,Customer 0036,555-0136,Standard,5.00,0.00,0.00,yes,Synthetic demo order
#1240,customer1051@example.com,VOIDED,2024-04-12 09:27:27 UTC,2024-04-13,29.54,3,Sample item 03,Customer 1051,555-0151,Pickup,5.00,0.00,0.00,no,Synthetic demo order
#1239,customer0074@example.com,paid,12 Apr 2024,2024-04-16,25.50,1,Sample item 06,Customer 0074,555-0174,Express,5.00,0.00,0.00,no,Synthetic demo order
#1238,customer0008@example.com,refunded,"Apr 11, 2024",2024-04-15,$38.77,2,Sample item 04,Customer 0008,555-0108,Pickup,5.00,0.00,0.00,no,Synthetic demo order
#1237,customer1002@example.com,paid,"Apr 11, 2024",2024-04-12,23.91,2,Sample item 09,Customer 1002,555-0102,Express,5.00,0.00,0.00,no,Synthetic demo order
#1236,customer1274@example.com,paid,2024-04-11T00:47:59Z,2024-04-14,USD 50.51,3,Sample item 06,Customer 1274,555-0174,Standard,5.00,0.00,0.00,no,Synthetic demo order
#1235,customer1414@example.com,paid,2024-04-10 11:47:01 +0000,2024-04-11,62.78,2,Sample item 08,Customer 1414,555-0114,Express,5.00,0.00,0.00,yes,Synthetic demo order
#1234,Customer0814@example.com,paid,2024-04-10 09:11:01 +0000,2024-04-12,70.37,2,Sample item 02,Customer 0814,555-0114,Pickup,5.00,0.00,0.00,yes,Synthetic demo order
#1233,Customer0731@example.com,Paid,2024-04-10 01:12:49 +0000,2024-04-14,44.60,2,Sample item 10,Customer 0731,555-0131,Express,5.00,0.00,0.00,no,Synthetic demo order
#1232,customer0734@example.com,paid,09 Apr 2024,2024-04-13,29.98,2,Sample item 09,Customer 0734,555-0134,Standard,5.00,0.00,0.00,yes,Synthetic demo order
#1231,customer0963@example.com,paid,2024-04-09 09:04:36 +0000,2024-04-14,40.06,1,Sample item 10,Customer 0963,555-0163,Pickup,5.00,0.00,0.00,yes,Synthetic demo order
#1230,customer1039@example.com,paid,2024-04-09 08:58:09 -0500,2024-04-13,37.16,3,Sample item 09,Customer 1039,555-0139,Express,5.00,0.00,0.00,no,Synthetic demo order
#1229,customer0804@example.com,PAID,2024-04-09 00:32:00 +0000,2024-04-12,107.51,2,Sample item 09,Customer 0804,555-0104,Express,5.00,0.00,0.00,yes,Synthetic demo order
#1228,Customer0436@example.com,paid,04/08/2024 07:03,2024-04-09,61.74,1,Sample item 07,Customer 0436,555-0136,Standard,5.00,0.00,0.00,yes,Synthetic demo order
#1227,customer0192@example.com,Paid,2024-04-07 16:06:09 +0000,2024-04-10,38.09,3,Sample item 07,Customer 0192,555-0192,Express,5.00,0.00,0.00,no,Synthetic demo order
#1226,customer0627@example.com,PAID,2024-04-07 13:02:24 UTC,2024-04-09,56.82,3,Sample item 01,Customer 0627,555-0127,Standard,5.00,0.00,0.00,yes,Synthetic demo order
#1225,customer0618@example.com,Paid,04/07/2024 10:26,2024-04-11,23.79,1,Sample item 06,Customer 0618,555-0118,Pickup,5.00,0.00,0.00,no,Synthetic demo order
#1224,Customer0217@example.com,paid,2024-04-07 10:19:08 +0000,2024-04-10,42.17,1,Sample item 04,Customer 0217,555-0117,Express,0.00,0.00,0.00,yes,Synthetic demo order
#1224,Customer0217@example.com,paid,2024-04-07 10:19:08 +0000,2024-04-10,USD 0.87,1,Sample item 06,Customer 0217,555-0117,Express,5.00,0.00,0.00,no,Synthetic demo order
#1223,customer0391@example.com,paid,06 Apr 2024,2024-04-08,$64.71,1,Sample item 03,Customer 0391,555-0191,Express,5.00,0.00,0.00,yes,Synthetic demo order
#1222,customer0208@example.com,Paid,2024-04-06 10:05:11 +0000,2024-04-09,$54.87,1,Sample item 07,Customer 0208,555-0108,Pickup,5.00,0.00,0.00,yes,Synthetic demo order
#1221,Customer1254@example.com,cancelled,2024-04-06 08:12:01 +0000,2024-04-11,35.01,2,Sample item 04,Customer 1254,555-0154,Pickup,5.00,0.00,0.00,yes,Synthetic demo order
#1220,Customer0204@example.com,paid,2024-04-06 01:40:30 +0000,2024-04-09,48.66,1,Sample item 10,Customer 0204,555-0104,Express,0.00,0.00,0.00,no,Synthetic demo order
#1220,Customer0204@example.com,paid,2024-04-06 01:40:30 +0000,2024-04-09,USD 18.44,1,Sample item 04,Customer 0204,555-0104,Express,5.00,0.00,0.00,no,Synthetic demo order
#1219,customer0937@example.com,CANCELLED,2024-04-05 11:20:21 +0000,2024-04-09,18.70,1,Sample item 10,Customer 0937,555-0137,Standard,5.00,0.00,0.00,no,Synthetic demo order
#1218,customer0361@example.com,paid,04/04/2024 17:52,2024-04-05,27.74,1,Sample item 11,Customer 0361,555-0161,Express,0.00,0.00,0.00,no,Synthetic demo order
#1218,customer0361@example.com,Paid,04/04/2024 17:52,2024-04-05,11.04,1,Sample item 02,Customer 0361,555-0161,Standard,5.00,0.00,0.00,no,Synthetic demo order
#1217,customer0472@example.com,refunded,2024-04-04 17:38:03 UTC,2024-04-08,38.89,3,Sample item 09,Customer 0472,555-0172,Standard,0.00,0.00,0.00,yes,Synthetic demo order
#1217,customer0472@example.com,Refunded,2024-04-04 17:38:03 UTC,2024-04-08,USD 9.82,2,Sample item 07,Customer 0472,555-0172,Express,5.00,0.00,0.00,no,Synthetic demo order
#1216,Guest,voided,2024-04-04 15:51:02 +0000,2024-04-08,$27.16,1,Sample item 07,Customer 0916,555-0116,Standard,5.00,0.00,0.00,no,Synthetic demo order
#1215,customer0524@example.com,Paid,2024-04-04 06:58:59 +0000,2024-04-08,"20,68",3,Sample item 05,Customer 0524,555-0124,Pickup,5.00,0.00,0.00,yes,Synthetic demo order
#1214,customer0972@example.com,paid,2024-04-04 02:58:42 +0000,2024-04-07,4.66,3,Sample item 10,Customer 0972,555-0172,Pickup,0.00,0.00,0.00,yes,Synthetic demo order
#1214,customer0972@example.com,paid,2024-04-04 02:58:42 +0000,2024-04-07,44.86,3,Sample item 08,Customer 0972,555-0172,Express,5.00,0.00,0.00,no,Synthetic demo order
#1213,customer1181@example.com,paid,2024-04-03 08:40:16 +0000,2024-04-07,$30.48,3,Sample item 07,Customer 1181,555-0181,Standard,5.00,0.00,0.00,yes,Synthetic demo order
#1212,customer1349@example.com,paid,04/03/2024 08:26,2024-04-06,43.48,2,Sample item 03,Customer 1349,555-0149,Standard,5.00,0.00,0.00,no,Synthetic demo order
#1211,Customer1243@example.com,cancelled,03 Apr 2024,2024-04-08,21.98,3,Sample item 10,Customer 1243,555-0143,Pickup,5.00,0.00,0.00,yes,Synthetic demo order
#1210,customer0388@example.com,paid,2024-04-03 06:56:52 +0000,2024-04-07,45.98,1,Sample item 03,Customer 0388,555-0188,Standard,5.00,0.00,0.00,no,Synthetic demo order
#1209,customer0098@example.com,partially_refunded,2024-04-03 04:24:18 +0000,2024-04-04,18.49,3,Sample item 09,Customer 0098,555-0198,Pickup,5.00,0.00,0.00,yes,Synthetic demo order
#1208,Customer0893@example.com,paid,2024-04-02 09:28:33 +0000,2024-04-06,USD 58.89,2,Sample item 10,Customer 0893,555-0193,Express,5.00,0.00,0.00,no,Synthetic demo order
#1207,customer0362@example.com,paid,2024-04-02T01:06:41Z,2024-04-06,$36.68,2,Sample item 10,Customer 0362,555-0162,Standard,0.00,0.00,0.00,yes,Synthetic demo order
#1207,customer0362@example.com,paid,2024-04-02T01:06:41Z,2024-04-06,$15.98,2,Sample item 10,Customer 0362,555-0162,Express,5.00,0.00,0.00,yes,Synthetic demo order
#1206,customer1392@example.com,refunded,02 Apr 2024,2024-04-06,35.91,2,Sample item 01,Customer 1392,555-0192,Standard,5.00,0.00,0.00,yes,Synthetic demo order
#1205,customer1252@example.com,paid,04/01/2024 23:31,2024-04-03,16.82,3,Sample item 06,Customer 1252,555-0152,Standard,5.00,0.00,0.00,yes,Synthetic demo order
#1204,customer0767@example.com,paid,04/01/2024 22:22,2024-04-03,"81,75",2,Sample item 02,Customer 0767,555-0167,Express,5.00,0.00,0.00,no,Synthetic demo order
#1203,customer0509@example.com,refunded,2024-04-01T08:23:22Z,2024-04-05,45.53,2,Sample item 09,Customer 0509,555-0109,Pickup,5.00,0.00,0.00,no,Synthetic demo order
#1202,customer0268@example.com,paid,2024-04-01 03:13:20 +0000,2024-04-03,$15.21,3,Sample item 07,Customer 0268,555-0168,Standard,0.00,0.00,0.00,yes,Synthetic demo order
#1202,customer0268@example.com,paid,2024-04-01 03:13:20 +0000,2024-04-03,$23.28,1,Sample item 10,Customer 0268,555-0168,Express,5.00,0.00,0.00,yes,Synthetic demo order
#1201,customer1106@example.com,Paid,2024-04-01 02:28:10 -0800,2024-04-02,18.90,2,Sample item 10,Customer 1106,555-0106,Standard,5.00,0.00,0.00,no,Synthetic demo order
#1200,Customer0607@example.com,paid,2024-03-31 16:38:41 +0000,2024-04-04,USD 23.24,3,Sample item 10,Customer 0607,555-0107,Pickup,0.00,0.00,0.00,no,Synthetic demo order
#1200,Customer0607@example.com,paid,2024-03-31 16:38:41 +0000,2024-04-04,51.54,1,Sample item 04,Customer 0607,555-0107,Pickup,5.00,0.00,0.00,no,Synthetic demo order
#1199,,paid,2024-03-31T06:33:44Z,2024-04-05,72.82,3,Sample item 09,Customer 0059,555-0159,Pickup,5.00,0.00,0.00,yes,Synthetic demo order
#1198,customer0642@example.com,Paid,2024-03-30 23:11:14 +0000,2024-04-02,47.49,1,Sample item 09,Customer 0642,555-0142,Pickup,5.00,0.00,0.00,yes,Synthetic demo order
#1197,Customer1121@example.com,paid,2024-03-29 22:41:23 +0000,2024-04-01,USD 27.20,1,Sample item 07,Customer 1121,555-0121,Standard,5.00,0.00,0.00,no,Synthetic demo order
#1196,customer0732@example.com,paid,2024-03-29T09:38:51Z,2024-03-31,8.82,1,Sample item 02,Customer 0732,555-0132,Express,0.00,0.00,0.00,yes,Synthetic demo order
#1196,customer0732@example.com,paid,2024-03-29T09:38:51Z,2024-03-31,$11.63,2,Sample item 10,Customer 0732,555-0132,Standard,5.00,0.00,0.00,no,Synthetic demo order
#1195,customer0741@example.com,partially_refunded,2024-03-29 07:16:36 +0000,2024-04-03,49.92,2,Sample item 04,Customer 0741,555-0141,Express,5.00,0.00,0.00,no,Synthetic demo order
#1194,customer0403@example.com,paid,TBD,2024-03-29,38.62,1,Sample item 07,Customer 0403,555-0103,Express,5.00,0.00,0.00,yes,Synthetic demo order
#1193,customer0907@example.com,paid,2024-03-28 23:17:05 +0200,2024-03-29,$52.53,3,Sample item 02,Customer 0907,555-0107,Express,5.00,0.00,0.00,no,Synthetic demo order
#1192,Customer0768@example.com,paid,2024-03-28T19:23:08Z,2024-03-30,"43,64",3,Sample item 11,Customer 0768,555-0168,Pickup,5.00,0.00,0.00,no,Synthetic demo order
#1191,customer1296@example.com,paid,03/28/2024 12:58,2024-04-01,41.74,3,Sample item 04,Customer 1296,555-0196,Pickup,5.00,0.00,0.00,no,Synthetic demo order
#1190,customer1182@example.com,Paid,2024-03-28 09:34:37 -0800,2024-03-31,35.13,3,Sample item 04,Customer 1182,555-0182,Express,5.00,0.00,0.00,yes,Synthetic demo order
#1189,customer0635@example.com,paid,2024-03-27 11:20:28 +0000,2024-03-28,USD 54.57,3,Sample item 03,Customer 0635,555-0135,Pickup,5.00,0.00,0.00,no,Synthetic demo order
#1188,customer0239@example.com,paid,03/27/2024 00:55,2024-03-28,$7.50,3,Sample item 09,Customer 0239,555-0139,Express,0.00,0.00,0.00,no,Synthetic demo order
#1188,customer0239@example.com,Paid,03/27/2024 00:55,2024-03-28,25.41,2,Sample item 03,Customer 0239,555-0139,Express,5.00,0.00,0.00,no,Synthetic demo order
#1187,Customer0589@example.com,paid,2024-03-26 10:02:43 UTC,2024-03-30,24.33,2,Sample item 02,Customer 0589,555-0189,Express,0.00,0.00,0.00,yes,Synthetic demo order
#1187,Customer0589@example.com,paid,2024-03-26 10:02:43 UTC,2024-03-30,19.07,2,Sample item 02,Customer 0589,555-0189,Standard,5.00,0.00,0.00,yes,Synthetic demo order
#1186,customer0160@example.com,Paid,03/26/2024 02:50,2024-03-31,69.44,2,Sample item 06,Customer 0160,555-0160,Standard,5.00,0.00,0.00,yes,Synthetic demo order
#1185,customer0154@example.com,REFUNDED,2024-03-26T01:38:54Z,2024-03-30,$40.39,2,Sample item 04,Customer 0154,555-0154,Standard,5.00,0.00,0.00,yes,Synthetic demo order
#1184,customer0408@example.com,paid,2024-03-25 15:49:22 UTC,2024-03-27,USD 28.30,3,Sample item 06,Customer 0408,555-0108,Pickup,5.00,0.00,0.00,yes,Synthetic demo order
#1183,customer0820@example.com,Paid,2024-03-25 15:28:26 -0500,2024-03-26,40.47,3,Sample item 07,Customer 0820,555-0120,Express,5.00,0.00,0.00,yes,Synthetic demo order
#1182,customer0139@example.com,paid,2024-03-25 15:20:57 UTC,2024-03-27,47.43,3,Sample item 07,Customer 0139,555-0139,Pickup,5.00,0.00,0.00,yes,Synthetic demo order
#1181,customer1472@example.com,Paid,2024-03-25 11:42:58 UTC,2024-03-29,45.76,1,Sample item 01,Customer 1472,555-0172,Express,5.00,0.00,0.00,no,Synthetic demo order
#1180,customer1251@example.com,paid,2024-03-25 09:14:38 -0800,2024-03-28,47.46,2,Sample item 09,Customer 1251,555-0151,Express,5.00,0.00,0.00,no,Synthetic demo order
#1179,customer0229@example.com,paid,2024-03-24T20:02:34Z,2024-03-25,34.74,2,Sample item 07,Customer 0229,555-0129,Pickup,5.00,0.00,0.00,no,Synthetic demo order
#1178,customer0257@example.com,paid,03/24/2024 04:41,2024-03-29,0.00,3,Sample item 04,Customer 0257,555-0157,Pickup,5.00,0.00,0.00,no,Synthetic demo order
#1177,customer0864@example.com,paid,2024-03-23 15:09:29 +0000,2024-03-25,47.76,1,Sample item 08,Customer 0864,555-0164,Standard,5.00,0.00,0.00,no,Synthetic demo order
#1176,customer0582@example.com,Paid,03/23/2024 04:57,2024-03-27,5.22,1,Sample item 09,Customer 0582,555-0182,Express,0.00,0.00,0.00,yes,Synthetic demo order
#1176,customer0582@example.com,paid,03/23/2024 04:57,2024-03-27,30.29,2,Sample item 08,Customer 0582,555-0182,Express,5.00,0.00,0.00,yes,Synthetic demo order
#1175,customer1277@example.com,paid,2024-03-22 18:21:14 +0000,2024-03-25,28.03,1,Sample item 05,Customer 1277,555-0177,Pickup,5.00,0.00,0.00,no,Synthetic demo order
#1174,customer0916@example.com,paid,2024-03-22 12:52:43 +0000,2024-03-26,USD 9.88,3,Sample item 01,Customer 0916,555-0116,Express,0.00,0.00,0.00,yes,Synthetic demo order
#1174,customer0916@example.com,Paid,2024-03-22 12:52:43 +0000,2024-03-26,"31,38",1,Sample item 01,Customer 0916,555-0116,Express,5.00,0.00,0.00,yes,Synthetic demo order
#1173,customer0128@example.com,paid,2024-03-22 12:06:09 UTC,2024-03-23,"62,39",1,Sample item 01,Customer 0128,555-0128,Pickup,5.00,0.00,0.00,yes,Synthetic demo order
#1172,Customer0724@example.com,paid,03/22/2024 00:12,2024-03-23,"23,91",1,Sample item 07,Customer 0724,555-0124,Express,5.00,0.00,0.00,no,Synthetic demo order
#1171,Customer1100@example.com,paid,2024-03-21T06:11:46Z,2024-03-26,$64.94,2,Sample item 06,Customer 1100,555-0100,Express,5.00,0.00,0.00,no,Synthetic demo order
#1170,customer0717@example.com,paid,2024-03-21 06:00:37 +0000,2024-03-25,36.65,3,Sample item 08,Customer 0717,555-0117,Pickup,5.00,0.00,0.00,no,Synthetic demo order
#1169,customer0289@example.com,paid,2024-03-21T04:26:56Z,2024-03-22,21.32,2,Sample item 06,Customer 0289,555-0189,Pickup,0.00,0.00,0.00,yes,Synthetic demo order
#1169,customer0289@example.com,paid,2024-03-21T04:26:56Z,2024-03-22,$15.24,2,Sample item 02,Customer 0289,555-0189,Express,5.00,0.00,0.00,no,Synthetic demo order
#1168,customer1385@example.com,paid,2024-03-20 18:24:58 UTC,2024-03-22,$34.42,1,Sample item 11,Customer 1385,555-0185,Express,5.00,0.00,0.00,no,Synthetic demo order
#1167,Customer0939@example.com,paid,2024-03-20 12:14:09 +0000,2024-03-24,13.35,3,Sample item 05,Customer 0939,555-0139,Standard,0.00,0.00,0.00,no,Synthetic demo order
#1167,Customer0939@example.com,paid,2024-03-20 12:14:09 +0000,2024-03-24,$33.11,1,Sample item 06,Customer 0939,555-0139,Pickup,5.00,0.00,0.00,yes,Synthetic demo order
#1166,customer0450@example.com,Refunded,03/20/2024 05:22,2024-03-22,$62.56,3,Sample item 07,Customer 0450,555-0150,Express,5.00,0.00,0.00,no,Synthetic demo order
#1165,customer1340@example.com,paid,"Mar 20, 2024",2024-03-23,"16,05",3,Sample item 10,Customer 1340,555-0140,Standard,0.00,0.00,0.00,no,Synthetic demo order
#1165,customer1340@example.com,paid,"Mar 20, 2024",2024-03-23,USD 7.52,3,Sample item 08,Customer 1340,555-0140,Express,5.00,0.00,0.00,yes,Synthetic demo order
#1164,customer1250@example.com,Paid,2024-03-19 10:02:12 UTC,2024-03-21,28.25,2,Sample item 04,Customer 1250,555-0150,Standard,5.00,0.00,0.00,no,Synthetic demo order
#1163,customer0293@example.com,paid,2024-03-19 06:56:46 +0000,2024-03-24,29.74,3,Sample item 05,Customer 0293,555-0193,Standard,5.00,0.00,0.00,no,Synthetic demo order
#1162,Customer0868@example.com,paid,2024-03-19 05:19:06 +0000,2024-03-21,67.36,1,Sample item 02,Customer 0868,555-0168,Pickup,5.00,0.00,0.00,yes,Synthetic demo order
#1161,customer0893@example.com,Paid,19 Mar 2024,2024-03-23,24.85,1,Sample item 08,Customer 0893,555-0193,Standard,5.00,0.00,0.00,yes,Synthetic demo order
#1160,customer1235@example.com,paid,"Mar 19, 2024",2024-03-21,$32.63,3,Sample item 04,Customer 1235,555-0135,Standard,5.00,0.00,0.00,yes,Synthetic demo order
#1159,customer0068@example.com,paid,2024-03-18 11:01:37 +0000,2024-03-20,$51.99,2,Sample item 06,Customer 0068,555-0168,Express,5.00,0.00,0.00,yes,Synthetic demo order
#1158,customer0920@example.com,paid,2024-03-17T22:31:02Z,2024-03-20,76.66,2,Sample item 03,Customer 0920,555-0120,Pickup,5.00,0.00,0.00,no,Synthetic demo order
#1157,customer0108@example.com,paid,"Mar 17, 2024",2024-03-21,52.54,1,Sample item 06,Customer 0108,555-0108,Pickup,5.00,0.00,0.00,no,Synthetic demo order
#1156,customer1370@example.com,paid,2024-03-17 13:24:00 +0000,2024-03-22,38.63,3,Sample item 10,Customer 1370,555-0170,Pickup,5.00,0.00,0.00,yes,Synthetic demo order
#1155,customer0734@example.com,paid,2024-03-17 03:56:12 +0000,2024-03-21,$48.48,3,Sample item 10,Customer 0734,555-0134,Standard,5.00,0.00,0.00,yes,Synthetic demo order
#1154,customer1152@example.com,Paid,03/16/2024 21:53,2024-03-20,$22.86,1,Sample item 08,Customer 1152,555-0152,Standard,0.00,0.00,0.00,yes,Synthetic demo order
#1154,customer1152@example.com,paid,03/16/2024 21:53,2024-03-20,17.48,3,Sample item 09,Customer 1152,555-0152,Pickup,5.00,0.00,0.00,yes,Synthetic demo order
#1153,customer0349@example.com,pending,03/16/2024 18:44,2024-03-18,30.98,1,Sample item 02,Customer 0349,555-0149,Standard,5.00,0.00,0.00,yes,Synthetic demo order
#1152,customer1132@example.com,refunded,"Mar 16, 2024",2024-03-18,58.07,1,Sample item 08,Customer 1132,555-0132,Express,5.00,0.00,0.00,yes,Synthetic demo order
#1151,Customer0336@example.com,Paid,2024-03-16 12:33:09 +0000,2024-03-18,36.09,1,Sample item 09,Customer 0336,555-0136,Standard,5.00,0.00,0.00,no,Synthetic demo order
#1150,customer0844@example.com,PAID,03/15/2024 22:06,2024-03-18,"20,45",1,Sample item 05,Customer 0844,555-0144,Express,5.00,0.00,0.00,yes,Synthetic demo order
#1149,customer0004@example.com,paid,2024-03-15 16:55:03 +0000,2024-03-17,$76.79,3,Sample item 04,Customer 0004,555-0104,Express,5.00,0.00,0.00,yes,Synthetic demo order
#1148,customer1322@example.com,paid,03/15/2024 11:25,2024-03-19,$43.85,2,Sample item 03,Customer 1322,555-0122,Standard,5.00,0.00,0.00,yes,Synthetic demo order
#1147,customer1296@example.com,paid,03/15/2024 10:41,2024-03-17,36.22,3,Sample item 01,Customer 1296,555-0196,Pickup,5.00,0.00,0.00,yes,Synthetic demo order
#1146,Customer0187@example.com,paid,2024-03-15 09:40:08 +0000,2024-03-19,22.64,1,Sample item 11,Customer 0187,555-0187,Standard,5.00,0.00,0.00,no,Synthetic demo order
#1145,customer1044@example.com,paid,2024-03-15 08:57:49 +0000,2024-03-18,$75.68,2,Sample item 01,Customer 1044,555-0144,Pickup,5.00,0.00,0.00,no,Synthetic demo order
#1144,customer1407@example.com,paid,2024-03-15T04:27:48Z,2024-03-20,$33.89,1,Sample item 02,Customer 1407,555-0107,Pickup,5.00,0.00,0.00,no,Synthetic demo order
#1143,customer1169@example.com,paid,14 Mar 2024,2024-03-18,44.91,1,Sample item 09,Customer 1169,555-0169,Standard,5.00,0.00,0.00,no,Synthetic demo order
#1142,Customer0916@example.com,paid,2024-03-13 22:35:26 UTC,2024-03-17,43.18,3,Sample item 11,Customer 0916,555-0116,Standard,5.00,0.00,0.00,no,Synthetic demo order
#1141,customer0454@example.com,refunded,2024-03-13 19:38:16 UTC,2024-03-14,28.44,1,Sample item 01,Customer 0454,555-0154,Express,5.00,0.00,0.00,yes,Synthetic demo order
#1140,customer1040@example.com,Paid,2024-03-13T07:53:19Z,2024-03-18,29.11,1,Sample item 04,Customer 1040,555-0140,Standard,5.00,0.00,0.00,yes,Synthetic demo order
#1139,customer1068@example.com,paid,2024-03-13 04:58:51 UTC,2024-03-16,$62.70,2,Sample item 04,Customer 1068,555-0168,Standard,5.00,0.00,0.00,no,Synthetic demo order
#1138,,cancelled,2024-03-12 08:39:34 +0000,2024-03-16,42.21,1,Sample item 08,Customer 0085,555-0185,Express,5.00,0.00,0.00,yes,Synthetic demo order
#1137,customer0412@example.com,Partially_Refunded,2024-03-12T05:19:49Z,2024-03-17,$42.08,2,Sample item 08,Customer 0412,555-0112,Pickup,5.00,0.00,0.00,yes,Synthetic demo order
#1136,customer1455@example.com,paid,12 Mar 2024,2024-03-16,$27.18,1,Sample item 06,Customer 1455,555-0155,Pickup,5.00,0.00,0.00,yes,Synthetic demo order
#1135,customer1426@example.com,Paid,11 Mar 2024,2024-03-15,43.91,1,Sample item 01,Customer 1426,555-0126,Express,5.00,0.00,0.00,yes,Synthetic demo order
#1134,customer0363@example.com,paid,"Mar 10, 2024",2024-03-12,45.65,2,Sample item 04,Customer 0363,555-0163,Standard,5.00,0.00,0.00,no,Synthetic demo order
#1133,customer0097@example.com,paid,2024-03-10 07:31:56 UTC,2024-03-14,44.25,2,Sample item 05,Customer 0097,555-0197,Standard,5.00,0.00,0.00,no,Synthetic demo order
#1132,customer0269@example.com,paid,2024-03-09T08:38:42Z,2024-03-10,$85.42,3,Sample item 03,Customer 0269,555-0169,Pickup,5.00,0.00,0.00,no,Synthetic demo order
#1131,customer0663@example.com,paid,2024-03-08 23:05:34 UTC,2024-03-10,12.77,2,Sample item 01,Customer 0663,555-0163,Standard,0.00,0.00,0.00,yes,Synthetic demo order
#1131,customer0663@example.com,paid,2024-03-08 23:05:34 UTC,2024-03-10,19.06,3,Sample item 07,Customer 0663,555-0163,Express,5.00,0.00,0.00,no,Synthetic demo order
#1130,Customer0627@example.com,PAID,2024-03-08 05:41:22 +0000,2024-03-13,38.39,2,Sample item 03,Customer 0627,555-0127,Standard,5.00,0.00,0.00,yes,Synthetic demo order
#1129,customer1182@example.com,paid,2024-03-08T02:25:29Z,2024-03-13,4.72,2,Sample item 04,Customer 1182,555-0182,Standard,0.00,0.00,0.00,no,Synthetic demo order
#1129,customer1182@example.com,paid,2024-03-08T02:25:29Z,2024-03-13,USD 28.18,1,Sample item 04,Customer 1182,555-0182,Express,5.00,0.00,0.00,no,Synthetic demo order
#1128,Customer0338@example.com,paid,2024-03-07 20:35:53 +0000,2024-03-10,77.10,2,Sample item 03,Customer 0338,555-0138,Pickup,5.00,0.00,0.00,yes,Synthetic demo order
#1127,customer0122@example.com,paid,2024-03-07 11:18:58 +0000,2024-03-10,$37.46,2,Sample item 09,Customer 0122,555-0122,Express,5.00,0.00,0.00,no,Synthetic demo order
#1126,customer0560@example.com,paid,07 Mar 2024,2024-03-08,34.42,1,Sample item 02,Customer 0560,555-0160,Express,5.00,0.00,0.00,no,Synthetic demo order
#1125,customer0139@example.com,paid,2024-03-06 11:51:48 +0000,2024-03-07,$10.44,3,Sample item 04,Customer 0139,555-0139,Pickup,0.00,0.00,0.00,yes,Synthetic demo order
#1125,customer0139@example.com,paid,2024-03-06 11:51:48 +0000,2024-03-07,$36.64,2,Sample item 08,Customer 0139,555-0139,Express,5.00,0.00,0.00,no,Synthetic demo order
#1124,customer0547@example.com,paid,2024-03-04 21:10:19 -0500,2024-03-05,16.89,3,Sample item 08,Customer 0547,555-0147,Pickup,5.00,0.00,0.00,no,Synthetic demo order
#1123,customer1375@example.com,Refunded,2024-03-04 14:01:11 +0000,2024-03-09,3.25,1,Sample item 10,Customer 1375,555-0175,Pickup,0.00,0.00,0.00,no,Synthetic demo order
#1123,customer1375@example.com,refunded,2024-03-04 14:01:11 +0000,2024-03-09,92.17,3,Sample item 04,Customer 1375,555-0175,Pickup,5.00,0.00,0.00,yes,Synthetic demo order
#1122,customer0793@example.com,paid,2024-03-02 15:44:27 +0000,2024-03-03,45.63,1,Sample item 06,Customer 0793,555-0193,Standard,5.00,0.00,0.00,no,Synthetic demo order
#1121,,paid,03/02/2024 13:50,2024-03-06,23.13,3,Sample item 05,Customer 0743,555-0143,Standard,5.00,0.00,0.00,yes,Synthetic demo order
#1120,customer1427@example.com,paid,2024-03-02 11:34:37 +0000,2024-03-05,$1.50,2,Sample item 11,Customer 1427,555-0127,Express,0.00,0.00,0.00,no,Synthetic demo order
#1120,customer1427@example.com,paid,2024-03-02 11:34:37 +0000,2024-03-05,$48.18,2,Sample item 11,Customer 1427,555-0127,Express,5.00,0.00,0.00,yes,Synthetic demo order
#1119,customer0589@example.com,paid,2024-02-29 06:12:16 -0800,2024-03-03,47.43,2,Sample item 09,Customer 0589,555-0189,Standard,5.00,0.00,0.00,yes,Synthetic demo order
#1118,customer0820@example.com,paid,2024-02-29 02:36:33 +0000,2024-03-02,42.16,2,Sample item 07,Customer 0820,555-0120,Standard,5.00,0.00,0.00,yes,Synthetic demo order
#1117,customer0796@example.com,Paid,2024-02-28 15:59:05 +0000,2024-02-29,29.94,1,Sample item 02,Customer 0796,555-0196,Standard,5.00,0.00,0.00,yes,Synthetic demo order
#1116,customer0510@example.com,paid,2024-02-26T23:18:44Z,2024-03-01,67.02,1,Sample item 05,Customer 0510,555-0110,Express,5.00,0.00,0.00,yes,Synthetic demo order
#1115,customer0916@example.com,paid,2024-02-26 01:36:03 +0000,2024-02-28,58.22,3,Sample item 10,Customer 0916,555-0116,Pickup,5.00,0.00,0.00,yes,Synthetic demo order
#1114,customer1115@example.com,paid,2024-02-25T11:23:49Z,2024-02-29,$58.11,2,Sample item 05,Customer 1115,555-0115,Pickup,5.00,0.00,0.00,yes,Synthetic demo order
#1113,customer0680@example.com,Paid,2024-02-23 17:01:38 +0000,2024-02-25,USD 27.84,3,Sample item 10,Customer 0680,555-0180,Express,0.00,0.00,0.00,yes,Synthetic demo order
#1113,customer0680@example.com,paid,2024-02-23 17:01:38 +0000,2024-02-25,USD 3.01,1,Sample item 10,Customer 0680,555-0180,Pickup,5.00,0.00,0.00,yes,Synthetic demo order
#1112,Customer1155@example.com,partially_refunded,23 Feb 2024,2024-02-27,USD 29.90,2,Sample item 06,Customer 1155,555-0155,Standard,5.00,0.00,0.00,yes,Synthetic demo order
#1111,customer0163@example.com,pending,2024-02-22 19:51:12 UTC,2024-02-25,60.01,3,Sample item 11,Customer 0163,555-0163,Express,5.00,0.00,0.00,yes,Synthetic demo order
#1110,customer0258@example.com,cancelled,02/22/2024 13:32,2024-02-24,12.64,2,Sample item 05,Customer 0258,555-0158,Express,0.00,0.00,0.00,no,Synthetic demo order
#1110,customer0258@example.com,cancelled,02/22/2024 13:32,2024-02-24,50.30,3,Sample item 09,Customer 0258,555-0158,Standard,5.00,0.00,0.00,no,Synthetic demo order
#1109,,paid,2024-02-22 07:07:29 +0200,2024-02-27,39.72,2,Sample item 06,Customer 1481,555-0181,Standard,5.00,0.00,0.00,yes,Synthetic demo order
#1108,customer1219@example.com,pending,02/22/2024 03:54,2024-02-26,56.14,2,Sample item 10,Customer 1219,555-0119,Standard,5.00,0.00,0.00,no,Synthetic demo order
#1107,customer0727@example.com,paid,02/21/2024 12:38,2024-02-26,88.38,2,Sample item 10,Customer 0727,555-0127,Pickup,5.00,0.00,0.00,no,Synthetic demo order
#1106,customer1443@example.com,paid,2024-02-20 10:51:31 +0200,2024-02-25,$32.29,3,Sample item 02,Customer 1443,555-0143,Express,5.00,0.00,0.00,yes,Synthetic demo order
#1105,Customer0017@example.com,paid,2024-02-20T05:10:18Z,2024-02-24,$6.34,1,Sample item 02,Customer 0017,555-0117,Express,0.00,0.00,0.00,yes,Synthetic demo order
#1105,Customer0017@example.com,paid,2024-02-20T05:10:18Z,2024-02-24,20.34,3,Sample item 02,Customer 0017,555-0117,Standard,5.00,0.00,0.00,no,Synthetic demo order
#1104,customer1100@example.com,paid,"Feb 19, 2024",2024-02-24,USD 59.25,2,Sample item 01,Customer 1100,555-0100,Express,5.00,0.00,0.00,no,Synthetic demo order
#1103,Customer1000@example.com,paid,02/19/2024 07:37,2024-02-24,"30,20",1,Sample item 06,Customer 1000,555-0100,Standard,5.00,0.00,0.00,yes,Synthetic demo order
#1102,customer1401@example.com,paid,2024-02-19 02:50:53 +0000,2024-02-20,33.39,3,Sample item 11,Customer 1401,555-0101,Express,5.00,0.00,0.00,yes,Synthetic demo order
#1101,customer0810@example.com,paid,2024-02-18T00:17:29Z,2024-02-19,n/a,2,Sample item 08,Customer 0810,555-0110,Express,5.00,0.00,0.00,no,Synthetic demo order
#1100,customer0734@example.com,Paid,2024-02-17 07:44:18 -0800,2024-02-18,28.64,1,Sample item 07,Customer 0734,555-0134,Pickup,5.00,0.00,0.00,yes,Synthetic demo order
#1099,customer1490@example.com,paid,02/17/2024 04:30,2024-02-19,52.06,3,Sample item 01,Customer 1490,555-0190,Express,5.00,0.00,0.00,no,Synthetic demo order
#1098,Customer1393@example.com,Paid,17 Feb 2024,2024-02-20,50.08,3,Sample item 06,Customer 1393,555-0193,Pickup,5.00,0.00,0.00,yes,Synthetic demo order
#1097,customer1229@example.com,paid,2024-02-17 00:20:20 UTC,2024-02-22,$39.06,1,Sample item 07,Customer 1229,555-0129,Standard,5.00,0.00,0.00,no,Synthetic demo order
#1096,customer0074@example.com,paid,2024-02-16T13:57:28Z,2024-02-21,48.81,2,Sample item 05,Customer 0074,555-0174,Express,5.00,0.00,0.00,no,Synthetic demo order
#1095,customer0428@example.com,paid,"Feb 15, 2024",2024-02-16,58.62,1,Sample item 08,Customer 0428,555-0128,Pickup,5.00,0.00,0.00,no,Synthetic demo order
#1094,customer0767@example.com,Paid,2024-02-15 12:41:26 +0000,2024-02-20,$110.09,2,Sample item 06,Customer 0767,555-0167,Standard,5.00,0.00,0.00,no,Synthetic demo order
#1093,customer0567@example.com,PARTIALLY_REFUNDED,2024-02-15 03:41:05 +0000,2024-02-18,USD 46.28,1,Sample item 09,Customer 0567,555-0167,Standard,5.00,0.00,0.00,yes,Synthetic demo order
#1092,Customer1068@example.com,pending,2024-02-13 18:24:25 +0000,2024-02-15,57.24,3,Sample item 04,Customer 1068,555-0168,Pickup,5.00,0.00,0.00,no,Synthetic demo order
#1091,customer0448@example.com,pending,2024-02-13 14:31:49 +0000,2024-02-16,50.54,3,Sample item 04,Customer 0448,555-0148,Pickup,5.00,0.00,0.00,yes,Synthetic demo order
#1090,customer0270@example.com,paid,2024-02-13T03:57:19Z,2024-02-16,43.80,1,Sample item 08,Customer 0270,555-0170,Express,5.00,0.00,0.00,yes,Synthetic demo order
#1089,customer0512@example.com,PAID,2024-02-13 03:05:02 +0000,2024-02-16,"27,97",3,Sample item 07,Customer 0512,555-0112,Pickup,5.00,0.00,0.00,yes,Synthetic demo order
#1088,customer1243@example.com,paid,2024-02-13T00:47:14Z,2024-02-15,28.59,1,Sample item 07,Customer 1243,555-0143,Express,5.00,0.00,0.00,no,Synthetic demo order
#1087,,paid,02/12/2024 15:39,2024-02-17,$16.40,3,Sample item 10,Customer 0272,555-0172,Pickup,5.00,0.00,0.00,yes,Synthetic demo order
#1086,customer1308@example.com,paid,2024-02-11T19:16:06Z,2024-02-16,30.56,2,Sample item 09,Customer 1308,555-0108,Pickup,5.00,0.00,0.00,yes,Synthetic demo order
#1085,customer1156@example.com,paid,2024-02-11T16:57:45Z,2024-02-14,$49.21,2,Sample item 06,Customer 1156,555-0156,Standard,5.00,0.00,0.00,yes,Synthetic demo order
#1084,Customer0291@example.com,Paid,2024-02-11 11:07:54 +0000,2024-02-15,23.48,2,Sample item 03,Customer 0291,555-0191,Express,5.00,0.00,0.00,yes,Synthetic demo order
#1083,customer1138@example.com,paid,2024-02-10 21:08:28 +0000,2024-02-14,43.13,1,Sample item 01,Customer 1138,555-0138,Express,5.00,0.00,0.00,no,Synthetic demo order
#1082,customer0731@example.com,Paid,02/10/2024 20:38,2024-02-15,USD 79.86,1,Sample item 11,Customer 0731,555-0131,Standard,5.00,0.00,0.00,no,Synthetic demo order
#1081,customer0423@example.com,PAID,2024-02-10 09:11:12 -0500,2024-02-12,28.72,3,Sample item 09,Customer 0423,555-0123,Standard,0.00,0.00,0.00,yes,Synthetic demo order
#1081,customer0423@example.com,paid,2024-02-10 09:11:12 -0500,2024-02-12,USD 16.42,2,Sample item 07,Customer 0423,555-0123,Standard,5.00,0.00,0.00,no,Synthetic demo order
#1080,customer1485@example.com,paid,2024-02-10T08:51:11Z,2024-02-14,79.53,1,Sample item 02,Customer 1485,555-0185,Standard,5.00,0.00,0.00,yes,Synthetic demo order
#1079,customer1205@example.com,Paid,"Feb 09, 2024",2024-02-14,101.55,3,Sample item 02,Customer 1205,555-0105,Standard,5.00,0.00,0.00,no,Synthetic demo order
#1078,customer0820@example.com,paid,2024-02-09 03:01:41 UTC,2024-02-13,51.86,1,Sample item 06,Customer 0820,555-0120,Pickup,5.00,0.00,0.00,no,Synthetic demo order
#1077,customer0987@example.com,Paid,2024-02-09 01:42:35 +0000,2024-02-11,$18.90,2,Sample item 02,Customer 0987,555-0187,Pickup,5.00,0.00,0.00,no,Synthetic demo order
#1076,customer0634@example.com,Paid,2024-02-08 23:03:43 +0000,2024-02-09,$45.79,2,Sample item 06,Customer 0634,555-0134,Standard,5.00,0.00,0.00,yes,Synthetic demo order
#1075,customer0642@example.com,Paid,2024-02-08 22:18:53 +0000,2024-02-12,23.45,3,Sample item 02,Customer 0642,555-0142,Standard,5.00,0.00,0.00,no,Synthetic demo order
#1074,customer1441@example.com,paid,2024-02-08 08:31:26 +0000,2024-02-12,$18.39,3,Sample item 06,Customer 1441,555-0141,Standard,5.00,0.00,0.00,yes,Synthetic demo order
#1073,customer0286@example.com,paid,2024-02-08 03:08:39 UTC,2024-02-12,$26.55,2,Sample item 01,Customer 0286,555-0186,Standard,5.00,0.00,0.00,yes,Synthetic demo order
#1072,customer0758@example.com,paid,02/08/2024 01:56,2024-02-09,$34.98,1,Sample item 01,Customer 0758,555-0158,Express,5.00,0.00,0.00,no,Synthetic demo order
#1071,customer0762@example.com,paid,02/07/2024 13:49,2024-02-08,$76.09,2,Sample item 07,Customer 0762,555-0162,Express,5.00,0.00,0.00,no,Synthetic demo order
#1070,customer1389@example.com,refunded,2024-02-05 14:20:54 +0000,2024-02-07,50.85,2,Sample item 02,Customer 1389,555-0189,Express,5.00,0.00,0.00,yes,Synthetic demo order
#1069,customer0175@example.com,Paid,2024-02-05 13:22:04 +0000,2024-02-09,"34,37",1,Sample item 08,Customer 0175,555-0175,Standard,5.00,0.00,0.00,no,Synthetic demo order
#1068,customer0902@example.com,paid,2024-02-05T12:13:21Z,2024-02-06,27.35,1,Sample item 10,Customer 0902,555-0102,Pickup,5.00,0.00,0.00,yes,Synthetic demo order
#1067,,refunded,2024-02-05 09:56:57 +0000,2024-02-09,USD 11.07,1,Sample item 02,Customer 0554,555-0154,Express,0.00,0.00,0.00,yes,Synthetic demo order
#1067,,refunded,2024-02-05 09:56:57 +0000,2024-02-09,$30.87,2,Sample item 11,Customer 0554,555-0154,Standard,5.00,0.00,0.00,no,Synthetic demo order
#1066,Customer0027@example.com,paid,2024-02-04 17:56:04 +0000,2024-02-05,"24,88",1,Sample item 11,Customer 0027,555-0127,Pickup,5.00,0.00,0.00,no,Synthetic demo order
#1065,Customer0589@example.com,Paid,2024-02-04 06:26:06 +0000,2024-02-08,36.96,2,Sample item 07,Customer 0589,555-0189,Pickup,5.00,0.00,0.00,no,Synthetic demo order
#1064,customer1260@example.com,paid,02/04/2024 05:25,2024-02-06,USD 37.15,1,Sample item 06,Customer 1260,555-0160,Pickup,5.00,0.00,0.00,no,Synthetic demo order
#1063,customer1100@example.com,paid,02/04/2024 02:13,2024-02-05,55.90,1,Sample item 11,Customer 1100,555-0100,Express,5.00,0.00,0.00,no,Synthetic demo order
#1062,customer0280@example.com,paid,2024-02-04 02:05:14 -0500,2024-02-07,12.22,3,Sample item 07,Customer 0280,555-0180,Express,0.00,0.00,0.00,no,Synthetic demo order
#1062,customer0280@example.com,Paid,2024-02-04 02:05:14 -0500,2024-02-07,20.82,2,Sample item 03,Customer 0280,555-0180,Express,5.00,0.00,0.00,no,Synthetic demo order
#1061,customer0450@example.com,Paid,2024-02-03 11:23:04 +0000,2024-02-05,$60.65,3,Sample item 02,Customer 0450,555-0150,Pickup,5.00,0.00,0.00,yes,Synthetic demo order
#1060,customer0725@example.com,Paid,"Feb 02, 2024",2024-02-06,$51.47,3,Sample item 11,Customer 0725,555-0125,Pickup,5.00,0.00,0.00,yes,Synthetic demo order
#1059,Guest,paid,02 Feb 2024,2024-02-07,USD 24.13,1,Sample item 08,Customer 0124,555-0124,Pickup,5.00,0.00,0.00,yes,Synthetic demo order
#1058,customer0619@example.com,Paid,2024-02-02 02:04:51 +0000,2024-02-07,"30,26",1,Sample item 05,Customer 0619,555-0119,Standard,5.00,0.00,0.00,yes,Synthetic demo order
#1057,customer1363@example.com,paid,2024-02-01 23:13:20 +0000,2024-02-02,"21,90",1,Sample item 10,Customer 1363,555-0163,Standard,5.00,0.00,0.00,yes,Synthetic demo order
#1056,customer1385@example.com,paid,2024-02-01 17:18:17 +0000,2024-02-03,$29.95,2,Sample item 09,Customer 1385,555-0185,Standard,5.00,0.00,0.00,yes,Synthetic demo order
#1055,Customer0434@example.com,paid,2024-02-01T05:38:58Z,2024-02-02,79.25,1,Sample item 01,Customer 0434,555-0134,Express,0.00,0.00,0.00,yes,Synthetic demo order
#1055,Customer0434@example.com,paid,2024-02-01T05:38:58Z,2024-02-02,USD 0.80,3,Sample item 01,Customer 0434,555-0134,Pickup,5.00,0.00,0.00,no,Synthetic demo order
#1054,customer1018@example.com,paid,2024-02-01 04:29:24 UTC,2024-02-05,31.51,1,Sample item 06,Customer 1018,555-0118,Standard,5.00,0.00,0.00,yes,Synthetic demo order
#1053,customer0422@example.com,REFUNDED,2024-02-01 00:29:44 +0000,2024-02-04,36.59,1,Sample item 08,Customer 0422,555-0122,Pickup,5.00,0.00,0.00,yes,Synthetic demo order
#1052,customer1314@example.com,paid,2024-01-31 18:02:49 +0000,2024-02-02,$17.18,3,Sample item 08,Customer 1314,555-0114,Pickup,0.00,0.00,0.00,no,Synthetic demo order
#1052,customer1314@example.com,paid,2024-01-31 18:02:49 +0000,2024-02-02,USD 3.20,1,Sample item 05,Customer 1314,555-0114,Standard,5.00,0.00,0.00,yes,Synthetic demo order
#1051,Customer0163@example.com,paid,2024-01-30 07:32:39 UTC,2024-02-04,15.12,2,Sample item 10,Customer 0163,555-0163,Standard,0.00,0.00,0.00,no,Synthetic demo order
#1051,Customer0163@example.com,paid,2024-01-30 07:32:39 UTC,2024-02-04,23.35,1,Sample item 04,Customer 0163,555-0163,Standard,5.00,0.00,0.00,yes,Synthetic demo order
#1050,customer0632@example.com,paid,01/30/2024 00:53,2024-02-02,40.43,2,Sample item 08,Customer 0632,555-0132,Express,5.00,0.00,0.00,no,Synthetic demo order
#1049,customer0421@example.com,paid,"Jan 29, 2024",2024-01-30,$59.20,1,Sample item 07,Customer 0421,555-0121,Standard,5.00,0.00,0.00,yes,Synthetic demo order
#1048,customer0722@example.com,paid,2024-01-29 18:01:09 -0800,2024-02-03,24.59,3,Sample item 04,Customer 0722,555-0122,Standard,5.00,0.00,0.00,no,Synthetic demo order
#1047,customer0484@example.com,paid,"Jan 29, 2024",2024-01-31,41.89,1,Sample item 10,Customer 0484,555-0184,Standard,5.00,0.00,0.00,yes,Synthetic demo order
#1046,customer1381@example.com,paid,2024-01-29 02:45:52 +0000,2024-02-01,$45.61,3,Sample item 04,Customer 1381,555-0181,Express,5.00,0.00,0.00,yes,Synthetic demo order
#1045,customer1432@example.com,paid,"Jan 28, 2024",2024-02-02,USD 31.10,1,Sample item 07,Customer 1432,555-0132,Standard,5.00,0.00,0.00,no,Synthetic demo order
#1044,customer1160@example.com,paid,2024-01-28 09:40:37 +0000,2024-01-29,$44.50,3,Sample item 02,Customer 1160,555-0160,Standard,5.00,0.00,0.00,no,Synthetic demo order
#1043,customer0767@example.com,paid,2024-01-25 17:58:48 +0000,2024-01-27,$68.43,1,Sample item 03,Customer 0767,555-0167,Standard,5.00,0.00,0.00,no,Synthetic demo order
#1042,customer0068@example.com,paid,01/25/2024 03:34,2024-01-30,50.25,2,Sample item 05,Customer 0068,555-0168,Standard,5.00,0.00,0.00,yes,Synthetic demo order
#1041,Customer0971@example.com,voided,"Jan 24, 2024",2024-01-28,35.79,3,Sample item 08,Customer 0971,555-0171,Standard,0.00,0.00,0.00,yes,Synthetic demo order
#1041,Customer0971@example.com,Voided,"Jan 24, 2024",2024-01-28,USD 12.05,1,Sample item 05,Customer 0971,555-0171,Pickup,5.00,0.00,0.00,yes,Synthetic demo order
#1040,,paid,2024-01-24 21:24:10 +0000,2024-01-28,29.44,2,Sample item 04,Customer 0794,555-0194,Express,5.00,0.00,0.00,no,Synthetic demo order
#1039,customer0649@example.com,paid,2024-01-24 17:42:01 -0500,2024-01-27,44.68,2,Sample item 05,Customer 0649,555-0149,Standard,5.00,0.00,0.00,yes,Synthetic demo order
#1038,customer0414@example.com,refunded,2024-01-23 14:20:13 UTC,2024-01-25,12.32,1,Sample item 01,Customer 0414,555-0114,Express,5.00,0.00,0.00,yes,Synthetic demo order
#1037,customer1204@example.com,paid,2024-01-22 07:07:12 +0000,2024-01-23,$42.83,3,Sample item 03,Customer 1204,555-0104,Pickup,5.00,0.00,0.00,yes,Synthetic demo order
#1036,customer1317@example.com,paid,01/21/2024 09:56,2024-01-22,$28.67,3,Sample item 03,Customer 1317,555-0117,Standard,5.00,0.00,0.00,yes,Synthetic demo order
#1035,customer0589@example.com,paid,2024-01-20 21:50:06 UTC,2024-01-21,67.02,3,Sample item 05,Customer 0589,555-0189,Express,5.00,0.00,0.00,yes,Synthetic demo order
#1034,customer0226@example.com,paid,20 Jan 2024,2024-01-22,$39.51,3,Sample item 05,Customer 0226,555-0126,Express,5.00,0.00,0.00,no,Synthetic demo order
#1033,Customer1355@example.com,paid,2024-01-19 19:46:26 UTC,2024-01-20,40.07,2,Sample item 10,Customer 1355,555-0155,Standard,5.00,0.00,0.00,no,Synthetic demo order
#1032,customer1068@example.com,paid,2024-01-19 17:42:44 +0000,2024-01-20,"56,97",3,Sample item 08,Customer 1068,555-0168,Standard,0.00,0.00,0.00,no,Synthetic demo order
#1032,customer1068@example.com,paid,2024-01-19 17:42:44 +0000,2024-01-20,$49.02,1,Sample item 05,Customer 1068,555-0168,Pickup,5.00,0.00,0.00,no,Synthetic demo order
#1031,customer0871@example.com,cancelled,2024-01-19 02:28:01 +0000,2024-01-21,49.39,2,Sample item 08,Customer 0871,555-0171,Pickup,5.00,0.00,0.00,yes,Synthetic demo order
#1030,customer0135@example.com,PAID,2024-01-19T00:22:45Z,2024-01-21,54.05,1,Sample item 09,Customer 0135,555-0135,Express,5.00,0.00,0.00,no,Synthetic demo order
#1029,customer0084@example.com,REFUNDED,2024-01-18 08:09:03 +0000,2024-01-19,57.32,2,Sample item 09,Customer 0084,555-0184,Express,5.00,0.00,0.00,yes,Synthetic demo order
#1028,customer0149@example.com,paid,18 Jan 2024,2024-01-23,37.02,2,Sample item 01,Customer 0149,555-0149,Express,0.00,0.00,0.00,no,Synthetic demo order
#1028,customer0149@example.com,Paid,18 Jan 2024,2024-01-23,10.88,1,Sample item 10,Customer 0149,555-0149,Pickup,5.00,0.00,0.00,yes,Synthetic demo order
#1027,customer0269@example.com,Paid,2024-01-17 23:35:30 +0000,2024-01-19,47.88,1,Sample item 09,Customer 0269,555-0169,Express,5.00,0.00,0.00,no,Synthetic demo order
#1026,Customer0796@example.com,paid,01/16/2024 16:29,2024-01-19,50.34,3,Sample item 02,Customer 0796,555-0196,Express,5.00,0.00,0.00,no,Synthetic demo order
#1025,customer1044@example.com,paid,2024-01-16 09:55:10 +0000,2024-01-21,$92.46,2,Sample item 10,Customer 1044,555-0144,Pickup,5.00,0.00,0.00,yes,Synthetic demo order
#1024,customer0825@example.com,paid,2024-01-15 21:41:37 -0500,2024-01-18,32.39,1,Sample item 07,Customer 0825,555-0125,Pickup,5.00,0.00,0.00,yes,Synthetic demo order
#1023,Customer0238@example.com,paid,01/15/2024 21:11,2024-01-17,101.22,2,Sample item 07,Customer 0238,555-0138,Express,0.00,0.00,0.00,yes,Synthetic demo order
#1023,Customer0238@example.com,paid,01/15/2024 21:11,2024-01-17,4.07,1,Sample item 01,Customer 0238,555-0138,Express,5.00,0.00,0.00,no,Synthetic demo order
#1022,customer0811@example.com,paid,2024-01-14T10:40:21Z,2024-01-15,80.52,3,Sample item 07,Customer 0811,555-0111,Express,5.00,0.00,0.00,no,Synthetic demo order
#1021,customer0682@example.com,paid,01/14/2024 05:10,2024-01-16,38.82,3,Sample item 11,Customer 0682,555-0182,Standard,5.00,0.00,0.00,no,Synthetic demo order
#1020,customer0518@example.com,paid,"Jan 12, 2024",2024-01-16,42.34,2,Sample item 07,Customer 0518,555-0118,Express,5.00,0.00,0.00,yes,Synthetic demo order
#1019,customer0204@example.com,partially_refunded,2024-01-12T07:11:09Z,2024-01-15,$40.94,1,Sample item 11,Customer 0204,555-0104,Pickup,5.00,0.00,0.00,no,Synthetic demo order
#1018,Customer0840@example.com,paid,2024-01-10 20:54:35 +0000,2024-01-11,29.49,2,Sample item 08,Customer 0840,555-0140,Pickup,5.00,0.00,0.00,no,Synthetic demo order
#1017,Customer0394@example.com,refunded,2024-01-10T08:05:12Z,2024-01-14,34.38,2,Sample item 02,Customer 0394,555-0194,Pickup,5.00,0.00,0.00,yes,Synthetic demo order
#1016,customer0534@example.com,paid,2024-01-09 02:06:16 +0000,2024-01-13,26.12,3,Sample item 07,Customer 0534,555-0134,Standard,5.00,0.00,0.00,no,Synthetic demo order
#1015,customer0765@example.com,paid,2024-01-08 09:47:59 +0000,2024-01-13,37.93,2,Sample item 07,Customer 0765,555-0165,Standard,5.00,0.00,0.00,yes,Synthetic demo order
#1014,Customer0594@example.com,paid,01/06/2024 05:58,2024-01-09,16.93,2,Sample item 03,Customer 0594,555-0194,Pickup,5.00,0.00,0.00,yes,Synthetic demo order
#1013,customer0051@example.com,Paid,2024-01-06T04:12:15Z,2024-01-10,$46.97,1,Sample item 05,Customer 0051,555-0151,Express,5.00,0.00,0.00,yes,Synthetic demo order
#1012,Customer1100@example.com,paid,2024-01-06 02:12:17 +0000,2024-01-08,16.77,2,Sample item 02,Customer 1100,555-0100,Pickup,0.00,0.00,0.00,yes,Synthetic demo order
#1012,Customer1100@example.com,paid,2024-01-06 02:12:17 +0000,2024-01-08,41.38,3,Sample item 03,Customer 1100,555-0100,Express,0.00,0.00,0.00,no,Synthetic demo order
#1012,Customer1100@example.com,Paid,2024-01-06 02:12:17 +0000,2024-01-08,0.90,1,Sample item 01,Customer 1100,555-0100,Express,5.00,0.00,0.00,yes,Synthetic demo order
#1011,customer0422@example.com,paid,05 Jan 2024,2024-01-06,$31.05,1,Sample item 08,Customer 0422,555-0122,Standard,5.00,0.00,0.00,yes,Synthetic demo order
#1010,customer1322@example.com,Paid,2024-01-05 11:06:08 +0000,2024-01-10,"28,98",2,Sample item 07,Customer 1322,555-0122,Standard,5.00,0.00,0.00,yes,Synthetic demo order
#1009,customer0646@example.com,paid,04 Jan 2024,2024-01-09,29.98,3,Sample item 03,Customer 0646,555-0146,Express,5.00,0.00,0.00,no,Synthetic demo order
#1008,customer0774@example.com,partially_refunded,2024-01-04 10:19:19 +0000,2024-01-09,38.66,1,Sample item 04,Customer 0774,555-0174,Pickup,5.00,0.00,0.00,yes,Synthetic demo order
#1007,customer0810@example.com,paid,2024-01-04 05:29:35 UTC,2024-01-09,$52.95,1,Sample item 02,Customer 0810,555-0110,Standard,5.00,0.00,0.00,no,Synthetic demo order
#1006,customer1313@example.com,paid,2024-01-04T02:20:57Z,2024-01-07,$52.34,1,Sample item 06,Customer 1313,555-0113,Pickup,5.00,0.00,0.00,yes,Synthetic demo order
#1005,customer0997@example.com,paid,01/02/2024 20:17,2024-01-03,6.16,2,Sample item 02,Customer 0997,555-0197,Pickup,0.00,0.00,0.00,no,Synthetic demo order
#1005,customer0997@example.com,paid,01/02/2024 20:17,2024-01-03,13.73,1,Sample item 02,Customer 0997,555-0197,Pickup,5.00,0.00,0.00,yes,Synthetic demo order
#1004,customer0740@example.com,paid,2024-01-02T05:23:47Z,2024-01-03,USD 28.48,2,Sample item 02,Customer 0740,555-0140,Standard,5.00,0.00,0.00,no,Synthetic demo order
#1003,customer0743@example.com,paid,2024-01-01T10:33:19Z,2024-01-06,17.23,3,Sample item 09,Customer 0743,555-0143,Express,5.00,0.00,0.00,no,Synthetic demo order
#1002,customer1157@example.com,paid,2024-01-01 07:14:01 +0000,2024-01-04,$25.87,2,Sample item 02,Customer 1157,555-0157,Express,5.00,0.00,0.00,yes,Synthetic demo order
#1001,customer1220@example.com,paid,2024-01-01T02:40:56Z,2024-01-02,$46.71,3,Sample item 01,Customer 1220,555-0120,Pickup,5.00,0.00,0.00,yes,Synthetic demo order
